length,word,dimension,dimensionZDense,basis
3,aaa,2,2,[x + 1]
4,aaaa,2,2,[x]
5,aaaaa,2,2,[x^2 + x - 1]
6,aaaaaa,2,2,[x^2 - 1]
6,aabaaB,2,2,[x]
6,aabAAB,2,2,[x]
6,ababab,2,2,[z + 1]
6,aBaBaB,2,2,[x*y - z + 1]
7,aaaaaaa,2,2,[x^3 + x^2 - 2*x - 1]
8,aaaaaaaa,2,2,[x^3 - 2*x]
8,aaabaaaB,2,2,[x^2 - 1]
8,aaabAAAB,2,2,[x^2 - 1]
8,aababbab,2,2,[z]
8,aabbaaBB,2,2,"[x^5 - 4*x^3*z^2 + 4*x*z^4, x^4*y - 4*x^3*z - 4*x*y^2*z + 4*x*z^3 + 2*x^2*y + 4*x*z, x^3*y^2 - 4*x^2*y*z + 4*x*z^2, x^2*y^3 - 2*x*y^2*z - 2*x^2*y + 4*x*z, x*y^4 - 4*x*y^2 + 4*x, x^3*y*z - x^4 - x^2*y^2 - 2*x*y*z + 4*x^2, x^2*y^2*z - x^3*y - 2*x*y*z^2 + 2*x^2*z, x*y^3*z - x^2*y^2 - 2*x*y*z + 2*x^2, x^2*y*z^2 - x^3*z - 2*x*y^2*z + x^2*y + 2*x*z, x*y^2*z^2 - 2*x^2*y*z + x^3, x*y*z^3 - 1/2*x^2*y^2 - x^2*z^2 - x*y*z + 2*x^2]"
8,aabbAABB,2,2,[x*y]
8,aaBaBBaB,2,2,[x*y - z]
8,abababab,2,2,[z]
8,ababABAB,2,2,[z^2]
8,abAbABaB,2,2,[x*y - z]
8,aBaBaBaB,2,2,[x*y - z]
9,aaaaaaaaa,2,2,[x^4 + x^3 - 3*x^2 - 2*x + 1]
9,aabaabaab,2,2,"[x*z^3 - y*z^2 - 1/2*x*z + z^2 + 1/2*y - 1/2, x^2*z + 2*x*z^2 - x*y - 2*y*z + x + 2*z, x*y*z - y^2 + y]"
9,aaBaaBaaB,2,2,"[x^2*y*z^2 - x*z^3 - 1/2*x^2*y - y*z^2 + 1/2*x*z + z^2 + 1/2*y - 1/2, x^3*y - 2*x^2*y*z - x^2*z + 2*x*z^2 - x*y + 2*y*z + x - 2*z, x^2*y^2 - x*y*z - y^2 + y]"
10,aaaaaaaaaa,2,2,[x^4 - 3*x^2 + 1]
10,aaaaaabaaB,2,2,[x]
10,aaaaaabAAB,2,2,[x]
10,aaaaaaBaab,2,2,[x]
10,aaaaaaBAAb,2,2,[x]
10,aaaabaaaaB,2,2,[x^3 - 2*x]
10,aaaabAAAAB,2,2,[x^3 - 2*x]
10,aaababAbab,2,2,"[x^2*z - 2*z, x*y*z - z^2, y^2*z - 1/2*z^3, x*z^2 - 2*y*z]"
10,aaabbaaaBB,2,2,"[x^3*y*z^3 - x^4*z^2 - 7/2*x^3*y*z - x*y*z^3 + 5/2*x^4 + x^2*y^2 + 3*x^2*z^2 + 7/2*x*y*z - 9/2*x^2 - y^2 - 2*z^2 + 2, x^2*y*z^4 - x^3*z^3 - 1/2*x^4*y + 1/2*x^2*y^3 - 5/2*x^2*y*z^2 - y*z^4 + 7/2*x^3*z + x*z^3 - 1/2*x^2*y - 1/2*y^3 + 5/2*y*z^2 - 7/2*x*z + y, x^6 - 4*x^4*z^2 + 4*x^2*z^4 - x^4 + 4*x^2*z^2 - 4*z^4, x^5*y - 2*x^3*y*z^2 - 2*x^4*z + 4*x^2*z^3 - x^3*y + 2*x*y*z^2 + 2*x^2*z - 4*z^3, x^4*y^2 - 4*x^3*y*z - x^2*y^2 + 4*x^2*z^2 + 4*x*y*z - 4*z^2, x^3*y^3 - 2*x^2*y^2*z - 2*x^3*y - x*y^3 + 4*x^2*z + 2*y^2*z + 2*x*y - 4*z, x^2*y^4 - 4*x^2*y^2 - y^4 + 4*x^2 + 4*y^2 - 4, x^4*y*z - 2*x^2*y*z^3 - x^5 + 2*x^3*z^2 - x^2*y*z + 2*y*z^3 + x^3 - 2*x*z^2, x^3*y^2*z - x^4*y - 2*x^2*y*z^2 + 2*x^3*z - x*y^2*z + x^2*y + 2*y*z^2 - 2*x*z, x^2*y^3*z - x^3*y^2 - 2*x^2*y*z - y^3*z + 2*x^3 + x*y^2 + 2*y*z - 2*x, x^2*y^2*z^2 - 2*x^3*y*z + x^4 - y^2*z^2 + 2*x*y*z - x^2]"
10,aaabbAAAbb,2,2,"[x^4*y - 6*x^2*y + 9*y, x^3*y^2 - 2*x^2*y*z - 3*x*y^2 + 6*y*z, x^2*y^3 - 4*x*y^2*z + 4*y*z^2, x*y^4 - x^2*y*z - 11/4*y^3*z + y*z^3 - 1/2*x*y^2 + 4*y*z, y^5 - 8/3*y^3*z^2 + 16/9*y*z^4, x^3*y*z - 3/2*x^2*y^2 - 3*x*y*z + 9/2*y^2, x^2*y^2*z - 3/2*x*y^3 - 2*x*y*z^2 + 3*y^2*z, x*y^3*z - x^2*y^2 - 9/16*y^4 - 5/4*y^2*z^2 + 1/2*x*y*z + 9/4*y^2, x^2*y*z^2 - 3*x*y^2*z + 9/4*y^3, x*y^2*z^2 - 3/4*x^2*y*z - 9/16*y^3*z - 5/4*y*z^3 - 3/8*x*y^2 + 3*y*z, x*y*z^3 - 3/4*x^2*y^2 + 45/64*y^4 - 39/16*y^2*z^2 + 3/8*x*y*z + 27/16*y^2]"
10,aaabbAAABB,2,2,"[x^4*y - 2*x^2*y + y, x^2*y^2 - y^2]"
10,aaaBaBABaB,2,2,"[x^3*y - x^2*z - 2*x*y + 2*z, x*y*z - z^2]"
10,aababaaBAB,2,2,"[x^5 - 4*x^3*y^2 + 4*x*y^4, x*y^3*z + 1/3*x^4 - 5/3*x^2*y^2 - 1/3*x^2*z^2 + 2/3*x^2, x*y^2*z^2 + 1/3*x^3 - 8/3*x*y^2 - 4/3*x*z^2 + 8/3*x, x^2*z^3 - 2*x*y*z^2 - 2*x^2*z + 4*x*y, x*y*z^3 - x^2*z^2 - 2*x*y*z + 2*x^2, x*z^4 - 4*x*z^2 + 4*x, x^3*z + x*y^2*z - x*z^3 - 3*x^2*y + 2*x*z, x^2*y*z - 1/3*x^3 - 4/3*x*y^2 - 2/3*x*z^2 + 4/3*x]"
10,aababAABAB,2,2,[x*z]
10,aabaBaabAB,2,2,"[x^2*z^4 + x*y^3*z + x*y*z^3 - 3*x^2*z^2 - 2*x*y*z + 2*x^2, x*y^4 + 2*x*y^2*z^2 + x*z^4 - 4*x*y^2 - 4*x*z^2 + 4*x, x^2*y*z^2 - x*y^2*z - x*z^3 - x^2*y + 2*x*z, x^2*y^2 + x^2*z^2 - 2*x^2, x^3]"
10,aabaBAAbAB,2,2,[x]
10,aabaBAABAb,2,2,[x*z - y]
10,aabAbaaBaB,2,2,"[x^3*y^2*z^2 - 9*x^3*y^2 + 4*x*y^4 - 2*x^3*z^2 - x*z^4 + 3*x^2*y*z + 9*x^3 + 4*x*y^2 + 6*x*z^2 - 8*x, x^4*y^2 - 2*x^2*y^2*z^2 + x^3*y*z + 2*x*y*z^3 - x^4 - 4*x*y*z, x*y^5 - 1/2*x^3*y*z^2 + 3/4*x^4*z - x^2*y^2*z + 1/2*x^2*z^3 - x*y^3 - x^2*z, x^4*y*z - 5*x^3*y^2 + 4*x*y^4 - x^3*z^2 - x^2*y*z + 5*x^3 + 2*x*z^2 - 4*x, x^2*y*z^3 - 3/2*x^3*y^2 - x^3*z^2 - x*z^4 + 1/2*x^2*y*z + 3/2*x^3 + 2*x*y^2 + 3*x*z^2 - 2*x, x^5 - 4*x^3*y^2 + 4*x*y^4, x^2*y^3 - x^2*y*z^2 + x^3*z - x*y^2*z + x*z^3 - x^2*y - 2*x*z]"
10,aabAbAABaB,2,2,"[x^4*y - x^3*z - x^2*y + x*z, x^3*y^2 - 2*x^2*y*z + x*z^2, x^2*y^3 - x^2*y*z^2 - x*y^2*z + x*z^3, x^3*y*z - x^2*y^2 - x^2*z^2 + x*y*z]"
10,aaBabaaBAb,2,2,"[x^2*z^4 + x*y^3*z + x*y*z^3 - x^2*z^2 - 2*x*y*z - 2*x^2, x*y^4 + 2*x*y^2*z^2 + x*z^4 - 4*x*y^2 - 4*x*z^2 + 4*x, x^2*y*z^2 - x*y^2*z - x*z^3 + x^2*y + 2*x*z, x^2*y^2 + x^2*z^2 - 2*x^2, x^3]"
10,aaBabAAbAB,2,2,[x^2*y - x*z - y]
10,aaBabAABAb,2,2,[x]
10,ababababab,2,2,[z^2 + z - 1]
10,aBaBaBaBaB,2,2,[x^2*y^2 - 2*x*y*z + x*y + z^2 - z - 1]
11,aaaaaaaaaaa,2,2,[x^5 + x^4 - 4*x^3 - 3*x^2 + 3*x + 1]
11,aaaaaabaaaB,2,2,"[x*z^2 + z^2 + 1/2*x + 1/2, x^2 + 2*x + 1, x*y + 2*x*z + y + 2*z]"
11,aaaaaabAAAB,2,2,"[x*z^2 + z^2 - 3/2*x - 3/2, x^2 + 2*x + 1, x*y + 2*x*z + y + 2*z]"
11,aaaaaaBaaab,2,2,"[x*z^2 + z^2 + 1/2*x + 1/2, x^2 + 2*x + 1, x*y + 2*x*z + y + 2*z]"
11,aaaaaaBAAAb,2,2,"[x*z^2 + z^2 - 3/2*x - 3/2, x^2 + 2*x + 1, x*y + 2*x*z + y + 2*z]"
12,aaaaaaaaaaaa,2,2,[x^5 - 4*x^3 + 3*x]
12,aaaaaabbaaBB,2,2,"[x^3 - 2*x, x*y]"
12,aaaaaabbAABB,2,2,"[x^2*y*z - x*z^2 - x, x^2*z^2 - 2*x*y*z + x^2, x*y*z^2 - 2*x^2*z + x*y, x*z^3 + x^2*y - 3*x*z, x^3 - 2*x, x*y^2 - 2*x]"
12,aaaaaaBBaabb,2,2,"[x^3 - 2*x, x*y]"
12,aaaaaaBBAAbb,2,2,"[x^2*y*z - x*z^2 - x, x^2*z^2 - 2*x*y*z + x^2, x*y*z^2 - 2*x^2*z + x*y, x*z^3 + x^2*y - 3*x*z, x^3 - 2*x, x*y^2 - 2*x]"
12,aaaaabaaaaaB,2,2,[x^4 - 3*x^2 + 1]
12,aaaaabAAAAAB,2,2,[x^4 - 3*x^2 + 1]
12,aaaabaabaaBB,2,2,[x]
12,aaaabaabbaab,2,2,"[x^3*z - x^2*y - 2*x*z + 2*y, x*y*z - y^2]"
12,aaaabaabAABB,2,2,[x]
12,aaaabaaBBaab,2,2,"[x^3 - 2*x, x*y]"
12,aaaabaaBBAAb,2,2,"[x*z^3 + 1/2*x^2*y - 2*x*z, x^3 + 2*x*z^2 - 4*x, x*y^2 - 2*x, x^2*z - x*y]"
12,aaaababaaBaB,2,2,"[x*y^2 + x, x*z^2 - x, x^2]"
12,aaaababAAbab,2,2,"[x^2*z - 3*z, x*y*z - 3/2*z^2, y^2*z - 3/4*z^3, x*z^2 - 2*y*z]"
12,aaaababAABaB,2,2,"[x*y^2 - 3*x, x*z^2 - 3*x, x^2]"
12,aaaabaBaabaB,2,2,[x]
12,aaaabaBAAbaB,2,2,"[x*y^4 - x*y^2*z^2 + x*z^4, x^2*z^3 + x*y^3 - 2*x*y*z^2, x^2*y^2 + x^2*z^2 - 3*x*y*z, x^2*y*z - x*y^2 - x*z^2, x^3 - 3*x]"
12,aaaabbaaaaBB,2,2,"[x^4*y*z^4 - x^5*z^3 - 4*x^4*y*z^2 - 2*x^2*y*z^4 + 3*x^5*z + 2*x^3*y^2*z + 4*x^3*z^3 - 1/2*x^4*y + 8*x^2*y*z^2 - 9*x^3*z - 4*x*y^2*z - 4*x*z^3 + x^2*y + 6*x*z, x^3*y*z^5 - x^4*z^4 - 4*x^3*y*z^3 - 2*x*y*z^5 - 1/2*x^6 + 3/4*x^4*y^2 + 5*x^4*z^2 + 2*x^2*z^4 + 1/2*x^3*y*z + 8*x*y*z^3 - x^4 - 3/2*x^2*y^2 - 10*x^2*z^2 - x*y*z + 4*x^2, x^7 - 4*x^5*z^2 + 4*x^3*z^4 - 2*x^5 + 8*x^3*z^2 - 8*x*z^4, x^6*y - 2*x^4*y*z^2 - 2*x^5*z + 4*x^3*z^3 - 2*x^4*y + 4*x^2*y*z^2 + 4*x^3*z - 8*x*z^3, x^5*y^2 - 4*x^4*y*z - 2*x^3*y^2 + 4*x^3*z^2 + 8*x^2*y*z - 8*x*z^2, x^4*y^3 - 2*x^3*y^2*z - 2*x^4*y - 2*x^2*y^3 + 4*x^3*z + 4*x*y^2*z + 4*x^2*y - 8*x*z, x^3*y^4 - 4*x^3*y^2 - 2*x*y^4 + 4*x^3 + 8*x*y^2 - 8*x, x^5*y*z - 2*x^3*y*z^3 - x^6 + 2*x^4*z^2 - 2*x^3*y*z + 4*x*y*z^3 + 2*x^4 - 4*x^2*z^2, x^4*y^2*z - x^5*y - 2*x^3*y*z^2 + 2*x^4*z - 2*x^2*y^2*z + 2*x^3*y + 4*x*y*z^2 - 4*x^2*z, x^3*y^3*z - x^4*y^2 - 2*x^3*y*z - 2*x*y^3*z + 2*x^4 + 2*x^2*y^2 + 4*x*y*z - 4*x^2, x^3*y^2*z^2 - 2*x^4*y*z + x^5 - 2*x*y^2*z^2 + 4*x^2*y*z - 2*x^3]"
12,aaaabbaaBaaB,2,2,[x]
12,aaaabbaaBAAB,2,2,[x]
12,aaaabbAAAAbb,2,2,"[x^8*y - 8*x^6*y + 20*x^4*y - 16*x^2*y + 4*y, y^9 - 16*y^7*z^2 + 80*y^5*z^4 - 128*y^3*z^6 + 64*y*z^8, x^2*y*z^6 - 1/80*y^7 + 1/10*y^5*z^2 - 4*x^2*y*z^4 + 2/5*y^3*z^4 - 4*y*z^6 - 1/5*x*y^4*z + 17/5*x*y^2*z^3 + 3/10*y^5 - 4*y^3*z^2 + 58/5*y*z^4, x*y*z^7 + 1/80*y^8 - 9/40*y^6*z^2 + 27/20*y^4*z^4 - 3*y^2*z^6 - 3/4*x*y^3*z^3 - 2*x*y*z^5 + 19/200*y^6 - 14/25*x^2*y^2*z^2 - 63/50*y^4*z^2 + 313/50*y^2*z^4 + 18/25*x*y^3*z + 4/5*x*y*z^3 - 2/25*y^4 - 4/5*y^2*z^2, x*y^2*z^5 - 1/40*y^7 + 7/20*y^5*z^2 - 6/5*x^2*y*z^4 - 7/5*y^3*z^4 - 4/5*y*z^6 - 3/20*x*y^4*z + 6/5*x*y^2*z^3 + 1/10*y^5 - 11/10*y^3*z^2 + 16/5*y*z^4, x*y^4*z^2 - 2*x*y^2*z^4 - 1/10*y^5*z + 4/5*x^2*y*z^3 - 6/5*y^3*z^3 + 16/5*y*z^5 - 1/2*x*y^4 + 2/5*x*y^2*z^2 + 7/5*y^3*z - 4*y*z^3, x^3*y*z^3 - 1/2*x*y^3*z^3 - x*y*z^5 + 1/20*y^6 - 9/10*x^2*y^2*z^2 - 13/20*y^4*z^2 + 17/5*y^2*z^4 + 21/20*x*y^3*z - 3*x*y*z^3 - 1/5*y^4 + 1/2*y^2*z^2, x^2*y^2*z^3 - 1/2*x^3*y*z^2 - 5/4*x*y^3*z^2 - 3/2*x*y*z^4 - 1/4*x^2*y^2*z + 1/8*y^4*z + 3/2*y^2*z^3 + 3/8*x*y^3 + 5/2*x*y*z^2 - 5/4*y^2*z, x^4*y^2 - 8/3*x^2*y^2*z^2 - 2/3*x^3*y*z + 10/3*x*y^3*z + 4*x*y*z^3 - 10/3*x^2*y^2 - 1/3*y^4 - 4*y^2*z^2 + 4/3*x*y*z + 4/3*y^2, x*y^5 + 2*x^3*y*z^2 - 3*x*y^3*z^2 - 2*x*y*z^4 + x^2*y^2*z - 5/2*y^4*z + 10*y^2*z^3 - 3/2*x*y^3 - 10*x*y*z^2 + 5*y^2*z, x^4*y*z - x^2*y*z^3 + 1/2*x^3*y^2 + 3/4*x*y^4 - x*y^2*z^2 - 5*x^2*y*z - 2*y^3*z + 6*y*z^3 - 1/2*x*y^2 + 3*y*z, x^3*y^2*z + x*y^4*z - 2*x*y^2*z^3 - 1/10*y^5 - 6/5*x^2*y*z^2 - 6/5*y^3*z^2 + 16/5*y*z^4 - 18/5*x*y^2*z + 2/5*y^3 + 4*y*z^2, x^2*y^3 - 4*x*y^2*z + 4*y*z^2]"
12,aaaabbAAAABB,2,2,"[x^5*y - 4*x^3*y + 4*x*y, x^3*y^2 - 2*x*y^2]"
12,aaaabbAABaaB,2,2,[x]
12,aaaabbAABAAB,2,2,"[x*y^2 + x, x^2]"
12,aaaabAbaaBAB,2,2,"[x*y^2 + x, x*z^2 - 3*x, x^2]"
12,aaaabAbAABAB,2,2,[x]
12,aaaabAAbaaBB,2,2,[x]
12,aaaabAAbAABB,2,2,"[x*y^2 + x, x^2]"
12,aaaabAABBaab,2,2,"[x*z^3 + 1/2*x^2*y - 2*x*z, x^3 + 2*x*z^2 - 4*x, x*y^2 - 2*x, x^2*z - x*y]"
12,aaaabAABBAAb,2,2,"[x^3 - 2*x, x*y]"
12,aaaabABaabAB,2,2,[x]
12,aaaabABAAbAB,2,2,[x]
12,aaaaBaabbaaB,2,2,"[x^3 - 2*x, x*y]"
12,aaaaBaabbAAB,2,2,"[x^2*y*z - 4/3*x*z^2 - 2/3*x, x^2*z^2 - 3*x*y*z + 2*x^2, x*y*z^2 - 3/2*x^2*z + 1/2*x*y, x*z^3 + 3/2*x^2*y - 4*x*z, x^3 - 2/3*x*z^2 - 4/3*x, x*y^2 - 2*x]"
12,aaaaBaaBaabb,2,2,[x]
12,aaaaBaaBAAbb,2,2,[x]
12,aaaaBaaBBaaB,2,2,"[x^4*y - x^3*z - 3*x^2*y + 2*x*z + 2*y, x^2*y^2 - x*y*z - y^2]"
12,aaaaBabaaBab,2,2,[x]
12,aaaaBabAABab,2,2,"[x*y^4 - x*y^2*z^2 + x*z^4, x^2*z^3 + x*y^3 - 2*x*y*z^2, x^2*y^2 + x^2*z^2 - 3*x*y*z, x^2*y*z - x*y^2 - x*z^2, x^3 - 3*x]"
12,aaaaBaBaabab,2,2,"[x*y^2 + x, x*z^2 - x, x^2]"
12,aaaaBaBAAbab,2,2,"[x*y^2 - 3*x, x*z^2 - 3*x, x^2]"
12,aaaaBaBAABaB,2,2,"[x^3*y - x^2*z - 3*x*y + 3*z, x^2*y^2 - 4*x*y*z + 3*z^2, x*y^3 - 3*x*y*z^2 - y^2*z + 3*z^3, x^2*y*z - x*y^2 - x*z^2 + y*z]"
12,aaaaBAbaaBAb,2,2,[x]
12,aaaaBAbAABAb,2,2,[x]
12,aaaaBAAbbaaB,2,2,"[x^2*y*z - 4/3*x*z^2 - 2/3*x, x^2*z^2 - 3*x*y*z + 2*x^2, x*y*z^2 - 3/2*x^2*z + 1/2*x*y, x*z^3 + 3/2*x^2*y - 4*x*z, x^3 - 2/3*x*z^2 - 4/3*x, x*y^2 - 2*x]"
12,aaaaBAAbbAAB,2,2,"[x^3 - 2*x, x*y]"
12,aaaaBAABaabb,2,2,[x]
12,aaaaBAABAAbb,2,2,"[x*y^2 + x, x^2]"
12,aaaaBABaabAb,2,2,"[x*y^2 + x, x*z^2 - 3*x, x^2]"
12,aaaaBABAAbAb,2,2,[x]
12,aaaaBBaabaab,2,2,[x]
12,aaaaBBaabAAb,2,2,[x]
12,aaaaBBAAbaab,2,2,[x]
12,aaaaBBAAbAAb,2,2,"[x*y^2 + x, x^2]"
12,aaabaaabaaab,2,2,"[x^4*z - x^3*y - 4*x^2*z + x^2 + 3*x*y + 3*z - 3, x^2*y*z - x*y^2 - y*z + y, x^2*z^2 + 1/2*x^2*z - x*y*z - 1/2*x*y - z^2 + 1/2*z + 1/2]"
12,aaabaababaab,2,2,[x*z - y]
12,aaabaaBabaaB,2,2,"[x*y^2 + x*z^2, x^2]"
12,aaabaaBabAAB,2,2,[x]
12,aaabaaBaBaab,2,2,"[x*y^4 + 1/2*x*y^2*z^2 - 1/2*x*z^4, x^2*z^3 - 4/3*x*y^3 - 4/3*x*y*z^2, x^4 - 2*x^2, x^3*y - x^2*z, x^2*y^2 - 1/2*x^2*z^2, x^3*z - 2*x^2*y, x^2*y*z - 2/3*x*y^2 - 2/3*x*z^2]"
12,aaabaaBaBAAb,2,2,"[x^5 - 4*x^3 + 4*x, x*y^2 - x, x*z]"
12,aaababaaaBAB,2,2,"[x^6 - 4*x^4*y^2 + 4*x^2*y^4 - x^4 + 4*x^2*y^2 - 4*y^4, x^5*z - 8/3*x^4*y + 4/3*x^2*y^3 - 4/3*x^2*y*z^2 - 5/3*x^3*z + 20/3*x^2*y - 4/3*y^3 + 4/3*y*z^2 + 2/3*x*z - 4*y, x^4*y*z - 1/3*x^5 - 4/3*x^3*y^2 - x^3*z^2 - 1/3*x^2*y*z + 5/3*x^3 + 4/3*x*y^2 + x*z^2 - 2/3*y*z - 4/3*x, x^3*y^2*z - 1/3*x^4*y - 4/3*x^2*y^3 - 2/3*x^2*y*z^2 - 1/3*x^3*z - x*y^2*z + 7/3*x^2*y + 4/3*y^3 + 2/3*y*z^2 + 1/3*x*z - 2*y, x^2*y^3*z + 1/3*x^5 - 5/3*x^3*y^2 - 1/2*x^3*z^2 + 1/3*x^2*y*z - y^3*z + 1/3*x^3 + 5/3*x*y^2 + 1/2*x*z^2 - 1/3*y*z - 2/3*x, x^4*z^2 - 4*x^3*y*z + 4*x^2*y^2 - x^2*z^2 + 4*x*y*z - 4*y^2, x^3*y*z^2 - x^4*z - 2*x^2*y^2*z + 2*x^3*y - x*y*z^2 + x^2*z + 2*y^2*z - 2*x*y, x^2*y^2*z^2 - 2*x^3*y*z + x^4 - y^2*z^2 + 2*x*y*z - x^2, x^3*z^3 - 2*x^2*y*z^2 - 2*x^3*z - x*z^3 + 4*x^2*y + 2*y*z^2 + 2*x*z - 4*y, x^2*y*z^3 - x^3*z^2 - 2*x^2*y*z - y*z^3 + 2*x^3 + x*z^2 + 2*y*z - 2*x, x^2*z^4 - 4*x^2*z^2 - z^4 + 4*x^2 + 4*z^2 - 4]"
12,aaababAAABAB,2,2,[x^2*z - z]
12,aaabaBaaabAB,2,2,"[x^2*y^4 + 2*x^2*y^2*z^2 + x^2*z^4 - 4*x^2*y^2 - y^4 - 4*x^2*z^2 - 2*y^2*z^2 - z^4 + 4*x^2 + 4*y^2 + 4*z^2 - 4, x^3*z^3 + x^2*y^3 + x^2*y*z^2 - 3*x^3*z - x*z^3 - 2*x^2*y - y^3 - y*z^2 + 3*x*z + 2*y, x^3*y^2 + x^3*z^2 - 2*x^3 - x*y^2 - x*z^2 + 2*x, x^4 - x^2]"
12,aaabaBAAAbAB,2,2,[x^2 - 1]
12,aaabaBAAABAb,2,2,[x^2*z - x*y - z]
12,aaabbbaaaBBB,2,2,"[x^3*y*z^3 - 9/8*x^4*z^2 - 1/2*x^2*z^4 - 9/2*x^3*y*z - x*y*z^3 + 135/32*x^4 + 9/8*x^2*y^2 + 9/2*x^2*z^2 + 1/2*z^4 + 9/2*x*y*z - 243/32*x^2 - 9/8*y^2 - 27/8*z^2 + 27/8, x^2*y*z^4 + 9/32*x^5*z - 15/8*x^3*z^3 - 81/64*x^4*y + 9/16*x^2*y^3 - 45/16*x^2*y*z^2 - y*z^4 + 207/32*x^3*z + 15/8*x*z^3 - 27/64*x^2*y - 9/16*y^3 + 45/16*y*z^2 - 27/4*x*z + 27/16*y, x^6 - 8/3*x^4*z^2 + 16/9*x^2*z^4 - x^4 + 8/3*x^2*z^2 - 16/9*z^4, x^5*y - 4/3*x^3*y*z^2 - 2*x^4*z + 8/3*x^2*z^3 - x^3*y + 4/3*x*y*z^2 + 2*x^2*z - 8/3*z^3, x^4*y^2 - 4*x^3*y*z - x^2*y^2 + 4*x^2*z^2 + 4*x*y*z - 4*z^2, x^3*y^3 - 2*x^2*y^2*z - 3*x^3*y - x*y^3 + 6*x^2*z + 2*y^2*z + 3*x*y - 6*z, x^2*y^4 - 6*x^2*y^2 - y^4 + 9*x^2 + 6*y^2 - 9, x^4*y*z - 4/3*x^2*y*z^3 - 3/2*x^5 + 2*x^3*z^2 - x^2*y*z + 4/3*y*z^3 + 3/2*x^3 - 2*x*z^2, x^3*y^2*z - 3/2*x^4*y - 2*x^2*y*z^2 + 3*x^3*z - x*y^2*z + 3/2*x^2*y + 2*y*z^2 - 3*x*z, x^2*y^3*z - 3/2*x^3*y^2 - 3*x^2*y*z - y^3*z + 9/2*x^3 + 3/2*x*y^2 + 3*y*z - 9/2*x, x^2*y^2*z^2 - 3*x^3*y*z + 9/4*x^4 - y^2*z^2 + 3*x*y*z - 9/4*x^2]"
12,aaabbbAAABBB,2,2,"[x^4*y^2 - x^4 - 2*x^2*y^2 + 2*x^2 + y^2 - 1, x^2*y^4 - 2*x^2*y^2 - y^4 + x^2 + 2*y^2 - 1]"
12,aaabAbaaaBaB,2,2,"[x^2*y^6 - x^3*y^3*z - 2*x^2*y^4 - y^6 + 1/4*x^4*z^2 + x^3*y*z + x*y^3*z + x^2*y^2 + 2*y^4 - 1/4*x^2*z^2 - x*y*z - y^2, x^2*y^5*z + 1/4*x^5*z^2 - 5/2*x^3*y^2*z^2 + 3/2*x^4*y*z - x^2*y^3*z - y^5*z + 3/2*x^2*y*z^3 - 1/2*x^5 - 1/4*x^3*z^2 + 5/2*x*y^2*z^2 - 7/2*x^2*y*z + y^3*z - 3/2*y*z^3 + 3/2*x^3 + 2*y*z - x, x^3*y^3*z^2 - 2*x^4*y^2*z - x^2*y^2*z^3 + 1/2*x^5*y + x^3*y*z^2 - x*y^3*z^2 + 1/2*x^4*z + 4*x^2*y^2*z + y^2*z^3 - 3/2*x^3*y - x*y*z^2 - 1/2*x^2*z - 2*y^2*z + x*y, x^5*y^2 - 2*x^3*y^2*z^2 + 2*x^4*y*z + 2*x^2*y*z^3 - 2*x^5 - 3*x^3*y^2 - x^3*z^2 + 2*x*y^2*z^2 - 4*x^2*y*z - 2*y*z^3 + 6*x^3 + 2*x*y^2 + x*z^2 + 2*y*z - 4*x, x^4*y^3 - 2*x^2*y^5 - 1/2*x^5*z + x^3*y^2*z - x^4*y + x^2*y^3 + 2*y^5 + 1/2*x^3*z - x*y^2*z + x^2*y - 2*y^3, x^3*y^4 - x^3*y^2*z^2 + 3/2*x^4*y*z - x^2*y^3*z + x^2*y*z^3 - 1/2*x^5 - 2*x^3*y^2 - x*y^4 - 1/2*x^3*z^2 + x*y^2*z^2 - 5/2*x^2*y*z + y^3*z - y*z^3 + 5/2*x^3 + 2*x*y^2 + 1/2*x*z^2 + y*z - 2*x, x^5*y*z - 2*x^3*y^3*z - 2*x^4*y^2 + 4*x^2*y^4 - x^4*z^2 + 2*x^2*y^2*z^2 - x^3*y*z + 2*x*y^3*z + 2*x^4 - 2*x^2*y^2 - 4*y^4 + x^2*z^2 - 2*y^2*z^2 - 2*x^2 + 4*y^2, x^4*y*z^2 - x^5*z - 2*x^3*y^2*z - x^3*z^3 + x^4*y + x^2*y*z^2 + 4*x^3*z + 2*x*y^2*z + x*z^3 - 3*x^2*y - 2*y*z^2 - 3*x*z + 2*y, x^3*y*z^3 - x^4*y^2 - x^4*z^2 - x^2*z^4 - x^3*y*z - x*y*z^3 + 2*x^4 + 3*x^2*y^2 + 5*x^2*z^2 + z^4 + x*y*z - 6*x^2 - 2*y^2 - 4*z^2 + 4, x^6 - 4*x^4*y^2 + 4*x^2*y^4 - x^4 + 4*x^2*y^2 - 4*y^4]"
12,aaabAbAAABaB,2,2,"[x^5*y - x^4*z - 3*x^3*y + 3*x^2*z + 2*x*y - 2*z, x^4*y^2 - 2*x^3*y*z - x^2*y^2 + x^2*z^2 + 2*x*y*z - z^2, x^3*y^3 - 1/2*x^3*y*z^2 - x^2*y^2*z + 1/2*x^2*z^3 - x*y^3 + 1/2*x*y*z^2 + y^2*z - 1/2*z^3, x^4*y*z - 2*x^3*y^2 - x^3*z^2 + x^2*y*z + 2*x*y^2 + x*z^2 - 2*y*z]"
12,aaabAABabaaB,2,2,[x]
12,aaabAABabAAB,2,2,[x]
12,aaabAABaBaab,2,2,"[x*y^4 - 2*x*y^2 + x, x^3 + x*y^2 - 3*x, x*z]"
12,aaabAABaBAAb,2,2,"[x^3 - 2*x, x^2*y - x*z, x*y^2 - 1/2*x*z^2, x^2*z - 2*x*y]"
12,aaaBaaaBaaaB,2,2,"[x^5*y - x^4*z - 5*x^3*y + 4*x^2*z + x^2 + 6*x*y - 3*z - 3, x^3*y^2 - x^2*y*z - 2*x*y^2 + y*z + y, x^3*y*z - 1/2*x^3*y - x^2*z^2 + 1/2*x^2*z - 2*x*y*z + x*y + z^2 + 1/2*z - 1/2]"
12,aaaBaababaaB,2,2,"[x^3*y^2 - 2*x*y^2 - 2*x*z^2, x^4 - 2*x^2, x*y^2*z + x*z^3, x^2*z]"
12,aaaBaababAAB,2,2,"[x^2*z^3 - 4*x^2*z + 4*x*y, x*z^4 - 4*x*z^2 + 4*x, x^3 - x*z^2, x^2*y - x*z, x*y^2 - x, x*y*z - x^2]"
12,aaaBaabaBaab,2,2,"[x*y^2 + x*z^2, x^2]"
12,aaaBaabaBAAb,2,2,[x]
12,aaaBaaBaBaaB,2,2,[x^2*y - x*z - y]
12,aaaBabaaaBAb,2,2,"[x^2*y^4 + 2*x^2*y^2*z^2 + x^2*z^4 - 4*x^2*y^2 - y^4 - 4*x^2*z^2 - 2*y^2*z^2 - z^4 + 4*x^2 + 4*y^2 + 4*z^2 - 4, x^3*z^3 + x^2*y^3 + x^2*y*z^2 - x^3*z - x*z^3 - 2*x^2*y - y^3 - y*z^2 + x*z + 2*y, x^3*y^2 + x^3*z^2 - 2*x^3 - x*y^2 - x*z^2 + 2*x, x^4 - x^2]"
12,aaaBabAAAbAB,2,2,[x^3*y - x^2*z - 2*x*y + z]
12,aaaBabAAABAb,2,2,[x^2 - 1]
12,aaaBAAbabaaB,2,2,"[x*z^4 - 4*x*z^2 + 4*x, x^2*z^2 - x*y*z - x^2, x*y*z^2 + x^2*z - 4*x*y, x^3 + x*z^2 - 4*x, x^2*y - x*z, x*y^2 - x*z^2 + x]"
12,aaaBAAbabAAB,2,2,"[x^3 - 2*x, x*z]"
12,aaaBAAbaBaab,2,2,[x]
12,aaaBAAbaBAAb,2,2,[x]
12,aabaabaabaab,2,2,[x*z - y]
12,aabaabaaBaaB,2,2,"[x*y^4 - 4*x*y^2*z^2 + 4*x*z^4, x^2*z^3 + 1/4*x*y^3 - 3/2*x*y*z^2, x^2*y^2 + 2*x^2*z^2 - 4*x*y*z, x^2*y*z - 1/2*x*y^2 - x*z^2, x^3 - 2*x]"
12,aabaabaaBAAB,2,2,"[x^2*y^3*z - x*y^4 - 2*x*y^2*z^2 + 4*x*z^4 - 4*x^2*y*z + 4*x^3 + 4*x*y^2 - 8*x*z^2 - 4*x, x^2*y^2*z^2 - x*y^3*z - 2*x*y*z^3 - x^4 + 4*x*y*z + 2*x^2, x^2*y*z^3 - x*y^2*z^2 - 2*x*z^4 - x^3 + 4*x*z^2, x^2*z^4 - x*y*z^3 + 1/2*x^4 - 2*x^2*z^2, x*z^5 + 1/4*x^4*y - x^2*y*z^2 - 2*x*z^3 + 1/2*x^2*y + x*z, x^5 + 4*x*z^4 - 4*x^2*y*z - 8*x*z^2, x^3*z - x^2*y - 2*x*z]"
12,aabaabAABaaB,2,2,"[x*z^4 - 2*x*z^2 + x, x^3 - 2*x, x*y]"
12,aabaabAABAAB,2,2,[x^3*z^2 - 2*x^2*y*z + x*y^2]
12,aabaaBaabaaB,2,2,[x]
12,aabaaBaabAAB,2,2,"[x*y^8 + 2*x*y^4*z^4 + x*z^8 - 4*x*y^6 - 4*x*y^4*z^2 - 4*x*y^2*z^4 - 4*x*z^6 + 6*x*y^4 + 8*x*y^2*z^2 + 6*x*z^4 - 4*x*y^2 - 4*x*z^2 + x, x^2*z^7 + x*y^7 + 2*x*y^3*z^4 - x*y*z^6 - 7/2*x^2*z^5 - 3/4*x^3*y^3 - 7/2*x*y^5 - 5/4*x^3*y*z^2 - 9/2*x*y^3*z^2 - x^2*y^2*z + 4*x^2*z^3 + 13/4*x^3*y + 8*x*y^3 + 15/2*x*y*z^2 - 3/2*x^2*z - 21/2*x*y, x^2*y^6 + x^2*z^6 - x*y^5*z + 2*x*y^3*z^3 - x*y*z^5 - 2*x^2*y^4 - 3*x^2*z^4 - 2*x^3*y*z - 2*x*y^3*z + x^4 + 2*x^2*y^2 + 3*x^2*z^2 + 5*x*y*z - 3*x^2, x^3*z^5 + x^2*y^5 - x*y^4*z - 7/2*x^3*z^3 + x*y^2*z^3 - 2*x*z^5 - 1/2*x^4*y - 5/2*x^2*y^3 - 3/2*x^2*y*z^2 + 4*x^3*z + 2*x*y^2*z + 7*x*z^3 + 5/2*x^2*y - 8*x*z, x^3*y^4 + x^3*z^4 - 2*x^3*y^2 - 2*x*y^4 - 2*x^3*z^2 - 2*x*z^4 + x^3 + 4*x*y^2 + 4*x*z^2 - 2*x, x^4*y^2 - 2*x^2*y^2*z^2 + 2*x*y^3*z + 2*x*y*z^3 - x^4 - 2*x^2*y^2 - 2*x*y*z + 2*x^2, x^3*y^2*z - x^4*y - x^2*y^3 - x^2*y*z^2 + x^3*z + 3*x^2*y - 2*x*z, x^2*y^3*z - 1/2*x^3*y^2 - x*y^4 + 1/2*x^3*z^2 - x*y^2*z^2 - 1/2*x^3 + 2*x*y^2 - x*z^2 + x, x^2*y*z^3 - 1/2*x^3*y^2 - 1/2*x^3*z^2 - x*y^2*z^2 - x*z^4 - x^2*y*z + 3/2*x^3 + 2*x*y^2 + 3*x*z^2 - 4*x, x^5 - 4*x^3 + 4*x, x^4*z + 2*x^2*y^2*z - 2*x^3*y - 2*x*y^3 - 2*x*y*z^2 - 2*x^2*z + 6*x*y]"
12,aabaaBaaBAAb,2,2,"[x*z^4 - 2*x*z^2 + x, x^3 - 2*x, x*y]"
12,aabaaBAAbaaB,2,2,"[x^2*y*z^3 - x*y^2*z^2 - x*z^4 - x^2*y*z + x*y^2 + 2*x*z^2 - x, x^2*z^4 + x*y^3*z - x*y*z^3 - x^2*y^2 - 2*x^2*z^2 + x*y*z + x^2, x^2*y^3 + x^2*y*z^2 - 2*x*y^2*z - x^2*y, x*y^4 + x*z^4 - 2*x*y^2 - 2*x*z^2 + x, x^2*y^2*z - x*y^3 - x*y*z^2 + x*y, x^3 - 2*x]"
12,aabaaBAAbAAB,2,2,[x^2]
12,aabababbabab,2,2,"[x^2*z^2 - x^2 - 2*z^2 + 2, x*y*z^2 - z^3 - x*y + z, y^2*z^2 - y^2 - 1/2*z^2 + 1/2, x*z^3 - 2*y*z^2 - x*z + 2*y, y*z^3 - 1/2*x*z^2 - y*z + 1/2*x, z^4 - 2*z^2 + 1]"
12,aababbaaBBAB,2,2,"[x^2*y*z^4 - x^3*z^3 - 2*x*z^5 - 2*x^2*y^3 + 2*x^2*y*z^2 + x^3*z + x*y^2*z + 3*x*z^3 - x^2*y - 2*x*z, x^2*z^5 + x^3*y^3 - x*y*z^4 - 2*x^4*z - 6*x^2*y^2*z + 4*x^3*y + 3*x*y^3 - x*y*z^2 + 5*x^2*z - x*y, x*y*z^5 - x^2*y^2*z^2 - x^2*z^4 + x^3*y*z - 2*x*y*z^3 + x^2*y^2 + x^2*z^2 + x*y*z, x*z^6 - 2*x^2*y*z^3 + x^3*y^2 - 2*x*z^4 + 2*x^2*y*z + x*z^2, x^4*y*z - x^5 - x^3*y^2 - x*y^2*z^2 + 2*x^3 + 2*x*y^2 - x, x^3*y^2*z - x*z^5 - x^4*y - 2*x^2*y^3 + 2*x^2*y*z^2 + x*y^2*z + x*z^3 - x*z, x^2*y^3*z - x^2*y*z^3 - x^3*y^2 + x^3*z^2 - x*y^2*z^2 + x*z^4 + x*y^2 - x*z^2, x^3*y*z^2 - x^4*z - 2*x^2*y^2*z + x^3*y + x*y^3 - x*y*z^2 + 2*x^2*z, x*y^3*z^2 - x*y*z^4 - x^2*y^2*z + x^2*z^3 - x*y^3 + x*y*z^2, x*y^2*z^3 - x*z^5 - x^2*y^3 + x^2*y*z^2 - x*y^2*z + x*z^3, x*y^4 - 2*x*y^2*z^2 + x*z^4]"
12,aababbAABABB,2,2,[x*y*z - 1]
12,aababbAABBAB,2,2,[x]
12,aababbABAAbb,2,2,"[x^2*y^4*z - x*y^5 - 2*x*y^3*z^2 + x*y*z^4 - 3*x^2*y^2*z + y^4*z + x^3*y + 4*x*y^3 - x*y*z^2 + y^2*z - x*y, x*y^5*z - y^6 - 2*x^2*y^2*z^2 - y^4*z^2 + x^3*y*z + x*y^3*z + x*y*z^3 - x^2*y^2 + 2*y^4 + 2*y^2*z^2 - 2*x*y*z - y^2, x^2*y^3*z^2 - 2*x*y^4*z - 2*x*y^2*z^3 + y^5 + 2*y^3*z^2 + y*z^4 + 2*x*y^2*z - 2*y^3 - 2*y*z^2 + y, x*y^4*z^2 - x^2*y^3*z - y^5*z - y^3*z^3 - y*z^5 - x^3*y^2 + x*y^4 + 2*x*y^2*z^2 + x^2*y*z + 2*y^3*z + 3*y*z^3 - 3*x*y^2 - 3*y*z, x*y^2*z^4 - x^2*y^3*z - y^3*z^3 - y*z^5 + x*y^4 + y^3*z + 2*y*z^3 - x*y^2 - y*z, x*y*z^5 - x^2*y^2*z^2 - y^2*z^4 + x*y^3*z - 2*x*y*z^3 + x^2*y^2 + y^2*z^2 + x*y*z, y^2*z^5 + x^3*y^3 - 3*x*y^3*z^2 - x*y*z^4 + y^4*z + x*y^3 + 2*x*y*z^2 - y^2*z - x*y, y*z^6 - 2*x*y^2*z^3 + x^2*y^3 - 2*y*z^4 + 2*x*y^2*z + y*z^2, x^3*y^2*z - x*y^2*z^3 - x^2*y^3 - x^2*y*z^2 + y^3*z^2 + y*z^4 + x^2*y - y*z^2, x^3*y*z^2 - x*y*z^4 - x^2*y^2*z + y^2*z^3 - x^3*y + x*y*z^2, x^2*y*z^3 - y*z^5 - x^3*y^2 + x*y^2*z^2 - x^2*y*z + y*z^3, x^4*y - 2*x^2*y*z^2 + y*z^4]"
12,aababbABAABB,2,2,[y]
12,aababAbbabaB,2,2,"[y^3*z^2 - x*z^3 - y*z^2, x^3*z + x*y^2*z - 2*y*z^2 - 2*x*z, x^2*y*z + y^3*z - 2*x*z^2 - 2*y*z, x^2*z^2 - y^2*z^2, x*y*z^2 - 1/2*x^2*z - 1/2*y^2*z - z^3 + z]"
12,aababAbABABB,2,2,[z]
12,aababABababb,2,2,"[y^3*z^2 - x*z^3 - y*z^2, y^2*z^3 - z^3, x^3*z + x*y^2*z + 2*x*z^3 - 2*y*z^2 - 2*x*z, x^2*y*z + y^3*z + 2*y*z^3 - 2*x*z^2 - 2*y*z, x^2*z^2 - y^2*z^2, x*y*z^2 - 1/2*x^2*z - 1/2*y^2*z - 2*z^3 + z, z^4]"
12,aababABBABAb,2,2,[z]
12,aabaBaBBABaB,2,2,"[x^3*y - x*y^3 - x^2*z + y^2*z, x^2*y*z - x*y^2 - x*z^2 + y*z, x*y^2*z - x^2*y - y*z^2 + x*z, x*y*z^2 - z^3 - x*y + z]"
12,aabaBBaabbAB,2,2,"[x^2*y^3*z^2 - x*y^4*z - x*y^2*z^3 - 2*x^2*y*z^2 + x^3*z + 4*x*y^2*z + x*z^3 - x^2*y - 2*x*z, x^3*y*z^3 - x^4*z^2 - 4*x^2*y^2*z^2 - x^2*z^4 + 2*x^3*y*z + 2*x*y^3*z + 3*x*y*z^3 + x^2*y^2 + 3*x^2*z^2 - 7*x*y*z, x^2*y^2*z^3 - x^3*y*z^2 - x*y^3*z^2 - x*y*z^4 + x^4*z + x^2*y^2*z - x^3*y + 3*x*y*z^2 - 2*x^2*z, x^2*y*z^4 - x*y^4*z - x^3*z^3 - x*y^2*z^3 - x*z^5 + x^2*y^3 - 2*x^2*y*z^2 + 3*x^3*z + 5*x*y^2*z + 4*x*z^3 - 3*x^2*y - 6*x*z, x^2*y^4 + x^3*y*z - x*y^3*z - 3*x^2*y^2 - x^2*z^2 + 3*x*y*z, x*y^5 + x^4*z + 3*x^2*y^2*z - 3*x^3*y - 6*x*y^3 - x*y*z^2 - 3*x^2*z + 9*x*y, x^5 + x*y^4 + 4*x^2*y*z - 6*x^3 - 6*x*y^2 - 2*x*z^2 + 9*x, x^4*y + x^2*y^3 - x^3*z - x*y^2*z - 3*x^2*y + 3*x*z, x^3*y^2 - 2*x^2*y*z + x*z^2]"
12,aabaBBAAbbAB,2,2,"[x*y^4 - 2*x*y^2 + x, x*z]"
12,aabaBBAABAbb,2,2,[x*y*z - y^2 + 1]
12,aabbaabbaabb,2,2,"[x^3*y*z - x^4 - x^2*y^2 - 2*x*y*z + 5*x^2 + 2*y^2 - 6, x^2*y^2*z - x^3*y - x*y^3 - 4*x*y*z^2 + 4*x^2*z + 4*y^2*z + 3*x*y - 12*z, x*y^3*z - x^2*y^2 - y^4 - 2*x*y*z + 2*x^2 + 5*y^2 - 6, x^2*y*z^2 - x^3*z - 3/2*x*y^2*z + 1/2*x^2*y + 1/2*y^3 + 3*x*z - 3/2*y, x*y^2*z^2 - 3/2*x^2*y*z - y^3*z + 1/2*x^3 + 1/2*x*y^2 + 3*y*z - 3/2*x, x*y*z^3 - x^2*z^2 - y^2*z^2 - 1/4*x*y*z + 1/4*x^2 + 1/4*y^2 + 3*z^2 - 3/4]"
12,aabbaBaabABB,2,2,"[x^5 + 2*x^3*y^2 + x*y^4 - 6*x^3 - 6*x*y^2 + 9*x, x*z]"
12,aabbaBAAbABB,2,2,"[x^5 - 2*x^3*z^2 + x*z^4, x^4*y - 2*x^3*z + x*z^3, x^3*y^2 - 2*x^3 + x*z^2, x^2*y^3 - 2*x^2*y + x*z, x*y^4 - 2*x*y^2 + x, x*y*z - x^2]"
12,aabbaBAABBAb,2,2,[x*y*z - x^2 - y^2 + 1]
12,aabbAbaaBaBB,2,2,"[x^9 + x*y^4*z^4 - 6*x^7 - 8*x^3*y^4 + 4*x*y^6 - 4*x^5*z^2 - 2*x^3*z^4 - 16*x^2*y^3*z + 8*x^2*y*z^3 + 14*x^5 + 28*x^3*y^2 - 8*x*y^4 + 4*x^3*z^2 + 22*x*y^2*z^2 - 4*x*z^4 + 8*x^2*y*z - 14*x^3 - 12*x*y^2 - 8*x*z^2 + 5*x, x*y^5*z^3 + x^8 - 16*x^3*y^3*z + x*y^5*z + 3*x^3*y*z^3 - x*y^3*z^3 - 6*x^6 + 7*x^4*y^2 - 7*x^4*z^2 + 18*x^2*y^2*z^2 - 5*x^2*z^4 + 18*x^3*y*z - 2*x*y^3*z + x*y*z^3 + 9*x^4 - 7*x^2*y^2 - 2*x^2*z^2 - 4*x^2, x^7*y + x*y^5*z^2 - x^6*z - 6*x^2*y^2*z^3 - 5*x^5*y + 3*x^3*y^3 + x*y^5 - 4*x^3*y*z^2 - x*y^3*z^2 + 6*x*y*z^4 + 11*x^4*z + 10*x^2*y^2*z + 8*x^2*z^3 - 8*x^3*y - 7*x*y^3 - 16*x*y*z^2 - 12*x^2*z + 16*x*y, x*y^7 - x^2*y^2*z^3 + x^5*y - 3*x^3*y^3 - 3*x*y^5 + x^3*y*z^2 + x*y*z^4 - x^4*z + 2*x^2*y^2*z + 3*x^3*y + 3*x*y^3 - 2*x*y*z^2 - x^2*z, x*y^6*z + x^6*y - 7*x^2*y^3*z^2 + 2*x^2*y*z^4 - x^5*z + 6*x^3*y^2*z - 2*x*y^4*z - 2*x^3*z^3 + 7*x*y^2*z^3 - 2*x*z^5 - 6*x^4*y + 4*x^3*z - 2*x*y^2*z + x*z^3 + 5*x^2*y - 3*x*z, x^2*y^3*z^3 - x^3*y^4 - x*y^2*z^4 - 6*x^2*y^3*z + x^2*y*z^3 - x^5 + 6*x^3*y^2 + x*y^4 - 3*x^3*z^2 + 8*x*y^2*z^2 - 2*x*z^4 + 4*x^2*y*z + 2*x^3 - 6*x*y^2 + x*z^2 - x, x^3*y*z^4 - x^4*z^3 - 3*x^2*y^2*z^3 - x^2*z^5 - x^5*y + 3*x^3*y^3 - x*y^5 + x^3*y*z^2 + 3*x*y*z^4 + 3*x^4*z + 2*x^2*y^2*z + 3*x^2*z^3 - 7*x^3*y + x*y^3 - 7*x*y*z^2 - x^2*z + 4*x*y, x^2*y^2*z^4 - 3*x^3*y^3*z + x^3*y*z^3 - x*y*z^5 + x^4*y^2 - 2*x^4*z^2 + x^2*y^2*z^2 - 2*x^2*z^4 + 5*x^3*y*z + x*y^3*z + 3*x*y*z^3 - x^2*y^2 + x^2*z^2 - 3*x*y*z, x^2*y*z^5 - x^3*y^4 - x*y^6 - x^3*z^4 - x*z^6 - 4*x^2*y^3*z + 3*x^2*y*z^3 - x^5 + 6*x^3*y^2 + 5*x*y^4 - 3*x^3*z^2 + 6*x*y^2*z^2 - 2*x*z^4 + 2*x^3 - 10*x*y^2 + 4*x*z^2 - x, x^5*y^2 - 2*x^3*y^4 + x*y^6 - 2*x^2*y^3*z + 2*x^2*y*z^3 - 2*x^5 + 4*x^3*y^2 - 2*x*y^4 - 3*x^3*z^2 + 4*x*y^2*z^2 - 2*x*z^4 + 4*x^3 - x*y^2 + 2*x*z^2 - 2*x, x^4*y^3 - 3*x^2*y^3*z^2 + x^2*y*z^4 + 3*x^3*y^2*z - x^3*z^3 + 3*x*y^2*z^3 - x*z^5 - 4*x^4*y - x^2*y^3 - x^2*y*z^2 + 2*x^3*z - x*y^2*z + x*z^3 + 4*x^2*y - 2*x*z, x^2*y^5 - x^2*y^3*z^2 + 2*x^3*y^2*z - x*y^4*z + x*y^2*z^3 - x^4*y - 4*x^2*y^3 - x^2*y*z^2 + 2*x*y^2*z + 5*x^2*y - 2*x*z, x^2*y^4*z - x^2*y^2*z^3 - x*y^3*z^2 + x*y*z^4 + x^4*z + x^2*z^3 - 2*x^3*y - 2*x*y*z^2 - x^2*z + 2*x*y, x^3*y^2*z^2 - 4*x^2*y^3*z - x^5 + 2*x^3*y^2 - 2*x^3*z^2 + 4*x*y^2*z^2 - x*z^4 + 4*x^2*y*z + 2*x^3 - 2*x*y^2 - x, x^4*y*z - 2*x^2*y^3*z + x^2*y*z^3 - x^5 + x^3*y^2 - 2*x^3*z^2 + 2*x*y^2*z^2 - x*z^4 + x^2*y*z + 2*x^3 - x*y^2 + x*z^2 - x]"
12,aabbAbAABaBB,2,2,[x]
12,aabbAbAABBaB,2,2,[x^2*y^2 - x*y*z - 1]
12,aabbAbABABaB,2,2,[x*y - z]
12,aabbAAbabbAB,2,2,"[y^4*z^2 + x*y*z^3 - x^2*y^2 - 2*y^4 - 3*y^2*z^2 - x*y*z + 6*y^2, x^4*y + 3*x*y^2*z - 5*x^2*y - 2*y^3 - 2*y*z^2 + 6*y, x^3*y^2 - x^2*y*z - x*y^2 + y*z, y^5 + 3*x*y^2*z - x^2*y - 4*y^3 - 2*y*z^2 + 3*y, x^3*y*z - 4*x^2*y^2 - 2*y^4 + y^2*z^2 - x*y*z + 6*y^2, x^2*y^2*z + 1/3*y^4*z - 1/3*x^3*y - 2/3*x*y*z^2 - 4/3*y^2*z + x*y, x^2*y*z^2 + y^3*z^2 + 2*x*y^2*z - 2*x^2*y - 2*y^3 - 5*y*z^2 + 6*y, x*y^2*z^2 - y*z^3 - x*y^2 + y*z, x*y^3 - y^2*z]"
12,aabbAAbaBBAB,2,2,"[x^2*y - y, y*z]"
12,aabbAAbAbbaB,2,2,"[x*y^4*z - x^2*y*z^2 - y^3*z^2 - x*y^2*z + y*z^2, x^4*y - x*y^2*z - 2*x^2*y + y*z^2, x^3*y^2 - x^2*y*z - 2*x*y^2 + y*z, x^2*y^3 - x^2*y - 2*y^3 - y*z^2 + 2*y, y^5 - x^2*y*z^2 - 2*y^3 + y, x^3*y*z - x*y^3*z + y^2*z^2 - x*y*z, x^2*y^2*z - x^3*y - x*y*z^2 - y^2*z + 2*x*y, x*y^2*z^2 - y^3*z - y*z^3 + y*z]"
12,aabbAAbABBaB,2,2,[y]
12,aabbAABabbAb,2,2,"[x^2*y^3 + y^5 - x^2*y - 4*y^3 - 2*y*z^2 + 3*y, x*y*z^3 + x^2*y^2 + y^4 - x*y*z - 3*y^2, y*z^4 - y*z^2, x^3*y + x*y^3 + 2*x*y*z^2 - 2*y^2*z - 3*x*y, x^2*y*z + y*z^3 - 2*y*z, x*y^2*z - x^2*y - y^3 - 2*y*z^2 + 3*y, y^3*z + y*z^3 - y*z, y^2*z^2]"
12,aabbAABaBBAb,2,2,"[x^2*y - y, x*y^2 - y*z, y^3 - y*z^2, x*y*z - y^2]"
12,aabAbbAABaBB,2,2,[x^2*y^2 - x*y*z - x^2 + 1]
12,aabAAbaaBaaB,2,2,"[x*y^8 + 1/4*x^5*z^4 - 2*x*y^6 - x^3*z^4 - x*y^2*z^4 - 103/12*x^4*y*z - 29/3*x^2*y^3*z - 47/6*x^2*y*z^3 + 11/3*x^5 + 149/12*x^3*y^2 + 91/12*x*y^4 + 79/6*x^3*z^2 + 37/2*x*y^2*z^2 + 25/3*x*z^4 + 26*x^2*y*z - 161/6*x^3 - 115/3*x*y^2 - 41*x*z^2 + 139/3*x, x^2*y^4*z^2 + 1/2*x^2*y^2*z^4 - 1/2*x*y^5*z - 3/2*x*y^3*z^3 - 1/2*x*y*z^5 - 7/4*x^6 + 13/8*x^4*y^2 - 7/2*x^2*y^4 - 5/8*x^4*z^2 - 11/2*x^2*y^2*z^2 - 1/2*x^2*z^4 + 2*x^3*y*z + 19/2*x*y^3*z + 6*x*y*z^3 + 37/4*x^4 - 25/8*x^2*y^2 + 9/4*x^2*z^2 - 25/4*x*y*z - 12*x^2, x^2*y^3*z^3 + x*y^6 + 1/2*x^5*z^2 - x*y^4*z^2 - x*y^2*z^4 - 53/12*x^4*y*z - 13/3*x^2*y^3*z - 31/6*x^2*y*z^3 + 35/24*x^5 + 61/12*x^3*y^2 + 7/6*x*y^4 + 13/3*x^3*z^2 + 19/2*x*y^2*z^2 + 25/6*x*z^4 + 15*x^2*y*z - 67/6*x^3 - 50/3*x*y^2 - 19*x*z^2 + 62/3*x, x^2*y*z^5 - 2*x*y^6 - 5/4*x^5*z^2 + x*y^4*z^2 - x^3*z^4 - x*y^2*z^4 - x*z^6 + 8/3*x^4*y*z - 14/3*x^2*y^3*z + 8/3*x^2*y*z^3 + 1/6*x^5 + 13/6*x^3*y^2 + 22/3*x*y^4 + 19/6*x^3*z^2 + 3*x*y^2*z^2 + 4/3*x*z^4 - 23/2*x^2*y*z - 1/3*x^3 - 16/3*x*y^2 + 3*x*z^2 - 8/3*x, x^7 - 4*x^4*y*z - 4*x^2*y^3*z - 4*x^5 + 8*x^3*y^2 + 4*x*y^4 + 4*x^3*z^2 + 4*x*y^2*z^2 + 4*x^2*y*z - 4*x^3 - 16*x*y^2 - 8*x*z^2 + 16*x, x^6*y - 2*x^2*y^3*z^2 - x^2*y*z^4 - 3/4*x^5*z + 5*x^3*y^2*z + x*y^4*z + x^3*z^3 + 3*x*y^2*z^3 + x*z^5 - 13/2*x^4*y - 2*x^2*y^3 - 3*x^2*y*z^2 + 1/2*x^3*z - 6*x*y^2*z - 4*x*z^3 + 23/2*x^2*y + 3*x*z, x^5*y^2 - 5/3*x^4*y*z - 4/3*x^2*y^3*z - 2/3*x^2*y*z^3 - 1/6*x^5 - 5/3*x^3*y^2 + 2/3*x*y^4 + 4/3*x^3*z^2 + 2*x*y^2*z^2 + 2/3*x*z^4 + 4*x^2*y*z - 2/3*x^3 - 8/3*x*y^2 - 4*x*z^2 + 8/3*x, x^4*y^3 - 3*x^3*y^2*z - x^2*y^3 + 2*x^2*y*z^2 + x^3*z + 2*x*y^2*z - x^2*y - 2*x*z, x^3*y^4 + 1/3*x^4*y*z - 7/3*x^2*y^3*z - 2/3*x^2*y*z^3 - 1/6*x^5 - 5/3*x^3*y^2 - 1/3*x*y^4 + 1/3*x^3*z^2 + 2*x*y^2*z^2 + 2/3*x*z^4 + x^2*y*z + 4/3*x^3 + 4/3*x*y^2 - 2*x*z^2 - 4/3*x, x^2*y^5 + 1/2*x^2*y^3*z^2 - 1/4*x^2*y*z^4 + 5/16*x^5*z - 11/4*x^3*y^2*z - 7/4*x*y^4*z + 1/4*x^3*z^3 - 1/4*x*y^2*z^3 + 1/4*x*z^5 + 3/8*x^4*y + 1/2*x^2*y^3 + 9/4*x^2*y*z^2 - 3/8*x^3*z + 5/2*x*y^2*z - x*z^3 - 13/8*x^2*y - 1/4*x*z, x^6*z - 6*x^2*y^4*z - x^2*y^2*z^3 + 3/4*x^5*y + 3*x^3*y^3 + 5*x*y^5 + x^3*y*z^2 + 7*x*y^3*z^2 + x*y*z^4 - 15/2*x^4*z + 13*x^2*y^2*z - 15/2*x^3*y - 20*x*y^3 - 18*x*y*z^2 + 11*x^2*z + 20*x*y, x^5*y*z - x^6 - x^4*y^2 - x^4*z^2 - 2*x^3*y*z + 6*x^4 + x^2*y^2 + 2*x^2*z^2 + 2*x*y*z - 8*x^2, x^4*y^2*z - x^2*y^4*z - 1/2*x^2*y^2*z^3 - 1/8*x^5*y - 1/2*x^3*y^3 + 1/2*x*y^5 - 1/2*x^3*y*z^2 + 3/2*x*y^3*z^2 + 1/2*x*y*z^4 - 3/4*x^4*z + 3/2*x^2*y^2*z + 1/4*x^3*y - 2*x*y^3 - 3*x*y*z^2 + 3/2*x^2*z + 2*x*y, x^3*y^3*z - 1/4*x^6 - 1/2*x^4*y^2 - x^2*y^4 - 2*x^2*y^2*z^2 + 1/2*x^3*y*z + x*y^3*z + x*y*z^3 + 3/2*x^4 + 3/2*x^2*y^2 - x*y*z - 2*x^2, x^4*y*z^2 - x^2*y^3*z^2 - 1/2*x^2*y*z^4 - 7/8*x^5*z + 5/2*x^3*y^2*z + 1/2*x*y^4*z - 1/2*x^3*z^3 + 3/2*x*y^2*z^3 + 1/2*x*z^5 - 3/4*x^4*y - 3*x^2*y^3 - 9/2*x^2*y*z^2 + 13/4*x^3*z + x*y^2*z + 15/4*x^2*y - 5/2*x*z, x^3*y^2*z^2 - x^4*y*z - 2*x^2*y^3*z - 2*x^2*y*z^3 + 1/4*x^5 + x^3*y^2 + x*y^4 + x^3*z^2 + 2*x*y^2*z^2 + x*z^4 + 4*x^2*y*z - 2*x^3 - 4*x*y^2 - 4*x*z^2 + 4*x, x^3*y*z^3 - 1/2*x^6 + 3/2*x^4*y^2 - 2*x^2*y^4 - x^4*z^2 - 2*x^2*y^2*z^2 - x^2*z^4 - 1/2*x^3*y*z + 4*x*y^3*z + x*y*z^3 + 5/2*x^4 - 3/2*x^2*y^2 + 4*x^2*z^2 - 3*x*y*z - 4*x^2]"
12,aabAAbaaBAAB,2,2,"[x*y^6 - 4*x*y^4*z^2 + 4*x*y^2*z^4 - 2*x*y^4 + 8*x*y^2*z^2 - 8*x*z^4, x^2*z^5 + 3/8*x*y^5 - 5/4*x*y^3*z^2 - 5/3*x^2*z^3 + 1/3*x^3*y - 5/12*x*y^3 + 5/2*x*y*z^2 - 2/3*x*y, x^2*y*z^3 + 1/4*x*y^4 - 3/2*x*y^2*z^2 - 3*x^2*y*z + 2*x^3 + 3/2*x*y^2 + 3*x*z^2 - 4*x, x^3*y^2 - 2*x^3 - 2*x*y^2 + 4*x, x^2*y^3 + 2*x^2*y*z^2 - 4*x^3*z - 4*x*y^2*z + 8*x*z, x^3*y*z - 1/2*x^2*y^2 - x^2*z^2, x^2*y^2*z - 2/3*x^2*z^3 - 2/3*x^3*y - 2/3*x*y^3 + 4/3*x*y, x^3*z^2 - 2*x^2*y*z + x^3 + x*y^2 - 2*x, x^4 - 2*x^2]"
12,aabAAbAABaaB,2,2,"[x^5*y - x^4*z - 3*x^3*y + 2*x^2*z + 2*x*y, x^4*y^2 - 3*x^3*y*z - x^2*y^2 + 2*x^2*z^2 + 2*x*y*z, x^3*y^3 - 2*x^3*y*z^2 - x^2*y^2*z + 2*x^2*z^3 - x*y^3 + 2*x*y*z^2, x^4*y*z - x^3*y^2 - x^3*z^2 + x*y^2]"
12,aabAABaabAAB,2,2,[x]
12,aabABabbaBAb,2,2,[x*y*z - x^2 - y^2 - z^2 + 3]
12,aaBaaBaaBaaB,2,2,[x^2*y - x*z - y]
12,aaBababbAbab,2,2,"[x*y^2*z - y*z^2 - x*z, y^3*z - x*z^2 - y*z, x*y*z^2 - y^2*z - z^3 + z, x^2*z - y^2*z]"
12,aaBaBaBBaBaB,2,2,"[x^4*y^2 - 2*x^3*y*z - 2*x^2*y^2 + x^2*z^2 + 4*x*y*z - x^2 - 2*z^2 + 2, x^2*y^4 - 2*x*y^3*z - 1/2*x^2*y^2 + y^2*z^2 + x*y*z - y^2 - 1/2*z^2 + 1/2, x^2*y^2*z - 2*x*y*z^2 + z^3 - z]"
12,aaBaBAbaBaBB,2,2,"[x^5*y - x^4*z + x^2*y^2*z - 5/2*x^3*y - 1/2*x*y^3 - x*y*z^2 + 5/2*x^2*z + 1/2*y^2*z + x*y - z, x^4*y^2 - 3/2*x^3*y*z + 1/2*x*y^3*z - 2*x^2*y^2 + 1/2*x^2*z^2 - 1/2*y^2*z^2 + 3*x*y*z - z^2, x^3*y^3 - 4*x^2*y^2*z + 1/2*x^3*y + 1/2*x*y^3 + 5*x*y*z^2 - 1/2*x^2*z - 1/2*y^2*z - 2*z^3 - x*y + z, x^2*y^4 + 1/2*x^3*y*z - 3/2*x*y^3*z - 2*x^2*y^2 - 1/2*x^2*z^2 + 1/2*y^2*z^2 + 3*x*y*z - z^2, x*y^5 + x^2*y^2*z - y^4*z - 1/2*x^3*y - 5/2*x*y^3 - x*y*z^2 + 1/2*x^2*z + 5/2*y^2*z + x*y - z, x^4*y*z - x*y^4 - x^3*z^2 + x*y^2*z^2 - 3*x^2*y*z + y^3*z - y*z^3 + 2*x*y^2 + 3*x*z^2 - 2*y*z, x^3*y^2*z - x^2*y^3 - 2*x^2*y*z^2 + 2*x*y^2*z + x*z^3 - y*z^2, x^2*y^3*z - x^3*y^2 - 2*x*y^2*z^2 + 2*x^2*y*z + y*z^3 - x*z^2, x*y^4*z - x^4*y + x^2*y*z^2 - y^3*z^2 + x^3*z - 3*x*y^2*z - x*z^3 + 2*x^2*y + 3*y*z^2 - 2*x*z, x^3*y*z^2 + x*y^3*z^2 - x^2*z^3 - y^2*z^3 - x^3*y - x*y^3 - 2*x*y*z^2 + x^2*z + y^2*z + 2*z^3 + 2*x*y - 2*z, x^2*y^2*z^2 - 2*x*y*z^3 - x^2*y^2 + z^4 + 2*x*y*z - z^2]"
12,aaBaBAbbAbAB,2,2,[x*y - z]
12,aaBAbaBBabAB,2,2,[x*y*z - x^2 - y^2 - z^2 + 3]
12,aaBAbbAAbaBB,2,2,"[x^4*y^2 - x^3*y*z - x^4 - 2*x^2*y^2 + x*y*z + 2*x^2 + y^2 - 1, x^2*y^4 - x*y^3*z - 2*x^2*y^2 - y^4 + x*y*z + x^2 + 2*y^2 - 1, x^2*y^2*z - x*y*z^2 - x^2*z - y^2*z + z]"
12,aaBAbAbbABaB,2,2,[x*y - z]
12,aaBBaaBBaaBB,2,2,"[x^4*y^2 - x^3*y*z - x^4 - 3*x^2*y^2 + 2*x*y*z + 5*x^2 + 2*y^2 - 6, x^3*y^3 - 7/3*x^2*y^2*z - x^3*y - x*y^3 + 4/3*x*y*z^2 + 4/3*x^2*z + 4/3*y^2*z + 3*x*y - 4*z, x^2*y^4 - x*y^3*z - 3*x^2*y^2 - y^4 + 2*x*y*z + 2*x^2 + 5*y^2 - 6, x^3*y^2*z - 3/2*x^2*y^3 - x^2*y*z^2 - x^3*z + 1/2*x*y^2*z + 3/2*x^2*y + 3/2*y^3 + 3*x*z - 9/2*y, x^2*y^3*z - 3/2*x^3*y^2 - x*y^2*z^2 + 1/2*x^2*y*z - y^3*z + 3/2*x^3 + 3/2*x*y^2 + 3*y*z - 9/2*x, x^2*y^2*z^2 - x*y*z^3 - 9/4*x^2*y^2 - x^2*z^2 - y^2*z^2 + 9/4*x*y*z + 9/4*x^2 + 9/4*y^2 + 3*z^2 - 27/4]"
12,aaBBaBabABaB,2,2,"[x*y^4 + x^2*y*z - y^3*z - 2*x*y^2 - x*z^2 + 2*y*z, x^3*y + x*y^3 - x^2*z - y^2*z - 2*x*y + 2*z, x^2*y^2 - 2*x*y*z + z^2]"
12,aaBBABAbAbab,2,2,[z]
12,abababababab,2,2,[z^2 - 1]
12,abababABABAB,2,2,[z^4 - 2*z^2 + 1]
12,ababAbABABaB,2,2,"[x*y*z^3 - z^4 - x*y*z + 2*z^2 - 1, x^2*y*z - x*z^2 + x]"
12,abaBabaBabaB,2,2,[x*y*z - y^2 - z^2 + 3]
12,abaBabABAbAB,2,2,"[x*y*z^3 - y^2*z^2 - z^4 - x*y*z + y^2 + 2*z^2 - 1, x*y^2*z - y^3 - y*z^2 + y]"
12,abaBAbaBabAB,2,2,"[x*y*z^4 + x^2*y^2*z - x^2*z^3 - y^2*z^3 - z^5 - x^3*y - x*y^3 - 4*x*y*z^2 + 3*x^2*z + 3*y^2*z + 6*z^3 + 3*x*y - 9*z, x^3*y*z + x*y*z^3 - x^4 - x^2*y^2 - 2*x^2*z^2 - y^2*z^2 - z^4 - 3*x*y*z + 6*x^2 + 3*y^2 + 6*z^2 - 9, x^2*y*z^2 - x^3*z - 2*x*y^2*z - x*z^3 + x^2*y + y^3 + y*z^2 + 3*x*z - 3*y]"
12,abAbAbABaBaB,2,2,"[x^2*y^2*z^2 - 2*x*y*z^3 - x^2*y^2 + z^4 + 2*x*y*z - 2*z^2 + 1, x^3*y^2 - 2*x^2*y*z + x*z^2 - x]"
12,abABabABabAB,2,2,[x*y*z - x^2 - y^2 - z^2 + 1]
12,aBaBaBaBaBaB,2,2,[x^2*y^2 - 2*x*y*z + z^2 - 1]
13,aaaaaaaaaaaaa,2,2,[x^6 + x^5 - 5*x^4 - 4*x^3 + 6*x^2 + 3*x - 1]
13,aaaaaabbaaaBB,2,2,"[x^5 + 2*x^4 - 2*x^3 - 5*x^2 - x + 1, x^4*z + x^3*z - 3*x^2*z + 3/2*x*y - 2*x*z + 3/2*y + z, x*y*z^3 - 1/4*x^4 + y*z^3 - 1/4*x^3 - x*y*z + 3/4*x^2 - y*z + 1/2*x - 1/4, x^2*y + 2*x*y + y, x*y^2 + 2*x*y*z + y^2 + 2*y*z]"
13,aaaaaabbAAABB,2,2,"[x^3*z^2 - 3/2*x^2*y^2 + 2*x^2*z^2 - 2*x^3 - 19/4*x*y^2 - 3*x*y*z + 2*x*z^2 + 3*x^2 - 13/4*y^2 - 3*y*z + z^2 + 12*x + 7, x*y^2*z^2 + 3/4*x^2*y^2 - x^2*z^2 + y^2*z^2 + x*y^2 + 1/2*x*y*z - 3*x*z^2 - 1/2*x^2 + 1/4*y^2 + 1/2*y*z - 2*z^2 - 3/2*x - 1, x^2*z^3 + 3/4*x^3*z - 7/16*x*y^2*z - 13/8*x*y*z^2 + 1/2*x*z^3 - 15/16*x^2*y + 7/8*x^2*z - 7/16*y^2*z - 13/8*y*z^2 - 1/2*z^3 - 11/16*x*y + 15/8*x*z + 1/4*y + 7/4*z, x*y*z^3 - 7/8*x^2*y^2 - 1/2*x^2*z^2 + y*z^3 - 1/2*x^3 - 5/2*x*y^2 - 7/4*x*y*z + 1/2*x*z^2 + 9/4*x^2 - 13/8*y^2 - 7/4*y*z + z^2 + 25/4*x + 7/2, x*z^4 - 15/16*x^2*y^2 + 1/4*x^2*z^2 + z^4 - 1/2*x^3 - 5/2*x*y^2 - 9/8*x*y*z - 1/4*x*z^2 + 19/8*x^2 - 25/16*y^2 - 9/8*y*z - 1/2*z^2 + 49/8*x + 13/4, x^4 + 3/2*x^2*y^2 - 2*x^2*z^2 + 3*x^3 + 6*x*y^2 + 5*x*y*z - 6*x*z^2 - 6*x^2 + 9/2*y^2 + 5*y*z - 4*z^2 - 17*x - 9, x^3*y + x^3*z + 7/4*x*y^2*z + 5/2*x*y*z^2 - 2*x*z^3 + 3/4*x^2*y - 7/2*x^2*z + 7/4*y^2*z + 5/2*y*z^2 - 2*z^3 - 1/4*x*y - 15/2*x*z - 3*z, x*y^3 + x*y^2*z - 2*x*y*z^2 - x^2*y + y^3 + 2*x^2*z + y^2*z - 2*y*z^2 - 3*x*y + 2*x*z - 2*y, x^2*y*z - x^3 - x*y^2 - y^2 - y*z + 3*x + 2]"
13,aaaaaaBBaaabb,2,2,"[x^5 + 2*x^4 - 2*x^3 - 5*x^2 - x + 1, x^4*z + x^3*z - 3*x^2*z + 3/2*x*y - 2*x*z + 3/2*y + z, x*y*z^3 - 1/4*x^4 + y*z^3 - 1/4*x^3 - x*y*z + 3/4*x^2 - y*z + 1/2*x - 1/4, x^2*y + 2*x*y + y, x*y^2 + 2*x*y*z + y^2 + 2*y*z]"
13,aaaaaaBBAAAbb,2,2,"[x^3*z^2 + 5/2*x^2*y*z + 2*x^2*z^2 - 3/2*x^3 + 1/4*x*y^2 + 3*x*y*z - 4*x*z^2 - 3*x^2 + 1/4*y^2 + 1/2*y*z - 5*z^2 - 3/2*x, x^2*y*z^2 - x^3*z + 1/2*x*y^2*z + 3*x*y*z^2 + 1/2*x^2*y - 3*x^2*z + 1/2*y^2*z + 2*y*z^2 + 1/2*x*y - 4*x*z - 2*z, x*y^2*z^2 - 29/4*x^2*y*z - x^2*z^2 + y^2*z^2 + 15/4*x^3 + x*y^2 - 15/2*x*y*z + 4*x*z^2 + 11/2*x^2 + y^2 - 1/4*y*z + 5*z^2 - 3/4*x - 5/2, x^2*z^3 + 7/2*x^3*z - 31/8*x*y^2*z - 45/4*x*y*z^2 - 5*x*z^3 - 29/8*x^2*y + 53/4*x^2*z - 31/8*y^2*z - 45/4*y*z^2 - 6*z^3 - 27/8*x*y + 95/4*x*z + 1/4*y + 14*z, x*y*z^3 + 41/8*x^2*y*z - 1/2*x^2*z^2 + y*z^3 - 23/8*x^3 - x*y^2 + 21/4*x*y*z - 5*x*z^2 - 15/4*x^2 - y^2 + 1/8*y*z - 9/2*z^2 + 11/8*x + 9/4, x*z^4 - 23/16*x^2*y*z + 1/4*x^2*z^2 + z^4 + 21/16*x^3 + x*y^2 - 9/8*x*y*z - x*z^2 + 7/8*x^2 + y^2 + 5/16*y*z - 5/4*z^2 - 37/16*x - 15/8, x^4 - 21/2*x^2*y*z - 2*x^2*z^2 + 13/2*x^3 + 2*x*y^2 - 11*x*y*z + 8*x*z^2 + 6*x^2 + 2*y^2 - 1/2*y*z + 10*z^2 - 7/2*x - 4, x^3*y - 2*x^3*z + 5/2*x*y^2*z + 7*x*y*z^2 + 4*x*z^3 + 5/2*x^2*y - 11*x^2*z + 5/2*y^2*z + 7*y*z^2 + 4*z^3 + 3/2*x*y - 17*x*z - 8*z, x^2*y^2 - 3*x^2*y*z + x^3 + 2*x*y^2 - 4*x*y*z + 4*x*z^2 + y^2 - y*z + 4*z^2 - 3*x - 2, x*y^3 - 4*x^3*z + 6*x*y^2*z + 12*x*y*z^2 + 8*x*z^3 + 4*x^2*y + y^3 - 16*x^2*z + 6*y^2*z + 12*y*z^2 + 8*z^3 + 2*x*y - 32*x*z - 2*y - 20*z]"
13,aaabaaabaaaBB,2,2,"[x*y^2*z^2 + y^2*z^2 - 1/2*x*y^2 - x*z^2 - 1/2*y^2 - z^2 + 1/2*x + 1/2, x^2*y^2 + 2*x*y^2 - x^2 + y^2 - 2*x - 1, x*y^3 + 2*x*y^2*z + y^3 + 2*y^2*z - x*y - 2*x*z - y - 2*z, x^2*z - x*y - y - z]"
13,aaabaaabAAABB,2,2,"[x^3*z^2 - 2/5*x^2*y^2 + 23/10*x^2*z^2 - 11/10*x^3 - 3/2*x*y^2 - 3/2*x*y*z + 7/5*x*z^2 + 3/10*x^2 - 11/10*y^2 - 3/2*y*z + 1/10*z^2 + 39/10*x + 5/2, x*y^2*z^2 + 1/2*x^2*y^2 - 1/4*x^2*z^2 + y^2*z^2 - 1/4*x^3 - 1/4*x*y^2 - 1/4*x*y*z - x*z^2 - 1/4*x^2 - 3/4*y^2 - 1/4*y*z - 3/4*z^2 + 3/4*x + 3/4, x^2*z^3 + 3/29*x^3*z - 17/29*x*y^2*z - 43/29*x*y*z^2 + 40/29*x*z^3 - 10/29*x^2*y - 1/29*x^2*z - 17/29*y^2*z - 43/29*y*z^2 + 11/29*z^3 + 2/29*x*y + 33/29*x*z + 12/29*y + 37/29*z, x*y*z^3 + 1/4*x^2*y^2 - 17/16*x^2*z^2 + y*z^3 + 3/16*x^3 + 17/16*x*y^2 - 1/16*x*y*z - 2*x*z^2 - 3/16*x^2 + 13/16*y^2 - 1/16*y*z - 15/16*z^2 - 19/16*x - 13/16, x*z^4 - 1/4*x^2*y^2 + 1/32*x^2*z^2 + z^4 + 9/32*x^3 + 7/32*x*y^2 + 33/32*x*y*z - 2*x*z^2 - 1/32*x^2 + 15/32*y^2 + 33/32*y*z - 65/32*z^2 - 25/32*x - 15/32, x^4 - 3/5*x^2*y^2 - 13/10*x^2*z^2 + 21/10*x^3 + 1/2*x*y^2 + 7/2*x*y*z - 12/5*x*z^2 - 23/10*x^2 + 11/10*y^2 + 7/2*y*z - 11/10*z^2 - 69/10*x - 7/2, x^3*y + 44/29*x^3*z + 60/29*x*y^2*z + 104/29*x*y*z^2 - 32/29*x*z^3 + 8/29*x^2*y - 63/29*x^2*z + 60/29*y^2*z + 104/29*y*z^2 - 32/29*z^3 - 48/29*x*y - 212/29*x*z - 27/29*y - 105/29*z, x*y^3 - 37/29*x^3*z + 26/29*x*y^2*z - 40/29*x*y*z^2 + 48/29*x*z^3 + 17/29*x^2*y + y^3 - 7/29*x^2*z + 26/29*y^2*z - 40/29*y*z^2 + 48/29*z^3 - 15/29*x*y - 1/29*x*z - 32/29*y - 31/29*z, x^2*y*z - x^3 - x*y^2 - y^2 - y*z + 3*x + 2]"
13,aaabaaaBBAAAb,2,2,"[x*y^2*z^2 + y^2*z^2 - 2*x*z^2 - 1/2*x^2 - 2*z^2 + 1/2*x + 1, x*y*z^3 + y*z^3 - 3/4*x^3 + x*y^2 - 3*x*y*z + y^2 - 3*y*z + 7/4*x + 1, x*z^4 + z^4 + 1/4*x^3 + x*y*z - 3*x*z^2 - 3/4*x^2 + y*z - 3*z^2 + 1, x^4 + x^3 - 3*x^2 - 3*x, x^3*y - 3*x*y + 2*x*z - 2*y + 2*z, x^2*y^2 - x*y^2 + 2*x*z^2 - 2*y^2 + 2*z^2, x*y^3 - 3*x*y^2*z + 2*x*z^3 + y^3 - 3*y^2*z + 2*z^3, x^2*z - x*y + 2*x*z - y + z]"
13,aaabaabaaaBaB,2,2,"[x*y*z^4 - x*z^5 + y*z^4 - z^5 - 9/2*x*y^2*z + 13/2*x*y*z^2 - 2*x*z^3 - 1/2*x^2*y + 1/2*x^2*z - 9/2*y^2*z + 13/2*y*z^2 - 2*z^3 + 1/2*y - 1/2*z, x^3*z^2 - x^2*y*z + 1/3*x*y^2 + 1/3*x*y*z - 5/3*x*z^2 + 1/3*y^2 + 4/3*y*z - 2/3*z^2 - x - 1, x^2*y*z^2 - x^2*z^3 - 3*x*y^2*z + 3*x*y*z^2 + 2*x^2*y - 2*x^2*z - 3*y^2*z + 2*y*z^2 + z^3 + 5*x*y - 5*x*z + 3*y - 3*z, x*y^2*z^2 - 1/5*x*y*z^3 - 4/5*x*z^4 - 9/5*x^2*y*z + 9/5*x^2*z^2 + y^2*z^2 - 1/5*y*z^3 - 4/5*z^4 - 1/5*x*y^2 - 16/5*x*y*z + 17/5*x*z^2 - 1/5*y^2 - 7/5*y*z + 8/5*z^2, x^3*y - x^3*z - 3*x*y^2*z + x*y*z^2 + 2*x*z^3 + 5*x^2*y - 5*x^2*z - 3*y^2*z + y*z^2 + 2*z^3 + 8*x*y - 8*x*z + 4*y - 4*z, x^2*y^2 - 2*x^2*y*z + x^2*z^2 + 2*x*y^2 - 4*x*y*z + 2*x*z^2 + y^2 - 2*y*z + z^2, x*y^3 - 3*x*y^2*z + 2*x*z^3 + 3*x^2*y + y^3 - 3*x^2*z - 3*y^2*z + 2*z^3 + 6*x*y - 6*x*z + 3*y - 3*z]"
13,aaabaabAAABaB,2,2,"[x*y*z^4 - 1/144*x^4*z + y*z^4 + 1/2*x^3*y + 107/144*x^3*z + 77/36*x*y*z^2 + 25/9*x*z^3 + 7/144*x^2*y - 13/36*x^2*z + 77/36*y*z^2 + 25/9*z^3 - 37/24*x*y - 265/144*x*z - 157/144*y - 35/48*z, x*z^5 + 23/144*x^4*z + z^5 - 3/4*x^3*y - 121/144*x^3*z - 763/36*x*y*z^2 - 98/9*x*z^3 - 89/144*x^2*y + 173/36*x^2*z - 763/36*y*z^2 - 98/9*z^3 + 65/24*x*y - 421/144*x*z + 371/144*y - 419/48*z, x^5 - 488*x*y*z^3 - 40*x*z^4 - x^4 + 856/3*x^2*z^2 - 488*y*z^3 - 40*z^4 + 77/3*x^3 - 196*x*y*z - 1048/3*x*z^2 - 23*x^2 - 196*y*z - 1904/3*z^2 - 60*x - 28/3, x^4*y + 11/9*x^4*z + x^3*y + 11/9*x^3*z - 40/9*x*y*z^2 - 8/9*x*z^3 - 23/9*x^2*y - 13/9*x^2*z - 40/9*y*z^2 - 8/9*z^3 - 11/3*x*y - 55/9*x*z - 10/9*y - 14/3*z, x^3*z^2 - 222*x*y*z^3 - 18*x*z^4 - x^4 + 133*x^2*z^2 - 222*y*z^3 - 18*z^4 + 13*x^3 - 90*x*y*z - 157*x*z^2 - 9*x^2 - 90*y*z - 289*z^2 - 28*x - 5, x^2*z^3 + 3/4*x^3*y + 5/4*x^3*z + 2*x*z^3 + z^3 - 9/4*x*y - 15/4*x*z - 3/2*y - 5/2*z, x^2*y*z + 1/3*x^2*z^2 - 1/3*x^3 + 2*x*y*z + 2/3*x*z^2 + y*z + 1/3*z^2 + x + 2/3, x*y^2 - x*y*z + x^2 + y^2 - y*z - x - 2]"
13,aaabaaBaaabaB,2,2,"[x*z^3 + z^3 + 3/2*x*y - x*z + 3/2*y - z, x*y^2 - 2*x*z^2 + y^2 - 2*z^2 + 4*x + 4, x*y*z + 2*x*z^2 + y*z + 2*z^2 - 3*x - 3, x^2 + 2*x + 1]"
13,aaabaaBAAAbaB,2,2,"[x*z^3 + z^3 - 17/26*x*y - 61/13*x*z - 17/26*y - 61/13*z, x*y^2 - 10/17*x*z^2 + y^2 - 10/17*z^2 - 8/17*x - 8/17, x*y*z + 14/17*x*z^2 + y*z + 14/17*z^2 + 1/17*x + 1/17, x^2 + 2*x + 1]"
13,aaababaaaBaaB,2,2,"[x*z^5 - 1/4*x^2*y*z^2 + z^5 - 1/4*x^3*y - 2*x*z^3 + 1/4*x^2*z + 1/4*y*z^2 - 2*z^3 + 1/4*x*y + 3/2*x*z + 5/4*z, x^4*y + x^3*y - x^3*z + 1/2*x*y*z^2 + x*z^3 - 3/2*x^2*y - 2*x^2*z + 1/2*y*z^2 + z^3 - 3/2*x*y - 3/2*x*z - 1/2*z, x^3*y^2 + 2*x*z^4 - x^2*y*z + x^2*z^2 + 2*z^4 - x*y^2 - x*y*z - 4*x*z^2 - x^2 - 5*z^2 + 2*x + 3, x^2*y^3 - 5/2*x^2*y*z^2 - 1/2*x^3*y - x*y^2*z - 1/2*x*y*z^2 + 3*x*z^3 + 3/2*x^2*y - y^3 + 1/2*x^2*z - y^2*z + 2*y*z^2 + 3*z^3 + x*y - 3/2*x*z - y - 2*z, x^3*y*z - 4/3*x*z^4 + 1/3*x^2*y^2 + 4/3*x^2*y*z - 2/3*x^2*z^2 - 4/3*z^4 - 4/3*x*y*z + 4/3*x*z^2 - 1/3*x^2 - 1/3*y^2 - 5/3*y*z + 2*z^2 - 7/3*x - 2, x^2*y^2*z + x^3*y - 1/2*x*y*z^2 + x*z^3 + 3/2*x^2*y - x^2*z - y^2*z - 1/2*y*z^2 + z^3 - 3/2*x*y - 7/2*x*z - 2*y - 5/2*z, x^3*z^2 - 2/3*x*z^4 + 2/3*x^2*y^2 - 1/3*x^2*y*z - 1/3*x^2*z^2 - 2/3*z^4 - x^3 - 2/3*x*y*z - 1/3*x*z^2 + 1/3*x^2 - 2/3*y^2 - 1/3*y*z + z^2 + 4/3*x, x*y^2*z^2 - x^2*y^2 + y^2*z^2 - x*y^2 + x*y*z - 2*x*z^2 + y*z - 2*z^2 + 2*x + 2, x^2*z^3 + x^3*y - 1/2*x*y*z^2 + x*z^3 + 3/2*x^2*y - 2*x^2*z - 1/2*y*z^2 - 1/2*x*y - 7/2*x*z - y - 3/2*z, x*y*z^3 - 2/3*x*z^4 + 2/3*x^2*y^2 - 1/3*x^2*y*z - 4/3*x^2*z^2 + y*z^3 - 2/3*z^4 - 5/3*x*y*z + 5/3*x*z^2 + 4/3*x^2 - 2/3*y^2 - 4/3*y*z + 3*z^2 - 2/3*x - 2]"
13,aaababAAABaaB,2,2,"[x^5 + 4*x^4 + 4*x^2*y*z + x^2*z^2 + 4*x^3 + 16*x*y^2 + 16*x*y*z + 2*x*z^2 - 5*x^2 + 16*y^2 + 12*y*z + z^2 - 35*x - 29, x^4*y + 3*x^3*y - x^3*z - x*y*z^2 - 2*x*z^3 - 2*x^2*z - y*z^2 - 2*z^3 - 4*x*y + 4*x*z - 2*y + 5*z, x^4*z + x^3*y - x^3*z - 8*x*y^2*z - 4*x*y*z^2 + 5*x^2*y - 8*x^2*z - 8*y^2*z - 4*y*z^2 + 7*x*y + 3*x*z + 3*y + 9*z, x^3*y*z - x^4 + x^2*y*z - x^2*z^2 - 3*x^3 - 8*x*y^2 - 5*x*y*z - 2*x*z^2 - x^2 - 8*y^2 - 5*y*z - z^2 + 15*x + 14, x^3*z^2 - 2*x^4 - 4*x^2*y*z + 2*x^2*z^2 - 5*x^3 - 8*x*y^2 - 12*x*y*z + x*z^2 - 8*y^2 - 8*y*z + 19*x + 16, x^2*y*z^2 - x^3*y + 2*x^3*z + 8*x*y^2*z + 6*x*y*z^2 - 4*x^2*y + 5*x^2*z + 8*y^2*z + 5*y*z^2 - 5*x*y - 8*x*z - 2*y - 11*z, x*y^2*z^2 + x^4 + 2*x^2*y*z + y^2*z^2 + 2*x^3 + x*y^2 + 6*x*y*z - 2*x*z^2 - 2*x^2 + y^2 + 4*y*z - 2*z^2 - 7*x - 4, x^2*z^3 + x^3*y - x*y*z^2 - 2*x^2*z - y*z^2 - z^3 - 2*x*y + x*z - y + 3*z, x*y*z^3 - x^4 - 2*x^2*y*z + y*z^3 - 2*x^3 - 7*x*y*z + x*z^2 + 3*x^2 - 5*y*z + z^2 + 7*x + 3, x*z^4 + 3/2*x^2*y*z - 1/2*x^2*z^2 + z^4 - 1/2*x^3 - 4*x*y^2 + 2*x*y*z - 4*x*z^2 - 3/2*x^2 - 4*y^2 + 1/2*y*z - 7/2*z^2 + 5*x + 6, x^2*y^2 - x*y*z - x^2 - y^2 - y*z + x + 2, x*y^3 + 1/2*x*y^2*z + 1/8*x*y*z^2 + 1/4*x*z^3 + 1/8*x^2*y + y^3 + 1/4*x^2*z + 1/2*y^2*z + 1/8*y*z^2 + 1/4*z^3 - 11/8*x*y - 1/8*x*z - 3/2*y - 3/8*z]"
13,aaabaBAAAbaaB,2,2,"[x*z^3 + z^3 + 1/26*x*y - 4/13*x*z + 1/26*y - 4/13*z, x*y^2 + 10*x*z^2 + y^2 + 10*z^2 - 4*x - 4, x*y*z + 4*x*z^2 + y*z + 4*z^2 - x - 1, x^2 + 2*x + 1]"
13,aaabbaaaBaaaB,2,2,"[x^4*z^2 - x^2*z^4 + 3/7*x*y^2*z^2 - x*y*z^3 - 4/7*x^4 - 1/21*x^2*y^2 - 10/7*x^2*z^2 + 3/7*y^2*z^2 - y*z^3 + z^4 - 5/21*x*y^2 + 4/7*x*y*z - 10/7*x*z^2 + 25/21*x^2 - 4/21*y^2 + 4/7*y*z - z^2 + 17/21*x + 4/21, x*y^2*z^3 + 1/2*x^4*z - 1/2*x^2*z^3 + y^2*z^3 + 1/3*x^3*y + 1/2*x*y^3 - 1/2*x*y*z^2 - x*z^3 + 1/2*y^3 - 4/3*x^2*z - 1/2*y*z^2 - 1/2*z^3 - 7/6*x*y - 1/2*x*z - 5/6*y + 1/3*z, x^5 - x^3*z^2 + 18/7*x*y^2*z^2 + 11/7*x^4 + 19/7*x^2*y^2 - 11/7*x^2*z^2 + 18/7*y^2*z^2 - 3*x^3 + 18/7*x*y^2 - 18/7*x*y*z - 11/7*x*z^2 - 48/7*x^2 - 1/7*y^2 - 18/7*y*z - z^2 - 15/7*x + 8/7, x^4*y + 6/7*x^4*z - 6/7*x^2*z^3 + 11/7*x^3*y + 9/7*x*y^3 - x^3*z + 12/7*x*y^2*z - 6/7*x*y*z^2 - 2*x^2*y + 9/7*y^3 - 23/7*x^2*z + 12/7*y^2*z - 6/7*y*z^2 + 6/7*z^3 - 38/7*x*y - 11/7*x*z - 20/7*y - 1/7*z, x^3*y^2 - 24/7*x*y^2*z^2 - 3/7*x^4 - 2/7*x^2*y^2 + 3/7*x^2*z^2 - 24/7*y^2*z^2 - x^3 - 10/7*x*y^2 + 3/7*x*y*z + 24/7*x*z^2 + 8/7*x^2 - 1/7*y^2 + 3/7*y*z + 3*z^2 + 13/7*x + 1/7, x^2*y^3 + 3/7*x^4*z - 3/7*x^2*z^3 - 5/7*x^3*y + 8/7*x*y^3 - 15/7*x*y^2*z - 3/7*x*y*z^2 - x^2*y + 1/7*y^3 - 1/7*x^2*z - 15/7*y^2*z - 3/7*y*z^2 + 3/7*z^3 + 2/7*x*y + 12/7*x*z + 4/7*y + 10/7*z, x*y^4 - 6/7*x*y^2*z^2 - 6/7*x^4 - 4/7*x^2*y^2 + y^4 + 6/7*x^2*z^2 - 6/7*y^2*z^2 - 20/7*x*y^2 + 6/7*x*y*z + 6/7*x*z^2 + 16/7*x^2 - 16/7*y^2 + 6/7*y*z + 19/7*x + 9/7, x*y^3*z + 12/7*x*y^2*z^2 + 5/7*x^4 + 1/7*x^2*y^2 + y^3*z - 5/7*x^2*z^2 + 12/7*y^2*z^2 - 2/7*x*y^2 - 12/7*x*y*z - 12/7*x*z^2 - 11/7*x^2 - 3/7*y^2 - 12/7*y*z - z^2 - 3/7*x + 3/7, x^2*y*z - x^3 - x*y^2 - y^2 - y*z + 3*x + 2]"
13,aaabbaaaBAAAB,2,2,"[x^5 + 2*x^4 - x^2*y^2 - 2*x^3 - 2*x*y^2 - 5*x^2 - y^2 - x + 1, x^4*y + 3*x^3*y - x*y^3 - 2*x*y^2*z + x^2*y - y^3 - 2*y^2*z - 4*x*y - 2*x*z - 3*y - 2*z, x^3*y^2 - x*y^3*z + x^4 + 2*x^2*y^2 - y^3*z + x^3 - 2*x*y^2 - x*y*z - 3*x^2 - 3*y^2 - y*z - 2*x + 1, x*y^2*z^2 + 1/2*x^4 - x^2*y^2 + y^2*z^2 + 1/2*x^3 - 7/2*x*y^2 + x*z^2 - 3/2*x^2 - 5/2*y^2 + z^2 - x + 1/2, x^2*z - x*y - y - z]"
13,aaabbAAABaaaB,2,2,"[x^3*z^2 - 2*x^2*y*z - x^2*z^2 + x*y^2 - x*z^2 + y^2 + 2*y*z + z^2, x^2*y*z^2 - 2/3*x^3*z - x*y^2*z - 4/3*x*y*z^2 - 8/3*x*z^3 + 4/3*x^2*y + 2/3*x^2*z - y^2*z - 7/3*y*z^2 - 8/3*z^3 + 10/3*x*y + 14/3*x*z + 2*y + 10/3*z, x*y^2*z^2 - 3/8*x^2*y*z - x^2*z^2 + y^2*z^2 + 3/4*x^3 - 9/8*x*y^2 - 1/2*x*y*z - 2*x*z^2 + 2*x^2 - 9/8*y^2 - 1/8*y*z - z^2 + 9/4*x + 1, x^2*z^3 - 1/2*x^3*z - x*y*z^2 + 1/2*x^2*y - x^2*z - y*z^2 - z^3 + 3/2*x*y + 1/2*x*z + y + z, x*y*z^3 + 1/8*x^2*y*z + 15/8*x^2*z^2 + y*z^3 - 3/4*x^3 - 1/8*x*y^2 - 15/8*x*y*z + 5/2*x*z^2 - 11/4*x^2 - 1/8*y^2 - 2*y*z + 5/8*z^2 - 7/2*x - 3/2, x*z^4 - 11/32*x^2*y*z - 27/16*x^2*z^2 + z^4 + 9/16*x^3 + 3/32*x*y^2 + 1/16*x*y*z - 7/2*x*z^2 + 17/8*x^2 + 3/32*y^2 + 13/32*y*z - 29/16*z^2 + 43/16*x + 9/8, x^4 - 15/4*x^2*y*z - 8*x^2*z^2 + 9/2*x^3 + 7/4*x*y^2 + x*y*z - 6*x*z^2 + 7*x^2 + 7/4*y^2 + 19/4*y*z + 2*z^2 + 9/2*x + 1, x^3*y - 5/3*x^3*z - 2*x*y^2*z - 28/3*x*y*z^2 - 32/3*x*z^3 + 25/3*x^2*y + 19/6*x^2*z - 2*y^2*z - 28/3*y*z^2 - 32/3*z^3 + 101/6*x*y + 53/3*x*z + 19/2*y + 77/6*z, x^2*y^2 + 5/4*x^2*y*z + 3*x^2*z^2 - 1/2*x^3 + 3/4*x*y^2 - 2*x*y*z + 2*x*z^2 - 3*x^2 - 1/4*y^2 - 13/4*y*z - z^2 - 9/2*x - 2, x*y^3 + 11/6*x^3*z + 2*x*y^2*z + 8/3*x*y*z^2 + 16/3*x*z^3 - 19/6*x^2*y + y^3 + 1/6*x^2*z + 2*y^2*z + 8/3*y*z^2 + 16/3*z^3 - 29/3*x*y - 71/6*x*z - 13/2*y - 61/6*z]"
13,aaabAbaaaBAAB,2,2,"[x*y*z^4 - x*z^5 + y*z^4 - z^5 - 1/2*x*y^3 - 9/2*x*y*z^2 + 5*x*z^3 - 1/2*y^3 - 9/2*y*z^2 + 5*z^3 + 5*x*y - 5*x*z + 5*y - 5*z, x*y^4 - x*y*z^3 + y^4 - y*z^3 - 4*x*y^2 + 5*x*y*z - x*z^2 - 4*y^2 + 5*y*z - z^2, x^3*z^2 - 4/3*x*y*z^3 + 4/3*x*z^4 - x^4 - x^2*y*z - 4/3*y*z^3 + 4/3*z^4 - x^3 - x*y^2 + 13/3*x*y*z - 13/3*x*z^2 + 3*x^2 - y^2 + 16/3*y*z - 10/3*z^2 + 2*x - 1, x^2*y*z^2 - x^2*z^3 + 2*x*y*z^2 - 2*x*z^3 - x^2*y + x^2*z + y*z^2 - z^3 - 2*x*y + 2*x*z - y + z, x^3*y + x*y^3 - x^3*z - x*y*z^2 + y^3 - y*z^2 - 4*x*y + 4*x*z - 3*y + 3*z, x^2*y^2 - 2*x^2*y*z + x^2*z^2 + 2*x*y^2 - 4*x*y*z + 2*x*z^2 + y^2 - 2*y*z + z^2, x*y^2*z + x*y*z^2 - 2*x*z^3 + y^2*z + y*z^2 - 2*z^3 - 3*x*y + 3*x*z - 3*y + 3*z]"
13,aaabAbAAABAAB,2,2,"[x*y*z^4 - 1/80*x^4*z + y*z^4 + 1/2*x^3*y + 59/80*x^3*z + 9/4*x*y*z^2 + 27/10*x*z^3 - 3/80*x^2*y - 21/40*x^2*z + 9/4*y*z^2 + 27/10*z^3 - 59/40*x*y - 133/80*x*z - 15/16*y - 31/80*z, x*z^5 + 23/80*x^4*z + z^5 - 3/4*x^3*y - 57/80*x^3*z - 55/4*x*y*z^2 - 71/10*x*z^3 + 29/80*x^2*y + 143/40*x^2*z - 55/4*y*z^2 - 71/10*z^3 + 87/40*x*y - 161/80*x*z + 17/16*y - 527/80*z, x^5 - 128*x*y*z^3 - 16*x*z^4 - x^4 + 208/3*x^2*z^2 - 128*y*z^3 - 16*z^4 + 5/3*x^3 - 68*x*y*z - 280/3*x*z^2 + 5*x^2 - 68*y*z - 488/3*z^2 - 16*x - 52/3, x^4*y + 3/5*x^4*z + x^3*y + 3/5*x^3*z - 8*x*y*z^2 - 8/5*x*z^3 - 11/5*x^2*y + 11/5*x^2*z - 8*y*z^2 - 8/5*z^3 - 21/5*x*y - 31/5*x*z - 2*y - 42/5*z, x^3*z^2 + 42*x*y*z^3 + 6*x*z^4 + 2*x^4 - 19*x^2*z^2 + 42*y*z^3 + 6*z^4 + 18*x*y*z + 31*x*z^2 - 6*x^2 + 18*y*z + 51*z^2 - x + 3, x^2*z^3 + 3/4*x^3*y + 5/4*x^3*z + 2*x*z^3 + z^3 - 9/4*x*y - 15/4*x*z - 3/2*y - 5/2*z, x^2*y*z + 1/3*x^2*z^2 - 1/3*x^3 + 2*x*y*z + 2/3*x*z^2 + y*z + 1/3*z^2 + x + 2/3, x*y^2 - x*y*z + x^2 + y^2 - y*z - x - 2]"
13,aaabAAbaaaBAB,2,2,"[x^2*y^4 - x*y^3*z + 5*x^3*z^2 - 4*x*y^2*z^2 - 5*x*y*z^3 + 3*x^4 - 8*x^2*y^2 - y^4 - 6*x^2*y*z - y^3*z + 14*x^2*z^2 - 4*y^2*z^2 - 5*y*z^3 + 3*x^3 - 4*x*y^2 + 3*x*y*z + 10*x*z^2 - 9*x^2 + 4*y^2 + 9*y*z + z^2 - 6*x + 3, x*y^3*z^2 + x^2*y^3 - x^2*y*z^2 + y^3*z^2 - 2*x^3*y + x*y^3 + 2*x^3*z - x*y^2*z - 5*x*y*z^2 - 5*x^2*y + 6*x^2*z - y^2*z - 4*y*z^2 + 5*x*z + 3*y + z, x^3*z^3 - x*y*z^4 - x^2*y^3 - x^2*y*z^2 + 2*x^2*z^3 - y*z^4 + x^3*y - 5*x^3*z + x*y^2*z + 4*x*y*z^2 + 9*x^2*y + y^3 - 11*x^2*z + y^2*z + 5*y*z^2 - z^3 + 4*x*y - 5*x*z - 4*y + z, x^2*y*z^3 - 1/2*x^3*z^2 + 1/2*x*y^2*z^2 + 1/2*x*y*z^3 - x*z^4 + 1/2*x^4 - 5/2*x^2*y*z - 3/2*x^2*z^2 + 1/2*y^2*z^2 - 1/2*y*z^3 - z^4 + 1/2*x^3 + 1/2*x*y^2 + 1/2*x*y*z + x*z^2 - 3/2*x^2 + 1/2*y^2 + 3*y*z + 2*z^2 - x + 1/2, x*y^2*z^3 - x^2*y^3 - x^2*y*z^2 - x^2*z^3 + y^2*z^3 + x^3*y - 4*x^3*z + 2*x*y^2*z + 4*x*y*z^2 - 2*x*z^3 + 8*x^2*y + y^3 - 9*x^2*z + 2*y^2*z + 5*y*z^2 - z^3 + 3*x*y - 5*x*z - 4*y, x^5 + x^3*z^2 - x*y*z^3 - x^2*y^2 - 3*x^2*y*z + x^2*z^2 - y*z^3 - 4*x^3 + 2*x*z^2 + x^2 + y^2 + 3*y*z + 2*z^2 + 3*x - 1, x^4*y + x^2*y^3 - 2*x^2*y*z^2 - 2*x^3*y + 5*x^3*z - x*y^2*z - 6*x*y*z^2 + 2*x*z^3 - 12*x^2*y - y^3 + 13*x^2*z - y^2*z - 4*y*z^2 + 2*z^3 - 4*x*y + 7*x*z + 5*y - z, x^3*y^2 + x*y^2*z^2 - x^4 + x^2*y^2 - 3*x^2*y*z - x^2*z^2 + y^2*z^2 - x^3 - 2*x*y*z + 3*x^2 + y*z + z^2 + 2*x - 1, x^4*z - x^2*y*z^2 - 2*x^3*y + 3*x^3*z - 2*x*y*z^2 - 3*x^2*y + 3*x^2*z - y*z^2 + x*z + y, x^3*y*z - x^3*z^2 + x*y*z^3 - x^4 + 3*x^2*y*z - 3*x^2*z^2 + y*z^3 - x^3 - 2*x*z^2 + 3*x^2 - 2*y*z + 2*x - 1, x^2*y^2*z - x^3*y - x*y*z^2 + x^2*z - y^2*z - y*z^2 + x*y + x*z]"
13,aaabAAbAAABAB,2,2,"[x*z^5 + z^5 + x^3*y + 4*x*y^3 + 6/5*x*y^2*z + 3/10*x*y*z^2 - 8/5*x*z^3 + 14/5*x^2*y + 4*y^3 - 2/5*x^2*z + 6/5*y^2*z + 3/10*y*z^2 - 8/5*z^3 - 37/10*x*y + 1/5*x*z - 11/2*y + 3/5*z, x*y^4 - 1/8*x*z^4 + y^4 + 9/16*x^2*y*z - 1/8*z^4 - 7/16*x^3 - 15/4*x*y^2 + 3/4*x*y*z - 3/8*x*z^2 - 9/8*x^2 - 15/4*y^2 + 3/16*y*z - 3/8*z^2 + 19/8*x + 49/16, x*y^3*z + 1/4*x*z^4 - 5/8*x^2*y*z + y^3*z - 1/8*x^2*z^2 + 1/4*z^4 + 5/8*x^3 + 5/2*x*y^2 - 3/2*x*y*z + 1/2*x*z^2 + 11/8*x^2 + 5/2*y^2 - 7/8*y*z + 5/8*z^2 - 11/4*x - 7/2, x^2*y*z^2 + 8/5*x*y^2*z + 12/5*x*y*z^2 - 4/5*x*z^3 - 3/5*x^2*y + 4/5*x^2*z + 8/5*y^2*z + 7/5*y*z^2 - 4/5*z^3 - 8/5*x*y - 2/5*x*z - y - 6/5*z, x*y^2*z^2 + x^2*y*z + 1/2*x^2*z^2 + y^2*z^2 - x*y^2 + 2*x*y*z - x*z^2 - 1/2*x^2 - y^2 + y*z - 3/2*z^2 + 1/2, x^2*z^3 + 2*x^3*y + 2*x*z^3 + 6*x^2*y - 3*x^2*z + z^3 + 6*x*y - 6*x*z + 2*y - 3*z, x*y*z^3 - 2*x*z^4 - 3*x^2*y*z + y*z^3 - 2*z^4 - 5*x^3 - 16*x*y^2 - 17*x*y*z + 3*x*z^2 - 8*x^2 - 16*y^2 - 14*y*z + 3*z^2 + 25*x + 28, x^4 + 2*x^2*y*z + 1/2*x^2*z^2 + 3*x^3 + 8*x*y^2 + 8*x*y*z + x*z^2 + 1/2*x^2 + 8*y^2 + 6*y*z + 1/2*z^2 - 16*x - 29/2, x^2*y^2 - x*y*z - x^2 - y^2 - y*z + x + 2, x^3*z + 16/5*x*y^2*z + 9/5*x*y*z^2 + 2/5*x*z^3 - 1/5*x^2*y + 8/5*x^2*z + 16/5*y^2*z + 9/5*y*z^2 + 2/5*z^3 - 1/5*x*y - 24/5*x*z - 27/5*z]"
13,aaabAAAbaaaBB,2,2,"[x^3*y^3 - x^2*y^2*z - 2*x^3*y - 2*x*y^3 - y^3 + 2*x^2*z + y^2*z + 4*x*y + 2*y - 2*z, x^3*y^2*z + 10*x^2*y^3 + 6*x^4*z - x^2*y*z^2 + 12*x*y^3 + 4*x^3*z - 18*x*y^2*z - 8*x^2*y + 2*y^3 - 30*x^2*z - 17*y^2*z + y*z^2 - 2*x*y - 20*x*z + 6*y + 8*z, x^2*y^3*z - 1/3*x^3*y^2 + 1/12*x^3*y*z + 11/12*x*y^3*z + 1/12*x^3*z^2 - x*y^2*z^2 + 7/12*x^4 - 3/4*x^2*y*z - 1/12*y^3*z - x^2*z^2 - y^2*z^2 + 7/12*x^3 + 1/12*x*y^2 - 1/12*x*y*z - 13/12*x*z^2 - 7/4*x^2 - 1/4*y^2 + 3/4*y*z - 7/6*x + 7/12, x^4*z^2 + 2/3*x^3*y^2 - 5/12*x^3*y*z + 5/12*x*y^3*z + 7/12*x^3*z^2 - x*y^2*z^2 - 11/12*x^4 - 1/4*x^2*y*z + 5/12*y^3*z - 3*x^2*z^2 - y^2*z^2 - 11/12*x^3 - 5/12*x*y^2 + 5/12*x*y*z - 19/12*x*z^2 + 11/4*x^2 + 1/4*y^2 + 1/4*y*z + z^2 + 11/6*x - 11/12, x^3*y*z^2 - 22/3*x^2*y^3 - 14/3*x^4*z - x^2*z^3 - 2/3*x^3*y - 26/3*x*y^3 - 10/3*x^3*z + 12*x*y^2*z - 2*x*y*z^2 + 6*x^2*y - 4/3*y^3 + 70/3*x^2*z + 12*y^2*z - y*z^2 + z^3 + 8/3*x*y + 46/3*x*z - 4*y - 20/3*z, x*y^3*z^2 - x^3*z^3 - 10/3*x^2*y^3 - 5/3*x^4*z + x^2*y*z^2 + y^3*z^2 - x^2*z^3 - 2/3*x^3*y - 14/3*x*y^3 - 1/3*x^3*z + 5*x*y^2*z - x*y*z^2 + x*z^3 + 2*x^2*y - 4/3*y^3 + 31/3*x^2*z + 5*y^2*z - 2*y*z^2 + z^3 + 8/3*x*y + 16/3*x*z - 11/3*z, x^5 + x^3*y^2 + x^3*y*z + 2*x*y^3*z - 2*x^3*z^2 - x^2*y^2 + x^2*y*z + 2*y^3*z - 3*x^2*z^2 - 4*x^3 - 2*x*y^2 - 4*x*y*z + 2*x*z^2 + x^2 - 4*y*z + 3*z^2 + 3*x - 1, x^4*y + 4*x^2*y^3 + 2*x^4*z + x^3*y + 5*x*y^3 - 6*x*y^2*z - 5*x^2*y + y^3 - 12*x^2*z - 6*y^2*z - 4*x*y - 6*x*z + y + 4*z, x*y^4 - 3/2*x^3*y*z + 1/2*x*y^3*z - 1/2*x^3*z^2 + 3/2*x^4 + x^2*y^2 + y^4 - 1/2*x^2*y*z + 1/2*y^3*z + 3/2*x^3 - 5/2*x*y^2 + 3/2*x*y*z + 1/2*x*z^2 - 9/2*x^2 - 7/2*y^2 + 1/2*y*z - 3*x + 3/2]"
13,aaabAAAbAAABB,2,2,"[x*z^5 - 5/16*x^4*y + z^5 - 5/4*x^3*y + 3/8*x*y^2*z - x*y*z^2 - 17/4*x*z^3 - 11/16*x^2*y + 3/8*y^2*z - y*z^2 - 17/4*z^3 + 4*x*y + 45/8*x*z + 15/4*y + 45/8*z, x^5 - 16/5*x*z^4 + 3*x^4 - 16/5*z^4 - 9/5*x^3 - 6/5*x*y^2 + 16/5*x*y*z + 68/5*x*z^2 - 15*x^2 - 6/5*y^2 + 16/5*y*z + 68/5*z^2 - 86/5*x - 6, x*y^2*z^2 - 16/5*x*z^4 + y^2*z^2 - 16/5*z^4 - 4/5*x^3 - 7/10*x*y^2 + 16/5*x*y*z + 43/5*x*z^2 - 4*x^2 - 7/10*y^2 + 16/5*y*z + 43/5*z^2 - 57/10*x - 5/2, x*y*z^3 + 2*x*z^4 + 1/4*x^4 + y*z^3 + 2*z^4 + 3/2*x^3 - x*y^2 - 5*x*y*z - 6*x*z^2 + 13/4*x^2 - y^2 - 5*y*z - 6*z^2 + 3*x + 1, x^2*y^2 + 2*x*y^2 - x^2 + y^2 - 2*x - 1, x*y^3 + 2*x*y^2*z + y^3 + 2*y^2*z - x*y - 2*x*z - y - 2*z, x^2*z - x*y - y - z]"
13,aaabAABaaabAB,2,2,"[x*z^3 + z^3 - 9/2*x*y - 6*x*z - 9/2*y - 6*z, x*y^2 + 2/3*x*z^2 + y^2 + 2/3*z^2 - 4*x - 4, x*y*z + y*z + 3*x + 3, x^2 + 2*x + 1]"
13,aaaBaabaaaBab,2,2,"[x*z^3 + z^3 + 1/2*x*y + 1/2*y, x*y^2 + 2*x*z^2 + y^2 + 2*z^2, x*y*z + y*z - x - 1, x^2 + 2*x + 1]"
13,aaaBaabAAABab,2,2,"[x*z^3 + z^3 + 1/26*x*y - 4/13*x*z + 1/26*y - 4/13*z, x*y^2 + 10*x*z^2 + y^2 + 10*z^2 - 4*x - 4, x*y*z + 4*x*z^2 + y*z + 4*z^2 - x - 1, x^2 + 2*x + 1]"
13,aaaBabAAABaab,2,2,"[x*z^3 + z^3 - 17/26*x*y - 61/13*x*z - 17/26*y - 61/13*z, x*y^2 - 10/17*x*z^2 + y^2 - 10/17*z^2 - 8/17*x - 8/17, x*y*z + 14/17*x*z^2 + y*z + 14/17*z^2 + 1/17*x + 1/17, x^2 + 2*x + 1]"
13,aaaBAbaaaBAAb,2,2,"[x*z^3 + z^3 - 9/2*x*y - 6*x*z - 9/2*y - 6*z, x*y^2 + 2/3*x*z^2 + y^2 + 2/3*z^2 - 4*x - 4, x*y*z + y*z + 3*x + 3, x^2 + 2*x + 1]"
14,aaaaaaaaaaaaaa,2,2,[x^6 - 5*x^4 + 6*x^2 - 1]
14,aaaaaaaaaabaaB,2,2,[x]
14,aaaaaaaaaabAAB,2,2,[x]
14,aaaaaaaaaaBaab,2,2,[x]
14,aaaaaaaaaaBAAb,2,2,[x]
14,aaaaaaaaabaaaB,2,2,"[x^4 - 2*x^2 + 1, x^3*y - 2*x^2*z - x*y + 2*z, x^2*y^2 + 4*x^2 - y^2 - 4, x^3*z - 1/2*x^2*y - x*z + 1/2*y, x^2*y*z + 2*x^3 - y*z - 2*x, x^2*z^2 + x^2 - z^2 - 1]"
14,aaaaaaaaabAAAB,2,2,"[x^4 - 2*x^2 + 1, x^3*y - 2*x^2*z - x*y + 2*z, x^2*y^2 - 8*x^2 - y^2 + 8, x^3*z - 1/2*x^2*y - x*z + 1/2*y, x^2*y*z - 4*x^3 - y*z + 4*x, x^2*z^2 - 2*x^2 - z^2 + 2]"
14,aaaaaaaaaBaaab,2,2,"[x^4 - 2*x^2 + 1, x^3*y - 2*x^2*z - x*y + 2*z, x^2*y^2 + 4*x^2 - y^2 - 4, x^3*z - 1/2*x^2*y - x*z + 1/2*y, x^2*y*z + 2*x^3 - y*z - 2*x, x^2*z^2 + x^2 - z^2 - 1]"
14,aaaaaaaaaBAAAb,2,2,"[x^4 - 2*x^2 + 1, x^3*y - 2*x^2*z - x*y + 2*z, x^2*y^2 - 8*x^2 - y^2 + 8, x^3*z - 1/2*x^2*y - x*z + 1/2*y, x^2*y*z - 4*x^3 - y*z + 4*x, x^2*z^2 - 2*x^2 - z^2 + 2]"
14,aaaaaaaabaaaaB,2,2,[x]
14,aaaaaaaabAAAAB,2,2,[x]
14,aaaaaaaaBaaaab,2,2,[x]
14,aaaaaaaaBAAAAb,2,2,[x]
14,aaaaaabaaaaaaB,2,2,[x^5 - 4*x^3 + 3*x]
14,aaaaaababaaBAB,2,2,"[x*y^2*z + 2*x*z, x*z^3 - 2*x*z, x^3 + x*z^2 - 2*x, x^2*z]"
14,aaaaaababAABAB,2,2,"[x^2*z^3 - 2*x*y*z^2 - 2*x^2*z + 4*x*y, x*y*z^3 - x^2*z^2 - 2*x*y*z + 2*x^2, x*z^4 - 4*x*z^2 + 4*x, x^2*y^2 + 1/2*x^2*z^2 - 2*x^2, x*y^3 - x*y*z^2 + 3/2*x^2*z - 2*x*y, x^2*y*z + 2/3*x*y^2 + 1/3*x*z^2 - 10/3*x, x*y^2*z + 2*x*z^3 + 3*x^2*y - 8*x*z, x^3 + 2/3*x*y^2 + 1/3*x*z^2 - 10/3*x]"
14,aaaaaabaBaabAB,2,2,[x]
14,aaaaaabaBAAbAB,2,2,[x]
14,aaaaaabbbaaBBB,2,2,"[x^3 - 2*x, x*y^2 - x]"
14,aaaaaabbbAABBB,2,2,"[x^2*y*z - x*z^2 - 3/2*x, x^2*z^2 - 2*x*y*z + 3/2*x^2, x*y*z^2 - 3*x^2*z + 3/2*x*y, x*z^3 + 3/2*x^2*y - 9/2*x*z, x^3 - 2*x, x*y^2 - 3*x]"
14,aaaaaabAbaaBaB,2,2,"[x^2*z^3 - 2*x*y*z^2 - 2*x^2*z + 4*x*y, x^2*y^2 - 1/2*x^2*z^2, x*y^3 - 1/2*x*y*z^2 - 3/2*x^2*z + 3*x*y, x^2*y*z - 2/3*x*y^2 - 2/3*x*z^2, x*y^2*z - 1/2*x*z^3 - 3*x^2*y + 3*x*z, x^3 - 2/3*x*y^2 + 1/3*x*z^2 - 2*x]"
14,aaaaaabAbAABaB,2,2,"[x*y*z^3 + 2*x^2*y^2 - 2*x*y*z - 2*x^2, x*z^4 - 2*x*z^2, x*y^3 - 3/2*x*y*z^2 - 1/2*x^2*z - x*y, x^2*y*z - 2*x*y^2 + 3*x*z^2 + 2*x, x*y^2*z - 3/2*x*z^3 - x*z, x^2*z^2, x^3 + x*z^2 - 2*x]"
14,aaaaaabAAAAAAB,2,2,[x^5 - 4*x^3 + 3*x]
14,aaaaaabABaabaB,2,2,[x]
14,aaaaaabABAAbaB,2,2,[x]
14,aaaaaaBabaaBAb,2,2,[x]
14,aaaaaaBabAABAb,2,2,[x]
14,aaaaaaBaBaabAb,2,2,"[x^2*z^3 - 2*x*y*z^2 - 2*x^2*z + 4*x*y, x^2*y^2 - 1/2*x^2*z^2, x*y^3 - 1/2*x*y*z^2 - 3/2*x^2*z + 3*x*y, x^2*y*z - 2/3*x*y^2 - 2/3*x*z^2, x*y^2*z - 1/2*x*z^3 - 3*x^2*y + 3*x*z, x^3 - 2/3*x*y^2 + 1/3*x*z^2 - 2*x]"
14,aaaaaaBaBAAbAb,2,2,"[x*y*z^3 + 2*x^2*y^2 - 2*x*y*z - 2*x^2, x*z^4 - 2*x*z^2, x*y^3 - 3/2*x*y*z^2 - 1/2*x^2*z - x*y, x^2*y*z - 2*x*y^2 + 3*x*z^2 + 2*x, x*y^2*z - 3/2*x*z^3 - x*z, x^2*z^2, x^3 + x*z^2 - 2*x]"
14,aaaaaaBAbaaBab,2,2,[x]
14,aaaaaaBAbAABab,2,2,[x]
14,aaaaaaBABaabab,2,2,"[x*y^2*z + 2*x*z, x*z^3 - 2*x*z, x^3 + x*z^2 - 2*x, x^2*z]"
14,aaaaaaBABAAbab,2,2,"[x^2*z^3 - 2*x*y*z^2 - 2*x^2*z + 4*x*y, x*y*z^3 - x^2*z^2 - 2*x*y*z + 2*x^2, x*z^4 - 4*x*z^2 + 4*x, x^2*y^2 + 1/2*x^2*z^2 - 2*x^2, x*y^3 - x*y*z^2 + 3/2*x^2*z - 2*x*y, x^2*y*z + 2/3*x*y^2 + 1/3*x*z^2 - 10/3*x, x*y^2*z + 2*x*z^3 + 3*x^2*y - 8*x*z, x^3 + 2/3*x*y^2 + 1/3*x*z^2 - 10/3*x]"
14,aaaaaaBBBaabbb,2,2,"[x^3 - 2*x, x*y^2 - x]"
14,aaaaaaBBBAAbbb,2,2,"[x^2*y*z - x*z^2 - 3/2*x, x^2*z^2 - 2*x*y*z + 3/2*x^2, x*y*z^2 - 3*x^2*z + 3/2*x*y, x*z^3 + 3/2*x^2*y - 9/2*x*z, x^3 - 2*x, x*y^2 - 3*x]"
14,aaaaabaabAbaab,2,2,"[x^3*z - x^2*y - 3*x*z + 3*y, x^2*y*z - x*y^2 - x*z^2 + y*z, x*y^2*z - 1/3*x*z^3 - y^3 + 1/3*y*z^2, x^2*z^2 - 4*x*y*z + 3*y^2]"
14,aaaaabaaBAbaaB,2,2,"[x*y^6 + x*z^6, x^2*z^5 + x*y^5 - x*y*z^4, x^2*y^4 + x^2*z^4 - x*y^3*z - x*y*z^3, x^3*z^3 + x^2*y^3 - 2*x*y^2*z - 2*x*z^3, x^3*y^2 + x^3*z^2 - 3*x*y^2 - 3*x*z^2, x^4 - 3*x^2, x^2*y*z - x*y^2 - x*z^2]"
14,aaaaabaaBAbAAB,2,2,[x]
14,aaaaabaaBABaab,2,2,"[x^3*y^2 - 2*x*y^2 - 2*x*z^2, x^4 - 2*x^2, x*y^2*z + x*z^3, x^2*z]"
14,aaaaabaaBABAAb,2,2,"[x*z^3 + x^2*y - 3*x*z, x^3 + x*z^2 - 4*x, x*y^2 + x*z^2 - 3*x, x*y*z - x^2]"
14,aaaaababAAAbab,2,2,"[x^4*z - 4*x^2*z + 2*z, x^3*y*z - 4*x*y*z + z^2, x^2*y^2*z - 4*y^2*z + 1/2*z^3, x*y^3*z - 2*y^2*z^2 + 1/4*z^4, y^4*z - y^2*z^3 + 1/8*z^5, x*z^2 - 2*y*z]"
14,aaaaabbaaaaaBB,2,2,"[x^5*y*z^5 - x^6*z^4 - 9/2*x^5*y*z^3 - 3*x^3*y*z^5 + 7/2*x^6*z^2 + 5*x^4*z^4 + 21/4*x^5*y*z + 27/2*x^3*y*z^3 + x*y*z^5 - 13/4*x^6 - 1/2*x^4*y^2 - 29/2*x^4*z^2 - 7*x^2*z^4 - 63/4*x^3*y*z - 9/2*x*y*z^3 + 43/4*x^4 + 3/2*x^2*y^2 + 31/2*x^2*z^2 + 2*z^4 + 21/4*x*y*z - 25/4*x^2 - 1/2*y^2 - 4*z^2 + 1, x^4*y*z^6 - x^5*z^5 - 9/2*x^4*y*z^4 - 3*x^2*y*z^6 - 1/2*x^7*z + 11/2*x^5*z^3 + 3*x^3*z^5 + x^6*y - 1/4*x^4*y^3 + 13/4*x^4*y*z^2 + 27/2*x^2*y*z^4 + y*z^6 - 15/4*x^5*z - 33/2*x^3*z^3 - x*z^5 - 5/2*x^4*y + 3/4*x^2*y^3 - 39/4*x^2*y*z^2 - 9/2*y*z^4 + 61/4*x^3*z + 11/2*x*z^3 - 1/2*x^2*y - 1/4*y^3 + 13/4*y*z^2 - 21/4*x*z + 1/2*y, x^8 - 4*x^6*z^2 + 4*x^4*z^4 - 3*x^6 + 12*x^4*z^2 - 12*x^2*z^4 + x^4 - 4*x^2*z^2 + 4*z^4, x^7*y - 2*x^5*y*z^2 - 2*x^6*z + 4*x^4*z^3 - 3*x^5*y + 6*x^3*y*z^2 + 6*x^4*z - 12*x^2*z^3 + x^3*y - 2*x*y*z^2 - 2*x^2*z + 4*z^3, x^6*y^2 - 4*x^5*y*z - 3*x^4*y^2 + 4*x^4*z^2 + 12*x^3*y*z + x^2*y^2 - 12*x^2*z^2 - 4*x*y*z + 4*z^2, x^5*y^3 - 2*x^4*y^2*z - 2*x^5*y - 3*x^3*y^3 + 4*x^4*z + 6*x^2*y^2*z + 6*x^3*y + x*y^3 - 12*x^2*z - 2*y^2*z - 2*x*y + 4*z, x^4*y^4 - 4*x^4*y^2 - 3*x^2*y^4 + 4*x^4 + 12*x^2*y^2 + y^4 - 12*x^2 - 4*y^2 + 4, x^6*y*z - 2*x^4*y*z^3 - x^7 + 2*x^5*z^2 - 3*x^4*y*z + 6*x^2*y*z^3 + 3*x^5 - 6*x^3*z^2 + x^2*y*z - 2*y*z^3 - x^3 + 2*x*z^2, x^5*y^2*z - x^6*y - 2*x^4*y*z^2 + 2*x^5*z - 3*x^3*y^2*z + 3*x^4*y + 6*x^2*y*z^2 - 6*x^3*z + x*y^2*z - x^2*y - 2*y*z^2 + 2*x*z, x^4*y^3*z - x^5*y^2 - 2*x^4*y*z - 3*x^2*y^3*z + 2*x^5 + 3*x^3*y^2 + 6*x^2*y*z + y^3*z - 6*x^3 - x*y^2 - 2*y*z + 2*x, x^4*y^2*z^2 - 2*x^5*y*z + x^6 - 3*x^2*y^2*z^2 + 6*x^3*y*z - 3*x^4 + y^2*z^2 - 2*x*y*z + x^2]"
14,aaaaabbAAAAAbb,2,2,"[x^8*y - 10*x^6*y + 35*x^4*y - 50*x^2*y + 25*y, y^9 - 8*y^7*z^2 + 112/5*y^5*z^4 - 128/5*y^3*z^6 + 256/25*y*z^8, x^2*y*z^6 - 75/128*y^7 + 325/96*y^5*z^2 - 25/3*x^2*y*z^4 - 115/24*y^3*z^4 - 5/3*y*z^6 - 75/16*x*y^4*z + 70/3*x*y^2*z^3 + 125/32*y^5 - 50/3*y^3*z^2 + 15/2*y*z^4, x*y*z^7 - 25/512*y^8 + 25/384*y^6*z^2 + 95/96*y^4*z^4 - 35/12*y^2*z^6 + 5/6*x*y^3*z^3 - 25/6*x*y*z^5 + 4625/4608*y^6 - 85/288*x^2*y^2*z^2 - 7625/1152*y^4*z^2 + 3445/288*y^2*z^4 + 275/576*x*y^3*z + 5/12*x*y*z^3 - 125/1152*y^4 - 25/48*y^2*z^2, x*y^2*z^5 - 125/384*y^7 + 25/12*y^5*z^2 - 5/2*x^2*y*z^4 - 25/6*y^3*z^4 + 1/2*y*z^6 - 95/48*x*y^4*z + 95/12*x*y^2*z^3 + 125/96*y^5 - 35/8*y^3*z^2 + 5/6*y*z^4, x*y^4*z^2 - 8/5*x*y^2*z^4 - 5/24*y^5*z + 2/3*x^2*y*z^3 - 7/6*y^3*z^3 + 38/15*y*z^5 - x*y^4 + 1/3*x*y^2*z^2 + 17/6*y^3*z - 4*y*z^3, x^3*y*z^3 + 3/20*x*y^3*z^3 - x*y*z^5 + 95/384*y^6 - 263/120*x^2*y^2*z^2 - 155/96*y^4*z^2 + 359/120*y^2*z^4 + 125/48*x*y^3*z - 11/5*x*y*z^3 - 95/96*y^4 + 5/4*y^2*z^2, x^2*y^2*z^3 - 10/19*x^3*y*z^2 - 30/19*x*y^3*z^2 - 28/19*x*y*z^4 - 5/19*x^2*y^2*z + 25/76*y^4*z + 35/19*y^2*z^3 + 35/38*x*y^3 + 60/19*x*y*z^2 - 60/19*y^2*z, x^4*y^2 - 19/7*x^2*y^2*z^2 - 4/7*x^3*y*z + 30/7*x*y^3*z + 4*x*y*z^3 - 30/7*x^2*y^2 - 25/28*y^4 - 5*y^2*z^2 + 10/7*x*y*z + 25/7*y^2, x*y^5 + 16/19*x^3*y*z^2 - 28/19*x*y^3*z^2 - 16/19*x*y*z^4 + 8/19*x^2*y^2*z - 48/19*y^4*z + 96/19*y^2*z^3 - 28/19*x*y^3 - 96/19*x*y*z^2 + 96/19*y^2*z, x^4*y*z - x^2*y*z^3 + 1/2*x^3*y^2 + 7/4*x*y^4 - x*y^2*z^2 - 6*x^2*y*z - 19/4*y^3*z + 7*y*z^3 - x*y^2 + 7*y*z, x^3*y^2*z + 5/4*x*y^4*z - 2*x*y^2*z^3 - 25/96*y^5 - 7/6*x^2*y*z^2 - 35/24*y^3*z^2 + 19/6*y*z^4 - 55/12*x*y^2*z + 25/24*y^3 + 5*y*z^2, x^2*y^3 - 4*x*y^2*z + 4*y*z^2]"
14,aaaaabbAAAAABB,2,2,"[x^8*y - 6*x^6*y + 11*x^4*y - 6*x^2*y + y, x^4*y^2 - 3*x^2*y^2 + y^2]"
14,aaaaabAABAbaaB,2,2,[x]
14,aaaaabAABAbAAB,2,2,[x]
14,aaaaabAABABaab,2,2,"[x^2*y*z - 3*x*z^2 + 4*x, x^2*z^2 - x*y*z - x^2, x*y*z^2 + x^2*z - 4*x*y, x*z^3 - x^2*y - x*z, x^3 - x*z^2, x*y^2 - 2*x*z^2 + 3*x]"
14,aaaaabAABABAAb,2,2,"[x^3 - 2*x, x*z]"
14,aaaaaBaabAbaaB,2,2,"[x*y^4 + 1/2*x*y^2*z^2 - 1/2*x*z^4, x^2*z^3 - 4/3*x*y^3 - 4/3*x*y*z^2, x^4 - 2*x^2, x^3*y - x^2*z, x^2*y^2 - 1/2*x^2*z^2, x^3*z - 2*x^2*y, x^2*y*z - 2/3*x*y^2 - 2/3*x*z^2]"
14,aaaaaBaabAbAAB,2,2,"[x^2*y^2 - x*y*z - x^2, x*y^3 - 1/2*x^2*z - x*y, x^2*y*z - 2*x*y^2 + 2*x, x*y^2*z - x*z, x^3 - x*y^2 - x, x*z^2]"
14,aaaaaBaabABaab,2,2,"[x*y^6 + x*z^6, x^2*z^5 + x*y^5 - x*y*z^4, x^2*y^4 + x^2*z^4 - x*y^3*z - x*y*z^3, x^3*z^3 + x^2*y^3 - 2*x*y^2*z - 2*x*z^3, x^3*y^2 + x^3*z^2 - 3*x*y^2 - 3*x*z^2, x^4 - 3*x^2, x^2*y*z - x*y^2 - x*z^2]"
14,aaaaaBaabABAAb,2,2,[x]
14,aaaaaBaaBABaaB,2,2,"[x^4*y - x^3*z - 4*x^2*y + 3*x*z + 3*y, x^2*y*z - x*z^2 - y*z]"
14,aaaaaBaBAAABaB,2,2,"[x^5*y - x^4*z - 4*x^3*y + 4*x^2*z + 2*x*y - 2*z, x*y^5 - 2*x*y^3*z^2 + 1/2*x*y*z^4 - y^4*z + 2*y^2*z^3 - 1/2*z^5, x^2*y*z^3 - 2*x*y^4 + 2*x*y^2*z^2 - x*z^4 + 2*y^3*z - 2*y*z^3, x^3*y^2 - 2*x^2*y*z - 2*x*y^2 + x*z^2 + 2*y*z, x^2*y^3 - x^2*y*z^2 - 2*x*y^2*z + x*z^3 + y*z^2, x^3*y*z - x^2*y^2 - x^2*z^2 + z^2, x^2*y^2*z - 2*x*y^3 + 2*y^2*z - z^3]"
14,aaaaaBAAbAbaaB,2,2,"[x^2*y^2 - 2*x*y*z - x^2, x*y^3 - x^2*z - x*y, x^2*y*z - x*y^2 + x, x*y^2*z - x*z, x^3 - 1/2*x*y^2 - 3/2*x, x*z^2]"
14,aaaaaBAAbAbAAB,2,2,"[x^3 - 2*x, x^2*y - x*z, x*y^2 - 1/2*x*z^2, x^2*z - 2*x*y]"
14,aaaaaBAAbABaab,2,2,[x]
14,aaaaaBAAbABAAb,2,2,[x]
14,aaaabaaabaaBAB,2,2,"[x*y^2 + x, x*z^2 - x, x^2]"
14,aaaabaaabAABAB,2,2,"[x*y^2 - 3*x, x*z^2 - 3*x, x^2]"
14,aaaabaaaBaabAB,2,2,[x]
14,aaaabaaaBAAbAB,2,2,"[x^7 - 7*x^5 + 14*x^3 - 9*x, x*y^6 - x*y^4*z^2 - x*z^6, x^2*z^5 - x*y^5 + x*y^3*z^2 - x*y*z^4, x^2*y^4 - x^2*z^4 - 2*x*y^3*z + x*y*z^3, x^3*z^3 - x^2*y^3 + x*y^2*z - 2*x*z^3, x^4*y - 2*x^3*z - 2*x^2*y + 3*x*z, x^3*y^2 - x^3*z^2 - 2*x*y^2 + x*z^2, x^4*z - 2*x^3*y - x^2*z + 3*x*y, x^2*y*z - x*y^2 - x*z^2]"
14,aaaabaabbaaBBB,2,2,"[x^3 - 2*x, x*y]"
14,aaaabaabbAABBB,2,2,"[x*z^3 + 1/2*x^2*y - 2*x*z, x^3 + 2*x*z^2 - 4*x, x*y^2 - 2*x, x^2*z - x*y]"
14,aaaabaaBBBaabb,2,2,"[x^5 - 4*x^3 + 4*x, x^4*y + x^2*y^3 - 2*x*y^2*z - 3*x^2*y + 2*x*z, x^3*y^2 - x^3 - 2*x*y^2 + 2*x, x*y^4 - 2*x*y^2 + x, x^2*y^2*z - x^3*y - x*y^3 - x^2*z + 3*x*y, x*y^3*z - 1/2*x^4 - 1/2*x^2*y^2 - x*y*z + 3/2*x^2, x*y^2*z^2 - x^3 - x*y^2 - x*z^2 + 3*x, x^3*z - x*y^2*z - x*z]"
14,aaaabaaBBBAAbb,2,2,"[x*z^3 + 3/4*x^2*y - 3*x*z, x^3 + 4/3*x*z^2 - 4*x, x*y^2 - 3*x, x^2*z - x*y]"
14,aaaababaaaaBAB,2,2,"[x^4*y^3*z - 1/3*x^5*y^2 - 4/3*x^3*y^4 - 13/6*x^4*y*z - 2*x^2*y^3*z + 5/6*x^5 + 10/3*x^3*y^2 + 8/3*x*y^4 + 1/3*x^3*z^2 + 13/3*x^2*y*z - 7/3*x^3 - 16/3*x*y^2 - 2/3*x*z^2 + 4/3*x, x^3*y^4*z + 1/3*x^6*y - 5/3*x^4*y^3 - 2/3*x^5*z - 5/6*x^3*y^2*z - 2*x*y^4*z + 1/6*x^3*z^3 + 3/2*x^4*y + 10/3*x^2*y^3 + x^3*z + 5/3*x*y^2*z - 1/3*x*z^3 - 13/3*x^2*y + 2/3*x*z, x^7 - 4*x^5*y^2 + 4*x^3*y^4 - 2*x^5 + 8*x^3*y^2 - 8*x*y^4, x^6*z - 2*x^4*y^2*z - 2*x^5*y + 4*x^3*y^3 - 2*x^4*z + 4*x^2*y^2*z + 4*x^3*y - 8*x*y^3, x^5*y*z - 2*x^3*y^3*z - x^6 + 2*x^4*y^2 - 2*x^3*y*z + 4*x*y^3*z + 2*x^4 - 4*x^2*y^2, x^5*z^2 - 4*x^4*y*z + 4*x^3*y^2 - 2*x^3*z^2 + 8*x^2*y*z - 8*x*y^2, x^4*y*z^2 - x^5*z - 2*x^3*y^2*z + 2*x^4*y - 2*x^2*y*z^2 + 2*x^3*z + 4*x*y^2*z - 4*x^2*y, x^3*y^2*z^2 - 2*x^4*y*z + x^5 - 2*x*y^2*z^2 + 4*x^2*y*z - 2*x^3, x^4*z^3 - 2*x^3*y*z^2 - 2*x^4*z - 2*x^2*z^3 + 4*x^3*y + 4*x*y*z^2 + 4*x^2*z - 8*x*y, x^3*y*z^3 - x^4*z^2 - 2*x^3*y*z - 2*x*y*z^3 + 2*x^4 + 2*x^2*z^2 + 4*x*y*z - 4*x^2, x^3*z^4 - 4*x^3*z^2 - 2*x*z^4 + 4*x^3 + 8*x*z^2 - 8*x]"
14,aaaababaaBAAAB,2,2,"[x*y^2 + x, x*z^2 - 3*x, x^2]"
14,aaaababbaaBBaB,2,2,"[x*y^4 - x^3 - 2*x*y^2 + 2*x, x^3*z^2 + 2*x*y^2 - 2*x*z^2, x*y^2*z^2 - x^3 - 2*x*y^2 + 2*x, x^4 - 2*x^2, x^2*y^2]"
14,aaaababbAABBaB,2,2,"[x^2*y^4 - x^4*z^2 + 2*x*y*z^3 - 3*x^4 - 7*x^2*y^2 + 3*x^2*z^2 - 4*x*y*z + 17*x^2, x*y^5 - x^4*z - 3*x^2*y^2*z + 2*x^2*z^3 + x^3*y - 2*x*y^3 - 2*x*y*z^2 + 4*x^2*z + 2*x*y, x^2*y^3*z - 1/2*x*y^4 + 1/2*x^3*z^2 - 1/2*x*z^4 - 7/2*x^2*y*z + 1/2*x^3 + x*y^2 + 3/2*x*z^2, x*y^4*z - x^4*y - 2*x^2*y^3 + x^2*y*z^2 - 2*x*y^2*z + 6*x^2*y - 2*x*z, x^3*z^3 + x^4*y + x^2*y^3 - x^2*y*z^2 - x^3*z - 2*x*z^3 - 4*x^2*y + 4*x*z, x^2*y*z^3 - x*z^4 - 2*x^2*y*z + x*z^2 + 2*x, x^2*z^4 - 2*x*y*z^3 - x^2*y^2 - x^2*z^2 + 4*x*y*z, x*y*z^4 - x^4*z - x^2*z^3 - x*y*z^2 + 5*x^2*z - 2*x*y, x*z^5 - x^2*y^3 + 3*x^2*y*z^2 - 2*x^3*z - 5*x*z^3 + 6*x*z, x^5 - x*y^4 + 2*x^2*y*z - 6*x^3 + 2*x*y^2 - 2*x*z^2 + 6*x, x^3*y^2 + 1/2*x*y^4 + 1/2*x^3*z^2 - 1/2*x*z^4 - 5/2*x^2*y*z + 1/2*x^3 - x*y^2 + 3/2*x*z^2 - 2*x, x^3*y*z - x^2*z^2 - x^2, x*y^2*z^2 + x^2*y*z - x^3 - 2*x*y^2 - 2*x*z^2 + 4*x]"
14,aaaababAAAABAB,2,2,"[x^5*z - 3*x^3*z + 2*x*z, x^3*z^2 - 2*x*z^2]"
14,aaaababAABAAAB,2,2,[x]
14,aaaabaBaaaabAB,2,2,"[x^4*z^4 + x^3*y^3*z + x^3*y*z^3 - 3*x^4*z^2 - 2*x^2*z^4 - 2*x^3*y*z - 2*x*y^3*z - 2*x*y*z^3 + 2*x^4 + 6*x^2*z^2 + 4*x*y*z - 4*x^2, x^3*y^4 + 2*x^3*y^2*z^2 + x^3*z^4 - 4*x^3*y^2 - 2*x*y^4 - 4*x^3*z^2 - 4*x*y^2*z^2 - 2*x*z^4 + 4*x^3 + 8*x*y^2 + 8*x*z^2 - 8*x, x^4*y*z^2 - x^3*y^2*z - x^3*z^3 - x^4*y - 2*x^2*y*z^2 + 2*x^3*z + 2*x*y^2*z + 2*x*z^3 + 2*x^2*y - 4*x*z, x^4*y^2 + x^4*z^2 - 2*x^4 - 2*x^2*y^2 - 2*x^2*z^2 + 4*x^2, x^5 - 2*x^3]"
14,aaaabaBaabAAAB,2,2,[x]
14,aaaabaBAAbAAAB,2,2,[x]
14,aaaabaBAAAAbAB,2,2,[x^3 - 2*x]
14,aaaabaBAAAABAb,2,2,[x^3*z - x^2*y - 2*x*z + y]
14,aaaabaBBaabbaB,2,2,"[x^3 - 2*x, x*y^2]"
14,aaaabaBBAAbbaB,2,2,"[x*z^4 - 2*x*z^2 + x, x^2*z^2 - 2*x*y*z + x^2, x*y*z^2 - 2*x^2*z + x*y, x^3 - x*z^2 - x, x^2*y - 2*x*z, x*y^2 - x*z^2 - x]"
14,aaaabbaabaaBBB,2,2,[x]
14,aaaabbaabAABBB,2,2,[x]
14,aaaabbaaBBBaab,2,2,"[x^5 - 4*x^3 + 4*x, x^4*y + x^2*y^3 - 2*x*y^2*z - 3*x^2*y + 2*x*z, x^3*y^2 - x^3 - 2*x*y^2 + 2*x, x*y^4 - 2*x*y^2 + x, x^2*y^2*z - x^3*y - x*y^3 - x^2*z + 3*x*y, x*y^3*z - 1/2*x^4 - 1/2*x^2*y^2 - x*y*z + 3/2*x^2, x*y^2*z^2 - x^3 - x*y^2 - x*z^2 + 3*x, x^3*z - x*y^2*z - x*z]"
14,aaaabbaaBBBAAb,2,2,"[x^2*y*z - 4*x*z^2 + 3*x, x^2*z^2 + x*y*z - 3*x^2, x*y*z^2 - 3/4*x^2*z - 3/4*x*y, x*z^3 - 3/4*x^2*y, x^3 - 4*x*z^2 + 4*x, x*y^2 - 3*x]"
14,aaaabbabaaBaBB,2,2,"[x*z^4 + x*z^2 + x, x*y^2 + x*z^2, x^2]"
14,aaaabbabAABaBB,2,2,"[x*y^2*z^3 + x^2*y^3 - 2/3*x^3*z - 5/3*x*y^2*z - 2/3*x*z^3 - 2/3*x^2*y + 3*x*z, x^5 + 3/2*x^2*y*z - 6*x^3 - 3/2*x*y^2 - 3/2*x*z^2 + 9*x, x^4*y - x^2*y^3 - 1/3*x^3*z - 1/3*x*y^2*z - 1/3*x*z^3 - 7/3*x^2*y + 2*x*z, x^3*y^2 + x*y^2*z^2 - 2*x^3 - 2*x*y^2 - x*z^2 + 5*x, x*y^4 - x*y^2*z^2 + 1/2*x^2*y*z + x^3 - 7/2*x*y^2 + 1/2*x*z^2 - x, x^4*z - 1/2*x^2*z^3 - 5/6*x^3*y - 1/6*x*y^3 - 1/6*x*y*z^2 - 11/6*x^2*z + x*y, x^3*y*z - x^2*y^2 - x^2*z^2, x^2*y^2*z - 2/3*x^3*y - 1/3*x*y^3 - 1/3*x*y*z^2 - 2/3*x^2*z + 2*x*y, x*y^3*z + x*y*z^3 - 3*x^4 + 5*x^2*y^2 + x^2*z^2 - 6*x*y*z + 6*x^2, x^3*z^2 - 2*x*y^2*z^2 - 3/2*x^2*y*z + 5/2*x*y^2 + 1/2*x*z^2 - x, x^2*y*z^2 - 4/3*x^3*z - 1/3*x*y^2*z - 1/3*x*z^3 + 2/3*x^2*y + 2*x*z, x*z^4 + 11/2*x^2*y*z - 3*x^3 + 1/2*x*y^2 - 13/2*x*z^2 + 4*x]"
14,aaaabbaBaabaBB,2,2,"[x*y^2 + x, x*z^2 - x, x^2]"
14,aaaabbaBAAbaBB,2,2,"[x*y^2 - 1/3*x, x*z^2 - 17/3*x, x^2]"
14,aaaabbbaaaaBBB,2,2,"[x^4*y*z^4 - 9/8*x^5*z^3 - 1/2*x^3*z^5 - 21/4*x^4*y*z^2 - 2*x^2*y*z^4 + 81/16*x^5*z + 9/4*x^3*y^2*z + 6*x^3*z^3 + x*z^5 - 9/16*x^4*y + 21/2*x^2*y*z^2 - 63/4*x^3*z - 9/2*x*y^2*z - 15/2*x*z^3 + 9/8*x^2*y + 45/4*x*z, x^3*y*z^5 + 9/32*x^6*z^2 - 15/8*x^4*z^4 - 21/4*x^3*y*z^3 - 2*x*y*z^5 - 135/64*x^6 + 45/32*x^4*y^2 + 81/8*x^4*z^2 + 15/4*x^2*z^4 + 9/16*x^3*y*z + 21/2*x*y*z^3 - 27/32*x^4 - 45/16*x^2*y^2 - 171/8*x^2*z^2 - 9/8*x*y*z + 81/8*x^2, x^7 - 8/3*x^5*z^2 + 16/9*x^3*z^4 - 2*x^5 + 16/3*x^3*z^2 - 32/9*x*z^4, x^6*y - 4/3*x^4*y*z^2 - 2*x^5*z + 8/3*x^3*z^3 - 2*x^4*y + 8/3*x^2*y*z^2 + 4*x^3*z - 16/3*x*z^3, x^5*y^2 - 4*x^4*y*z - 2*x^3*y^2 + 4*x^3*z^2 + 8*x^2*y*z - 8*x*z^2, x^4*y^3 - 2*x^3*y^2*z - 3*x^4*y - 2*x^2*y^3 + 6*x^3*z + 4*x*y^2*z + 6*x^2*y - 12*x*z, x^3*y^4 - 6*x^3*y^2 - 2*x*y^4 + 9*x^3 + 12*x*y^2 - 18*x, x^5*y*z - 4/3*x^3*y*z^3 - 3/2*x^6 + 2*x^4*z^2 - 2*x^3*y*z + 8/3*x*y*z^3 + 3*x^4 - 4*x^2*z^2, x^4*y^2*z - 3/2*x^5*y - 2*x^3*y*z^2 + 3*x^4*z - 2*x^2*y^2*z + 3*x^3*y + 4*x*y*z^2 - 6*x^2*z, x^3*y^3*z - 3/2*x^4*y^2 - 3*x^3*y*z - 2*x*y^3*z + 9/2*x^4 + 3*x^2*y^2 + 6*x*y*z - 9*x^2, x^3*y^2*z^2 - 3*x^4*y*z + 9/4*x^5 - 2*x*y^2*z^2 + 6*x^2*y*z - 9/2*x^3]"
14,aaaabbbaaBaaBB,2,2,[x]
14,aaaabbbaaBAABB,2,2,[x]
14,aaaabbbaaBBaaB,2,2,"[x^3 - 2*x, x*y]"
14,aaaabbbaaBBAAB,2,2,"[x^2*y*z - 4/3*x*z^2 - 2/3*x, x^2*z^2 - 3*x*y*z + 2*x^2, x*y*z^2 - 3/2*x^2*z + 1/2*x*y, x*z^3 + 3/2*x^2*y - 4*x*z, x^3 - 2/3*x*z^2 - 4/3*x, x*y^2 - 2*x]"
14,aaaabbbAAAAbbb,2,2,"[y^10 - 16*y^8*z^2 + 80*y^6*z^4 - 128*y^4*z^6 + 64*y^2*z^8 - y^8 + 16*y^6*z^2 - 80*y^4*z^4 + 128*y^2*z^6 - 64*z^8, x^4*y^2*z^4 - x^4*z^4 - 8*x^2*y^2*z^4 + 4*x*y^3*z^3 + 1/4*y^6 - 4*y^4*z^2 + 8*x^2*z^4 + 12*y^2*z^4 - 4*x*y*z^3 - 1/4*y^4 + 4*y^2*z^2 - 12*z^4, x^3*y^2*z^5 - 3/2*x*y^4*z^3 - x^3*z^5 - 8*x*y^2*z^5 + 1/10*x^4*y^3 + 7/40*y^7 - 9/5*x^2*y^3*z^2 - 12/5*y^5*z^2 + 67/5*y^3*z^4 + 23/10*x*y^4*z + 41/10*x*y^2*z^3 + 8*x*z^5 - 1/10*x^4*y - 2/5*x^2*y^3 - 17/40*y^5 + 9/5*x^2*y*z^2 - 1/5*y^3*z^2 - 67/5*y*z^4 - 23/10*x*y^2*z - 13/5*x*z^3 + 2/5*x^2*y + 9/20*y^3 + 13/5*y*z^2 - 1/5*y, x^2*y^2*z^6 - 1/80*y^8 + x^4*y^2*z^2 + 1/10*y^6*z^2 - 5*x^2*y^2*z^4 + 2/5*y^4*z^4 - x^2*z^6 - 4*y^2*z^6 + 17/65*x*y^5*z + 387/130*x*y^3*z^3 - 6/65*x^4*y^2 + 71/208*y^6 - x^4*z^2 - 269/65*x^2*y^2*z^2 - 374/65*y^4*z^2 + 5*x^2*z^4 + 1058/65*y^2*z^4 + 4*z^6 + 1/65*x*y^3*z - 387/130*x*y*z^3 + 6/65*x^4 + 24/65*x^2*y^2 - 207/520*y^4 + 269/65*x^2*z^2 + 199/26*y^2*z^2 - 1084/65*z^4 - 18/65*x*y*z - 24/65*x^2 - 3/26*y^2 - 2*z^2 + 12/65, x*y^2*z^7 + 1/80*y^9 - 9/40*y^7*z^2 + 27/20*y^5*z^4 - 3*y^3*z^6 + 1/2*x^3*y^2*z^3 - x*y^4*z^3 - 5/2*x*y^2*z^5 - x*z^7 + 21/400*x^4*y^3 + 43/400*y^7 - 279/200*x^2*y^3*z^2 - 34/25*y^5*z^2 + 661/100*y^3*z^4 + 3*y*z^6 + 623/400*x*y^4*z - 1/2*x^3*z^3 + 193/200*x*y^2*z^3 + 5/2*x*z^5 - 21/400*x^4*y - 21/100*x^2*y^3 - 261/800*y^5 + 279/200*x^2*y*z^2 + 31/50*y^3*z^2 - 199/25*y*z^4 - 623/400*x*y^2*z + 7/200*x*z^3 + 21/100*x^2*y + 249/800*y^3 + 193/200*y*z^2 - 21/200*y, x*y^3*z^5 - 1/40*y^8 + 3/10*x^4*y^2*z^2 + 7/20*y^6*z^2 - 3/2*x^2*y^2*z^4 - 7/5*y^4*z^4 - 4/5*y^2*z^6 - 11/520*x*y^5*z + 71/65*x*y^3*z^3 - x*y*z^5 - 2/65*x^4*y^2 + 7/52*y^6 - 3/10*x^4*z^2 - 81/65*x^2*y^2*z^2 - 503/260*y^4*z^2 + 3/2*x^2*z^4 + 396/65*y^2*z^4 + 4/5*z^6 + 59/520*x*y^3*z - 71/65*x*y*z^3 + 2/65*x^4 + 8/65*x^2*y^2 - 69/520*y^4 + 81/65*x^2*z^2 + 142/65*y^2*z^2 - 61/13*z^4 - 6/65*x*y*z - 8/65*x^2 - 1/26*y^2 - 3/5*z^2 + 4/65, x*y^7 - 8*x*y^3*z^4 - 8/5*x^4*y^2*z - 14/5*y^6*z + 8*x^2*y^2*z^3 + 32/5*y^4*z^3 + 48/5*y^2*z^5 - 31/5*x*y^5 + 24/5*x*y^3*z^2 + 8*x*y*z^4 + 8/5*x^4*z + 32/5*x^2*y^2*z + 86/5*y^4*z - 8*x^2*z^3 - 48*y^2*z^3 - 48/5*z^5 + 26/5*x*y^3 - 24/5*x*y*z^2 - 32/5*x^2*z - 88/5*y^2*z + 208/5*z^3 + 16/5*z, x*y^6*z - 2*x*y^4*z^3 - 1/5*x^4*y^3 - 1/10*y^7 + 18/5*x^2*y^3*z^2 - 6/5*y^5*z^2 + 16/5*y^3*z^4 - 28/5*x*y^4*z - 16/5*x*y^2*z^3 + 1/5*x^4*y + 4/5*x^2*y^3 + 3/5*y^5 - 18/5*x^2*y*z^2 + 32/5*y^3*z^2 - 16/5*y*z^4 + 23/5*x*y^2*z + 26/5*x*z^3 - 4/5*x^2*y - 9/10*y^3 - 26/5*y*z^2 + 2/5*y, x*y^5*z^2 - 2*x*y^3*z^4 - 1/5*x^4*y^2*z - 1/10*y^6*z + x^2*y^2*z^3 - 6/5*y^4*z^3 + 16/5*y^2*z^5 - 13/20*x*y^5 - 2/5*x*y^3*z^2 + 2*x*y*z^4 + 1/5*x^4*z + 4/5*x^2*y^2*z + 19/10*y^4*z - x^2*z^3 - 4*y^2*z^3 - 16/5*z^5 + 13/20*x*y^3 - 3/5*x*y*z^2 - 4/5*x^2*z - 11/5*y^2*z + 26/5*z^3 + 2/5*z, x^2*y^3*z^3 + 1/4*x*y^6 - 2*x*y^4*z^2 - 2*x*y^2*z^4 - 1/2*y^5*z - x^2*y*z^3 + 4*y^3*z^3 - 1/4*x*y^4 + 2*x*y^2*z^2 + 2*x*z^4 + 1/2*y^3*z - 4*y*z^3, x^5*y^2 - 2*x*y^6 - 5*x^3*y^2*z^2 + 6*x*y^4*z^2 + 4*x*y^2*z^4 - 3*x^2*y^3*z + 5*y^5*z - 20*y^3*z^3 - x^5 - 4*x^3*y^2 + 6*x*y^4 + 5*x^3*z^2 + 20*x*y^2*z^2 - 4*x*z^4 + 3*x^2*y*z - 18*y^3*z + 20*y*z^3 + 4*x^3 - 2*x*y^2 - 26*x*z^2 + 13*y*z - 2*x, x^3*y^3*z + 10/13*x*y^5*z - 20/13*x*y^3*z^3 - 2/13*x^4*y^2 - 1/13*y^6 - 16/13*x^2*y^2*z^2 - 12/13*y^4*z^2 + 32/13*y^2*z^4 - x^3*y*z - 56/13*x*y^3*z + 20/13*x*y*z^3 + 2/13*x^4 + 8/13*x^2*y^2 + 6/13*y^4 + 16/13*x^2*z^2 + 64/13*y^2*z^2 - 32/13*z^4 + 46/13*x*y*z - 8/13*x^2 - 9/13*y^2 - 4*z^2 + 4/13, x^2*y^4 - 4*x*y^3*z - x^2*y^2 + 4*y^2*z^2 + 4*x*y*z - 4*z^2]"
14,aaaabbbAAAABBB,2,2,"[x^6*y^2 - x^6 - 4*x^4*y^2 + 4*x^4 + 4*x^2*y^2 - 4*x^2, x^3*y^4 - 2*x^3*y^2 - 2*x*y^4 + x^3 + 4*x*y^2 - 2*x]"
14,aaaabbbAABaaBB,2,2,[x]
14,aaaabbbAABAABB,2,2,"[x*y^4 - x*y^2 + x, x^2]"
14,aaaabbbAABBaaB,2,2,"[x^2*y*z - 4/3*x*z^2 - 2/3*x, x^2*z^2 - 3*x*y*z + 2*x^2, x*y*z^2 - 3/2*x^2*z + 1/2*x*y, x*z^3 + 3/2*x^2*y - 4*x*z, x^3 - 2/3*x*z^2 - 4/3*x, x*y^2 - 2*x]"
14,aaaabbbAABBAAB,2,2,"[x*y^4 - x^3 - 2*x*y^2 + 2*x, x^4 - 2*x^2, x^2*y]"
14,aaaabbAbaaBABB,2,2,"[x*z^4 - 3*x*z^2 + 3*x, x*y^2 + x*z^2 - 2*x, x^2]"
14,aaaabbAbAABABB,2,2,[x]
14,aaaabbAAbaaBBB,2,2,[x]
14,aaaabbAAbAABBB,2,2,"[x*y^4 - x*y^2 + x, x^2]"
14,aaaabbAABBBaab,2,2,"[x*z^3 + 3/4*x^2*y - 3*x*z, x^3 + 4/3*x*z^2 - 4*x, x*y^2 - 3*x, x^2*z - x*y]"
14,aaaabbAABBBAAb,2,2,"[x*y^4 - x, x^2*y^2 - x^2, x^3 - x*y^2 - x]"
14,aaaabbABaabABB,2,2,"[x*y^2 + x, x*z^2 - 3*x, x^2]"
14,aaaabbABAAbABB,2,2,[x]
14,aaaabAbaaaaBaB,2,2,"[x^4*y^5 - 1/2*x^5*y^2*z - x^3*y^4*z - 2*x^4*y^3 - 2*x^2*y^5 + 1/2*x^4*y*z^2 + 1/2*x^5*z + 2*x^3*y^2*z + 2*x*y^4*z + x^4*y + 4*x^2*y^3 - x^2*y*z^2 - x^3*z - 2*x*y^2*z - 2*x^2*y, x^3*y^6 - x^4*y*z^3 - 1/2*x^5*y^2 - 2*x^3*y^4 - 2*x*y^6 + 5/4*x^5*z^2 - x^3*y^2*z^2 + x^3*z^4 + 3/2*x^4*y*z + 2*x^2*y*z^3 - 1/2*x^5 + 2*x^3*y^2 + 4*x*y^4 - 11/2*x^3*z^2 + 2*x*y^2*z^2 - 2*x*z^4 - 3*x^2*y*z + 3*x^3 - 2*x*y^2 + 6*x*z^2 - 4*x, x^3*y^5*z - x^4*y^4 + 1/4*x^6*z^2 - 3/2*x^4*y^2*z^2 - 2*x*y^5*z + 1/2*x^3*y*z^3 + 2*x^4*y^2 + 2*x^2*y^4 + 3*x^2*y^2*z^2 - x^3*y*z - x*y*z^3 - x^4 - 4*x^2*y^2 - x^2*z^2 + 2*x*y*z + 2*x^2, x^5*y^2*z^2 - 6*x^4*y*z^3 - 2*x^5*y^2 + 4*x^3*y^4 + 4*x^5*z^2 - 2*x^3*y^2*z^2 + 5*x^3*z^4 + 6*x^4*y*z + 12*x^2*y*z^3 - 2*x^5 - 4*x^3*y^2 - 8*x*y^4 - 24*x^3*z^2 - 10*x*z^4 - 12*x^2*y*z + 16*x^3 + 16*x*y^2 + 32*x*z^2 - 24*x, x^5*y*z^3 - x^4*y^4 - x^6*z^2 - x^4*y^2*z^2 - x^4*z^4 - x^5*y*z + x^3*y^3*z - x^3*y*z^3 + x^6 + 3*x^4*y^2 + 2*x^2*y^4 + 6*x^4*z^2 + 2*x^2*y^2*z^2 + 2*x^2*z^4 - 2*x*y^3*z - 2*x*y*z^3 - 6*x^4 - 6*x^2*y^2 - 8*x^2*z^2 + 4*x*y*z + 8*x^2, x^4*y^2*z^3 - x^3*y^5 - 3/2*x^5*y*z^2 - x^3*y*z^4 + 1/4*x^6*z - x^4*y^2*z + 1/2*x^4*z^3 - 2*x^2*y^2*z^3 + x^5*y + 3*x^3*y^3 + 2*x*y^5 + 7*x^3*y*z^2 + 2*x*y*z^4 - 3/2*x^4*z + 2*x^2*y^2*z - x^2*z^3 - 6*x^3*y - 6*x*y^3 - 8*x*y*z^2 + 2*x^2*z + 8*x*y, x^4*y*z^4 - 3/2*x^5*y^2*z - x^5*z^3 - x^3*z^5 + 1/2*x^6*y + 1/2*x^4*y^3 - 2*x^2*y*z^4 + 3/2*x^5*z + 9/2*x^3*y^2*z + 11/2*x^3*z^3 + 2*x*z^5 - 5/2*x^4*y - x^2*y^3 - 6*x^3*z - 3*x*y^2*z - 7*x*z^3 + 3*x^2*y + 6*x*z, x^6*y^2 - 2*x^4*y^4 - x^5*y*z + 2*x^3*y^3*z - x^6 + 4*x^2*y^4 + 2*x^3*y*z - 4*x*y^3*z + 2*x^4 - 4*x^2*y^2, x^5*y^3 - 2*x^3*y^5 - 1/2*x^6*z + x^4*y^2*z - x^5*y + 4*x*y^5 + x^4*z - 2*x^2*y^2*z + 2*x^3*y - 4*x*y^3, x^6*y*z - 2*x^4*y*z^3 - 3*x^5*y^2 + 4*x^3*y^4 + x^5*z^2 + 2*x^3*z^4 - x^4*y*z + 4*x^2*y*z^3 + x^5 + 2*x^3*y^2 - 8*x*y^4 - 8*x^3*z^2 - 4*x*z^4 - 2*x^2*y*z + 2*x^3 + 8*x*y^2 + 12*x*z^2 - 8*x, x^4*y^3*z - x^4*y*z^3 - 1/2*x^5*y^2 + x^5*z^2 - x^3*y^2*z^2 + x^3*z^4 + 1/2*x^4*y*z - 2*x^2*y^3*z + 2*x^2*y*z^3 - 1/2*x^5 + x^3*y^2 - 5*x^3*z^2 + 2*x*y^2*z^2 - 2*x*z^4 - x^2*y*z + 3*x^3 + 6*x*z^2 - 4*x, x^7 - 4*x^5*y^2 + 4*x^3*y^4 - 2*x^5 + 8*x^3*y^2 - 8*x*y^4]"
14,aaaabAbaaBaaaB,2,2,"[x*y^2 + x, x*z^2 - x, x^2]"
14,aaaabAbbaaBBAB,2,2,"[x*y^4 - 4/3*x^3 - 2*x*y^2 - 2/3*x*z^2 + 10/3*x, x*y^2*z^2 + 1/3*x^3 - 2*x*y^2 - 4/3*x*z^2 + 8/3*x, x^2*z^3 - 2/3*x*y*z^2 - 5/3*x^2*z + 4/3*x*y, x*y*z^3 - 1/2*x^2*z^2 - 2*x*y*z + 3/2*x^2, x*z^4 + 1/3*x^3 - 7/3*x*z^2 + 2/3*x, x^4 - x^2*z^2 - x^2, x^3*y - 2*x^2*z, x^2*y^2 - x^2*z^2 - x^2, x^3*z - x*z^3 - 3/2*x^2*y + 2*x*z, x^2*y*z - 4/3*x^3 - 2/3*x*z^2 + 4/3*x]"
14,aaaabAbbAABBAB,2,2,"[x^3 - 2*x, x*y^2]"
14,aaaabAbAAAABaB,2,2,"[x^8*y - x^7*z - 5*x^6*y + 5*x^5*z + 7*x^4*y - 7*x^3*z - 2*x^2*y + 2*x*z, x^4*y^5 - 3*x^4*y^3*z^2 + x^4*y*z^4 - x^3*y^4*z + 3*x^3*y^2*z^3 - x^3*z^5 - 2*x^2*y^5 + 6*x^2*y^3*z^2 - 2*x^2*y*z^4 + 2*x*y^4*z - 6*x*y^2*z^3 + 2*x*z^5, x^7*y*z - x^6*z^2 - 5*x^5*y*z + x^4*y^2 + 5*x^4*z^2 + 5*x^3*y*z - 2*x^2*y^2 - 6*x^2*z^2 + 2*x*y*z, x^6*y*z^2 - x^5*z^3 + x^4*y^3 - 5*x^4*y*z^2 - x^3*y^2*z + 5*x^3*z^3 - 2*x^2*y^3 + 6*x^2*y*z^2 + 2*x*y^2*z - 6*x*z^3, x^5*y*z^3 + x^4*y^4 - 3*x^4*y^2*z^2 - x^4*z^4 - x^3*y^3*z + x^3*y*z^3 - 2*x^2*y^4 + 6*x^2*y^2*z^2 + 2*x^2*z^4 + 2*x*y^3*z - 6*x*y*z^3, x^5*y^2 - 2*x^4*y*z - 2*x^3*y^2 + x^3*z^2 + 4*x^2*y*z - 2*x*z^2]"
14,aaaabAbAABaaaB,2,2,"[x*y^2 - 3*x, x*z^2 - 3*x, x^2]"
14,aaaabAAbbaaBBB,2,2,"[x*z^3 + 1/2*x^2*y - 2*x*z, x^3 + 2*x*z^2 - 4*x, x*y^2 - 2*x, x^2*z - x*y]"
14,aaaabAAbbAABBB,2,2,"[x*y^4 - x^3 - 2*x*y^2 + 2*x, x^4 - 2*x^2, x^2*y]"
14,aaaabAAAbaaBaB,2,2,"[x*y^2 + x, x*z^2 - 3*x, x^2]"
14,aaaabAAAbAABaB,2,2,[x]
14,aaaabAAABaabaB,2,2,[x]
14,aaaabAAABAAbaB,2,2,[x]
14,aaaabAABBBaabb,2,2,"[x^2*y*z - 4*x*z^2 + 3*x, x^2*z^2 + x*y*z - 3*x^2, x*y*z^2 - 3/4*x^2*z - 3/4*x*y, x*z^3 - 3/4*x^2*y, x^3 - 4*x*z^2 + 4*x, x*y^2 - 3*x]"
14,aaaabAABBBAAbb,2,2,"[x*y^4 - x, x^2*y^2 - x^2, x^3 - x*y^2 - x]"
14,aaaabABaabaaaB,2,2,[x]
14,aaaabABAAbaaaB,2,2,"[x^7 - 7*x^5 + 14*x^3 - 9*x, x*y^6 + x*y^2*z^4 - x*z^6, x^2*z^5 - x*y^5 - 2*x*y*z^4, x^2*y^4 - x^2*z^4 - x*y^3*z + 2*x*y*z^3, x^3*z^3 - x^2*y^3 - 3*x*z^3, x^4*y - 2*x^3*z - x^2*y + 3*x*z, x^3*y^2 - x^3*z^2 - x*y^2 + 2*x*z^2, x^4*z - 2*x^3*y - 2*x^2*z + 3*x*y, x^2*y*z - x*y^2 - x*z^2]"
14,aaaabABBaabbAB,2,2,"[x*y^3 + 2*x^2*z - 4*x*y, x^3 + x*y^2 - 4*x, x^2*y - 2*x*z, x*z^2 - x]"
14,aaaabABBAAbbAB,2,2,"[x^3 - 2*x, x*y^2]"
14,aaaaBaaabaaBAb,2,2,[x]
14,aaaaBaaabAABAb,2,2,"[x^7 - 7*x^5 + 14*x^3 - 9*x, x*y^6 + x*y^2*z^4 - x*z^6, x^2*z^5 - x*y^5 - 2*x*y*z^4, x^2*y^4 - x^2*z^4 - x*y^3*z + 2*x*y*z^3, x^3*z^3 - x^2*y^3 - 3*x*z^3, x^4*y - 2*x^3*z - x^2*y + 3*x*z, x^3*y^2 - x^3*z^2 - x*y^2 + 2*x*z^2, x^4*z - 2*x^3*y - 2*x^2*z + 3*x*y, x^2*y*z - x*y^2 - x*z^2]"
14,aaaaBaaaBaabAb,2,2,"[x*y^2 + x, x*z^2 - x, x^2]"
14,aaaaBaaaBAAbAb,2,2,"[x*y^2 - 3*x, x*z^2 - 3*x, x^2]"
14,aaaaBaabbbaaBB,2,2,"[x^5 - 4*x^3 + 4*x, x^4*y - x^2*y^3 + 2*x*y^2*z - x^2*y - 2*x*z, x^3*y^2 - x^3 - 2*x*y^2 + 2*x, x*y^4 - 2*x*y^2 + x, x^2*y^2*z + x^3*y - x*y^3 - x^2*z - x*y, x*y^3*z + 1/2*x^4 - 1/2*x^2*y^2 - x*y*z - 1/2*x^2, x*y^2*z^2 + x^3 - x*y^2 - x*z^2 - x, x^3*z + x*y^2*z - 3*x*z]"
14,aaaaBaabbbAABB,2,2,"[x^2*y*z - 4/3*x*z^2 - x, x^2*z^2 - 3*x*y*z + 3*x^2, x*y*z^2 - 9/4*x^2*z + 3/4*x*y, x*z^3 + 9/4*x^2*y - 6*x*z, x^3 - 4/9*x*z^2 - 4/3*x, x*y^2 - 3*x]"
14,aaaaBaaBBaabbb,2,2,"[x^3 - 2*x, x*y]"
14,aaaaBaaBBAAbbb,2,2,"[x^2*y*z - 4/3*x*z^2 - 2/3*x, x^2*z^2 - 3*x*y*z + 2*x^2, x*y*z^2 - 3/2*x^2*z + 1/2*x*y, x*z^3 + 3/2*x^2*y - 4*x*z, x^3 - 2/3*x*z^2 - 4/3*x, x*y^2 - 2*x]"
14,aaaaBabaaaaBAb,2,2,"[x^4*z^4 + x^3*y^3*z + x^3*y*z^3 - x^4*z^2 - 2*x^2*z^4 - 2*x^3*y*z - 2*x*y^3*z - 2*x*y*z^3 - 2*x^4 + 2*x^2*z^2 + 4*x*y*z + 4*x^2, x^3*y^4 + 2*x^3*y^2*z^2 + x^3*z^4 - 4*x^3*y^2 - 2*x*y^4 - 4*x^3*z^2 - 4*x*y^2*z^2 - 2*x*z^4 + 4*x^3 + 8*x*y^2 + 8*x*z^2 - 8*x, x^4*y*z^2 - x^3*y^2*z - x^3*z^3 + x^4*y - 2*x^2*y*z^2 + 2*x^3*z + 2*x*y^2*z + 2*x*z^3 - 2*x^2*y - 4*x*z, x^4*y^2 + x^4*z^2 - 2*x^4 - 2*x^2*y^2 - 2*x^2*z^2 + 4*x^2, x^5 - 2*x^3]"
14,aaaaBabaaBAAAb,2,2,[x]
14,aaaaBabbaaBBab,2,2,"[x^3 - 2*x, x*y^2]"
14,aaaaBabbAABBab,2,2,"[x*z^4 - 2*x*z^2 + x, x^2*z^2 - 2*x*y*z + x^2, x*y*z^2 - 2*x^2*z + x*y, x^3 - x*z^2 - x, x^2*y - 2*x*z, x*y^2 - x*z^2 - x]"
14,aaaaBabAAAAbAB,2,2,[x^4*y - x^3*z - 3*x^2*y + 2*x*z + y]
14,aaaaBabAAAABAb,2,2,[x^3 - 2*x]
14,aaaaBabAABAAAb,2,2,[x]
14,aaaaBaBaabAAAb,2,2,"[x*y^2 + x, x*z^2 - 3*x, x^2]"
14,aaaaBaBAAbAAAb,2,2,[x]
14,aaaaBaBBaabbab,2,2,"[x*y^4 - x^3 - 2*x*y^2 + 2*x, x^3*z^2 + 2*x*y^2 - 2*x*z^2, x*y^2*z^2 - x^3 - 2*x*y^2 + 2*x, x^4 - 2*x^2, x^2*y^2]"
14,aaaaBaBBAAbbab,2,2,"[x^2*y^3*z + x^3*z^2 + x*y^2*z^2 - 3*x^2*y*z - 2*x*y^2 - 2*x*z^2 + 4*x, x^4*z^2 + 2*x^2*y^2*z^2 - x^2*y^2 - 5*x^2*z^2 + x^2, x*y^3*z^2 + x^4*z + 2*x^2*y^2*z - x^3*y - 2*x*y^3 - 2*x*y*z^2 - 4*x^2*z + 4*x*y, x^3*z^3 + 2*x^4*y + x^2*y^3 + x^2*y*z^2 - 3*x^3*z - 4*x*z^3 - 7*x^2*y + 8*x*z, x^2*y*z^3 - x*z^4 - 2*x^2*y*z + x*z^2 + 2*x, x*y^2*z^3 - x^4*y - x^2*y*z^2 + x^3*z - 2*x*y^2*z + 3*x^2*y, x^2*z^4 - 2*x*y*z^3 + x^4 - x^2*z^2 + 4*x*y*z - 4*x^2, x*y*z^4 - x^3*y - 3*x*y*z^2 + 2*x^2*z + 2*x*y, x*z^5 - x^4*y - x^2*y*z^2 + 2*x^3*z - x*z^3 + 2*x^2*y - 2*x*z, x^5 + x^3*z^2 + x*y^2*z^2 + x*z^4 + 2*x^2*y*z - 6*x^3 - 2*x*y^2 - 7*x*z^2 + 10*x, x^3*y^2 + x*y^2*z^2 - x*z^4 - x^2*y*z - x^3 - 2*x*y^2 + x*z^2 + 2*x, x*y^4 + x^3*z^2 + x*y^2*z^2 + x*z^4 - 4*x*y^2 - 5*x*z^2 + 4*x, x^3*y*z - x^2*z^2 - x^2]"
14,aaaaBAbaaBaaab,2,2,[x]
14,aaaaBAbbaaBBAb,2,2,"[x*y^3 + 2*x^2*z - 4*x*y, x^3 + x*y^2 - 4*x, x^2*y - 2*x*z, x*z^2 - x]"
14,aaaaBAbbAABBAb,2,2,"[x^3 - 2*x, x*y^2]"
14,aaaaBAbAABaaab,2,2,"[x^7 - 7*x^5 + 14*x^3 - 9*x, x*y^6 - x*y^4*z^2 - x*z^6, x^2*z^5 - x*y^5 + x*y^3*z^2 - x*y*z^4, x^2*y^4 - x^2*z^4 - 2*x*y^3*z + x*y*z^3, x^3*z^3 - x^2*y^3 + x*y^2*z - 2*x*z^3, x^4*y - 2*x^3*z - 2*x^2*y + 3*x*z, x^3*y^2 - x^3*z^2 - 2*x*y^2 + x*z^2, x^4*z - 2*x^3*y - x^2*z + 3*x*y, x^2*y*z - x*y^2 - x*z^2]"
14,aaaaBAAbbbaaBB,2,2,"[x^2*y*z - 8/5*x*z^2 - 3/5*x, x^2*z^2 - 5*x*y*z + 6*x^2, x*y*z^2 - 15/8*x^2*z + 3/8*x*y, x*z^3 + 15/4*x^2*y - 9*x*z, x^3 - 4/5*x*z^2 - 4/5*x, x*y^2 - 3*x]"
14,aaaaBAAbbbAABB,2,2,"[x*y^4 - x, x^2*y^2 - x^2, x^3 - x*y^2 - x]"
14,aaaaBAAAbaaBab,2,2,[x]
14,aaaaBAAAbAABab,2,2,[x]
14,aaaaBAAABaabab,2,2,"[x*y^2 + x, x*z^2 - 3*x, x^2]"
14,aaaaBAAABAAbab,2,2,[x]
14,aaaaBAABBaabbb,2,2,"[x^2*y*z - 4/3*x*z^2 - 2/3*x, x^2*z^2 - 3*x*y*z + 2*x^2, x*y*z^2 - 3/2*x^2*z + 1/2*x*y, x*z^3 + 3/2*x^2*y - 4*x*z, x^3 - 2/3*x*z^2 - 4/3*x, x*y^2 - 2*x]"
14,aaaaBAABBAAbbb,2,2,"[x*y^4 - x^3 - 2*x*y^2 + 2*x, x^4 - 2*x^2, x^2*y]"
14,aaaaBABaabaaab,2,2,"[x*y^2 + x, x*z^2 - x, x^2]"
14,aaaaBABAAbaaab,2,2,"[x*y^2 - 3*x, x*z^2 - 3*x, x^2]"
14,aaaaBABBaabbAb,2,2,"[x*y^4 - 4/3*x^3 - 2*x*y^2 - 2/3*x*z^2 + 10/3*x, x*y^2*z^2 + 1/3*x^3 - 2*x*y^2 - 4/3*x*z^2 + 8/3*x, x^2*z^3 - 2/3*x*y*z^2 - 5/3*x^2*z + 4/3*x*y, x*y*z^3 - 1/2*x^2*z^2 - 2*x*y*z + 3/2*x^2, x*z^4 + 1/3*x^3 - 7/3*x*z^2 + 2/3*x, x^4 - x^2*z^2 - x^2, x^3*y - 2*x^2*z, x^2*y^2 - x^2*z^2 - x^2, x^3*z - x*z^3 - 3/2*x^2*y + 2*x*z, x^2*y*z - 4/3*x^3 - 2/3*x*z^2 + 4/3*x]"
14,aaaaBABBAAbbAb,2,2,"[x^3 - 2*x, x*y^2]"
14,aaaaBBaabbbaaB,2,2,"[x^5 - 4*x^3 + 4*x, x^4*y - x^2*y^3 + 2*x*y^2*z - x^2*y - 2*x*z, x^3*y^2 - x^3 - 2*x*y^2 + 2*x, x*y^4 - 2*x*y^2 + x, x^2*y^2*z + x^3*y - x*y^3 - x^2*z - x*y, x*y^3*z + 1/2*x^4 - 1/2*x^2*y^2 - x*y*z - 1/2*x^2, x*y^2*z^2 + x^3 - x*y^2 - x*z^2 - x, x^3*z + x*y^2*z - 3*x*z]"
14,aaaaBBaabbbAAB,2,2,"[x^2*y*z - 8/5*x*z^2 - 3/5*x, x^2*z^2 - 5*x*y*z + 6*x^2, x*y*z^2 - 15/8*x^2*z + 3/8*x*y, x*z^3 + 15/4*x^2*y - 9*x*z, x^3 - 4/5*x*z^2 - 4/5*x, x*y^2 - 3*x]"
14,aaaaBBaaBaabbb,2,2,[x]
14,aaaaBBaaBAAbbb,2,2,[x]
14,aaaaBBabaaBabb,2,2,"[x*y^2 + x, x*z^2 - x, x^2]"
14,aaaaBBabAABabb,2,2,"[x*y^2 - 1/3*x, x*z^2 - 17/3*x, x^2]"
14,aaaaBBaBaababb,2,2,"[x*z^4 + x*z^2 + x, x*y^2 + x*z^2, x^2]"
14,aaaaBBaBAAbabb,2,2,"[x^2*y*z^3 - 1/3*x*z^4 - 4*x^2*y*z + 7/3*x^3 + 7/3*x*z^2 - 7/3*x, x^2*z^4 + 2*x^4 - 3*x^2*y^2 - x^2*z^2 - 2*x^2, x*y*z^4 + 3/4*x^2*z^3 - 1/4*x^3*y + 3/2*x*y^3 - 11/2*x*y*z^2 + 3*x^2*z - 2*x*y, x*z^5 + 3/2*x^2*y*z^2 + 2*x^3*z + 3/2*x*y^2*z - 11/2*x*z^3 - 3*x^2*y - 2*x*z, x^5 + 3/2*x^2*y*z - 6*x^3 - 3/2*x*y^2 - 3/2*x*z^2 + 9*x, x^4*y + 2*x^2*y*z^2 - 3*x^3*z - x*y^2*z - x*z^3 - 2*x^2*y + 6*x*z, x^3*y^2 - 1/3*x*z^4 - x^2*y*z - 5/3*x^3 - x*y^2 + 4/3*x*z^2 + 11/3*x, x^2*y^3 + 1/2*x^2*y*z^2 - x^3*z - 1/2*x*y^2*z - 1/2*x*z^3 - x^2*y + 3*x*z, x*y^4 + 1/3*x*z^4 + 3/2*x^2*y*z + 2/3*x^3 - 9/2*x*y^2 - 11/6*x*z^2 + 1/3*x, x^4*z - 1/4*x^2*z^3 - 5/4*x^3*y - 1/2*x*y^3 - 1/2*x*y*z^2 - 2*x^2*z + 3*x*y, x^3*y*z - x^2*y^2 - x^2*z^2, x^2*y^2*z - 1/2*x^2*z^3 - 1/2*x^3*y, x*y^3*z + x*y*z^3 + x^4 - 2*x^2*y^2 + x^2*z^2 - 6*x*y*z + x^2, x^3*z^2 - 3*x^2*y*z + x^3, x*y^2*z^2 - x^2*y*z + x^3 - x*y^2 - x]"
14,aaaaBBAbaaBAbb,2,2,"[x*y^2 + x, x*z^2 - 3*x, x^2]"
14,aaaaBBAbAABAbb,2,2,[x]
14,aaaaBBAAbbbaaB,2,2,"[x^2*y*z - 4/3*x*z^2 - x, x^2*z^2 - 3*x*y*z + 3*x^2, x*y*z^2 - 9/4*x^2*z + 3/4*x*y, x*z^3 + 9/4*x^2*y - 6*x*z, x^3 - 4/9*x*z^2 - 4/3*x, x*y^2 - 3*x]"
14,aaaaBBAAbbbAAB,2,2,"[x*y^4 - x, x^2*y^2 - x^2, x^3 - x*y^2 - x]"
14,aaaaBBAABaabbb,2,2,[x]
14,aaaaBBAABAAbbb,2,2,"[x*y^4 - x*y^2 + x, x^2]"
14,aaaaBBABaabAbb,2,2,"[x*z^4 - 3*x*z^2 + 3*x, x*y^2 + x*z^2 - 2*x, x^2]"
14,aaaaBBABAAbAbb,2,2,[x]
14,aaaaBBBaabaabb,2,2,[x]
14,aaaaBBBaabbaab,2,2,"[x^3 - 2*x, x*y]"
14,aaaaBBBaabbAAb,2,2,"[x*z^3 + 1/2*x^2*y - 2*x*z, x^3 + 2*x*z^2 - 4*x, x*y^2 - 2*x, x^2*z - x*y]"
14,aaaaBBBaabAAbb,2,2,[x]
14,aaaaBBBAAbaabb,2,2,[x]
14,aaaaBBBAAbbaab,2,2,"[x*z^3 + 1/2*x^2*y - 2*x*z, x^3 + 2*x*z^2 - 4*x, x*y^2 - 2*x, x^2*z - x*y]"
14,aaaaBBBAAbbAAb,2,2,"[x*y^4 - x^3 - 2*x*y^2 + 2*x, x^4 - 2*x^2, x^2*y]"
14,aaaaBBBAAbAAbb,2,2,"[x*y^4 - x*y^2 + x, x^2]"
14,aaabaabaaaBAAB,2,2,"[x^5*y*z - x^4*y^2 + 4/3*x^2*z^4 - x^3*y*z - 5/3*x^2*y^2 - 20/3*x^2*z^2 - 4/3*z^4 + 16/3*x^2 + 8/3*y^2 + 20/3*z^2 - 16/3, x^3*y*z^3 - x^2*y^2*z^2 - 4/3*x^2*z^4 - x^3*y*z - x*y*z^3 + 2/3*x^2*y^2 + 8/3*x^2*z^2 + y^2*z^2 + 4/3*z^4 + x*y*z - 4/3*x^2 - 2/3*y^2 - 8/3*z^2 + 4/3, x^3*z^4 + x^4*y*z - x^2*y*z^3 - x^3*y^2 - 3*x^3*z^2 - x*z^4 - x^2*y*z + y*z^3 + 2*x^3 + x*y^2 + 3*x*z^2 - 2*x, x^2*z^5 + 1/4*x^5*y - x^2*y^2*z - 3*x^2*z^3 - z^5 - 1/4*x^3*y + 2*x^2*z + y^2*z + 3*z^3 - 2*z, x^6 + 4*x^2*z^4 + 4*x^3*y*z - 5*x^4 - 8*x^2*y^2 - 16*x^2*z^2 - 4*z^4 - 4*x*y*z + 20*x^2 + 8*y^2 + 16*z^2 - 16, x^3*y^2*z + 1/3*x^3*z^3 - 1/3*x^4*y - x^2*y^3 - 5/3*x^2*y*z^2 - 1/3*x^3*z - x*y^2*z - 1/3*x*z^3 + 7/3*x^2*y + y^3 + 5/3*y*z^2 + 1/3*x*z - 2*y, x^4*z^2 + x^3*y*z - x^4 - 2*x^2*y^2 - 5*x^2*z^2 - x*y*z + 5*x^2 + 2*y^2 + 4*z^2 - 4]"
14,aaabaabAAABAAB,2,2,[x^3*z - x^2*y - x*z + y]
14,aaabaaBaaabAAB,2,2,"[x^2*y^8 + 2*x^2*y^4*z^4 + x^2*z^8 - 4*x^2*y^6 - y^8 - 4*x^2*y^4*z^2 - 4*x^2*y^2*z^4 - 2*y^4*z^4 - 4*x^2*z^6 - z^8 + 6*x^2*y^4 + 4*y^6 + 8*x^2*y^2*z^2 + 4*y^4*z^2 + 6*x^2*z^4 + 4*y^2*z^4 + 4*z^6 - 4*x^2*y^2 - 6*y^4 - 4*x^2*z^2 - 8*y^2*z^2 - 6*z^4 + x^2 + 4*y^2 + 4*z^2 - 1, x^3*z^7 + x^2*y^7 + 2*x^2*y^3*z^4 - x^2*y*z^6 - 7/2*x^3*z^5 - x*z^7 - 1/4*x^4*y^3 - 7/2*x^2*y^5 - y^7 - 9/2*x^2*y^3*z^2 - 2*y^3*z^4 + y*z^6 + 3/4*x^3*y^2*z + 13/4*x^3*z^3 + 7/2*x*z^5 + 19/4*x^2*y^3 + 7/2*y^5 + 4*x^2*y*z^2 + 9/2*y^3*z^2 - 3/4*x^3*z - 3/4*x*y^2*z - 13/4*x*z^3 - 3/2*x^2*y - 9/2*y^3 - 4*y*z^2 + 3/4*x*z + 3/2*y, x^3*y^6 + x^3*z^6 - x^2*y^5*z + 2*x^2*y^3*z^3 - x^2*y*z^5 - 2*x^3*y^4 - x*y^6 - 3*x^3*z^4 - x*z^6 - 2*x^2*y^3*z + y^5*z - 2*y^3*z^3 + y*z^5 + x^3*y^2 + 2*x*y^4 + 2*x^3*z^2 + 3*x*z^4 + 3*x^2*y*z + 2*y^3*z - x*y^2 - 2*x*z^2 - 3*y*z, x^4*z^5 + x^3*y^5 - 1/2*x^4*y^2*z - x^2*y^4*z - 7/2*x^4*z^3 + x^2*y^2*z^3 - 3*x^2*z^5 - 2*x^3*y^3 - x*y^5 + 2*x^3*y*z^2 + 5/2*x^4*z - 1/2*x^2*y^2*z + y^4*z + 15/2*x^2*z^3 - y^2*z^3 + 2*z^5 + x^3*y + 2*x*y^3 - 2*x*y*z^2 - 9/2*x^2*z + y^2*z - 4*z^3 - x*y + 2*z, x^4*y^4 + x^4*z^4 - 2*x^4*y^2 - 3*x^2*y^4 - 2*x^4*z^2 - 3*x^2*z^4 + x^4 + 6*x^2*y^2 + 2*y^4 + 6*x^2*z^2 + 2*z^4 - 3*x^2 - 4*y^2 - 4*z^2 + 2, x^3*y^3*z - 1/2*x^4*y^2 - x^2*y^4 + 1/2*x^4*z^2 - x^2*y^2*z^2 - x^3*y*z - x*y^3*z - 1/2*x^4 + 7/2*x^2*y^2 + y^4 - 1/2*x^2*z^2 + y^2*z^2 + x*y*z + 1/2*x^2 - 3*y^2, x^5*z^2 + 2*x^3*y^2*z^2 - 2*x^4*y*z - 2*x^2*y^3*z - 2*x^2*y*z^3 - x^5 - 3*x^3*z^2 - 2*x*y^2*z^2 + 8*x^2*y*z + 2*y^3*z + 2*y*z^3 + 3*x^3 + 2*x*z^2 - 6*y*z - 2*x, x^4*y*z^2 - x^3*y^2*z - x^3*z^3 - x^4*y - x^2*y*z^2 + x^3*z + x*y^2*z + x*z^3 + 3*x^2*y - x*z - 2*y, x^3*y*z^3 - 1/2*x^4*y^2 - 1/2*x^4*z^2 - x^2*y^2*z^2 - x^2*z^4 - x*y*z^3 + 1/2*x^4 + 3/2*x^2*y^2 + 5/2*x^2*z^2 + y^2*z^2 + z^4 - 3/2*x^2 - y^2 - 2*z^2 + 1, x^6 - 5*x^4 + 8*x^2 - 4, x^5*y - 2*x^3*y*z^2 + 2*x^2*y^2*z + 2*x^2*z^3 - 3*x^3*y + 2*x*y*z^2 - 2*x^2*z - 2*y^2*z - 2*z^3 + 2*x*y + 2*z]"
14,aaabaaBabbaaBB,2,2,"[x^2*z^3 - 4/5*x*y*z^2 - 4/5*x^2*z - 4/5*x*y, x*y*z^3 - 4*x^2*z^2 + x*y*z + 5*x^2, x*z^4 - 3*x*y^2 - x*z^2 + x, x^2*y^2 - x^2*z^2 + x^2, x*y^3 - 2/5*x*y*z^2 + 3/5*x^2*z - 7/5*x*y, x^2*y*z - 1/3*x*y^2 - 2/3*x*z^2 - 1/3*x, x*y^2*z - x*z^3 + 3*x^2*y - 2*x*z, x^3 + 5/3*x*y^2 - 2/3*x*z^2 - 7/3*x]"
14,aaabaaBabbAABB,2,2,"[x^5 - 4*x^3 - 4/3*x*z^2 + 4*x, x*z^3 - 3*x*z, x*y^2 + 2/3*x*z^2 - x, x^2*z]"
14,aaabaaBaBBaabb,2,2,"[x^2*y^3 - 1/3*x*y^2*z - 2/3*x^2*y + 1/3*x*z, x*y^4 + x^3 - 2*x*y^2 + x, x*y^3*z - 4*x^2*y^2 - x*y*z + 3*x^2, x^4, x^3*y + 1/4*x*y^3 + 1/4*x^2*z - 1/4*x*y, x^3*z + 1/3*x*y^2*z - 1/3*x^2*y - 1/3*x*z, x^2*y*z + 3*x^3 + x*y^2 - x, x*z^2 + x]"
14,aaabaaBaBBAAbb,2,2,"[x^2*z^4 - 2*x*y^3*z - x^2*y^2 + 5*x^2*z^2 - 2*x*y*z + 5*x^2, x*z^5 - 11*x^3*z + 4*x*y^2*z - 4*x*z^3 + 2*x^2*y + 7*x*z, x^2*y^3 + x^3*z - 3*x^2*y, x*y^4 - 2*x^3 - x*y^2 - x*z^2 + x, x^3*z^2 + 1/2*x*z^4 + 1/2*x^3 - x*z^2 - 3/2*x, x*y^2*z^2 - 1/2*x*z^4 + 7/2*x^3 - 3*x*y^2 + 2*x*z^2 - 3/2*x, x*y*z^3 + 2*x^2*z^2 - 3*x*y*z + x^2, x^4 - x^2*y^2 + x^2*z^2, x^3*y + x*y*z^2 + x^2*z - 3*x*y, x^2*y*z + x^3 - x*y^2 - x]"
14,aaabaaBAAAbaaB,2,2,"[x*y^6 + x*z^6 - 3*x*y^4 - 3*x*z^4 + 9/4*x*y^2 + 9/4*x*z^2 - 1/2*x, x^2*z^5 + x*y^5 - x*y*z^4 + 1/4*x^4*z - 2*x^2*z^3 - 5/2*x*y^3 + 3/2*x*y*z^2 + x*y, x^2*y^4 + x^2*z^4 - x*y^3*z - x*y*z^3 + 1/8*x^4 - 3/2*x^2*y^2 - 3/2*x^2*z^2 + 2*x*y*z + 1/8*x^2, x^4*z^2 - 1/2*x^4 - 3*x^2*z^2 + 3/2*x^2, x^3*z^3 + x^2*y^3 - x^2*y*z^2 - x^3*z - x*y^2*z - x*z^3 - 1/2*x^2*y + 2*x*z, x^2*y*z^3 - 1/2*x^3*z^2 - x*y^2*z^2 - x*z^4 - 1/2*x^2*y*z + 1/4*x^3 + 1/2*x*y^2 + 5/2*x*z^2 - x, x^5 + 4*x^2*y*z - 5*x^3 - 4*x*y^2 - 4*x*z^2 + 8*x, x^4*y - 3*x^2*y, x^3*y^2 + x^3*z^2 - 2*x^2*y*z - x^3 - x*y^2 - x*z^2 + 2*x, x^3*y*z + 1/4*x^4 - x^2*y^2 - x^2*z^2 - 1/4*x^2, x^2*y^2*z - 1/2*x^3*y - x*y^3 - x*y*z^2 + 2*x*y]"
14,aaabaaBAAAbAAB,2,2,[x^3 - x]
14,aaabaaBAAABaab,2,2,"[x*y^2*z^5 + x*z^7 - 1/2*x^2*y^5 - 5/2*x*y^2*z^3 - 9/2*x*z^5 - 1/8*x^4*y + 5/4*x^2*y^3 + x^2*y*z^2 - 3/8*x^3*z + 1/4*x*y^2*z + 21/4*x*z^3 - 1/2*x^2*y - 1/2*x*z, x^3*y^4 - 2*x*y^2*z^4 - 2*x*z^6 - 2*x^3*y^2 - x*y^4 + 1/2*x^3*z^2 + 3*x*y^2*z^2 + 8*x*z^4 + 1/2*x^2*y*z + x*y^2 - 9*x*z^2 + 2*x, x^2*z^5 - 1/2*x^3*y^3 - 1/2*x^3*y*z^2 + 1/4*x^4*z - 2*x^2*z^3 + x^3*y + x*y^3 + x*y*z^2 - 2*x*y, x^4*y^2 - 2*x^2*z^4 - x^3*y*z - 1/2*x^4 - x^2*y^2 + 4*x^2*z^2, x^4*y*z - x^3*y^2 - 2*x^3*z^2 - x^2*y*z + 2*x^3 + 2*x*y^2 + 2*x*z^2 - 4*x, x^4*z^2 - x^3*y*z - x^4 - x^2*z^2 + 2*x^2, x^3*z^3 - 1/2*x^4*y - x^3*z - x*y^2*z - x*z^3 + x^2*y + 2*x*z, x^2*y*z^3 - 1/2*x^3*z^2 - x*y^2*z^2 - x*z^4 - 1/2*x^2*y*z + 1/4*x^3 + 1/2*x*y^2 + 5/2*x*z^2 - x, x^5 - 2*x^3*z^2 + 4*x^2*y*z - 3*x^3 - 2*x*y^2 - 2*x*z^2 + 4*x, x^2*y^2*z - 1/2*x^3*y - x*y^3 - x*y*z^2 + 2*x*y]"
14,aaabaaBAAABAAb,2,2,[x^3*z - x^2*y - x*z]
14,aaabababAbabab,2,2,"[x*y^3*z^2 - 1/2*z^5 - x*y^3 - 5/4*x*y*z^2 + 7/4*z^3 + 5/4*x*y - 5/4*z, y^4*z^2 - 1/4*z^6 - y^4 - 5/4*y^2*z^2 + 7/8*z^4 + 5/4*y^2 - 5/8*z^2, y^2*z^3 - 1/2*z^5 - 1/2*x*y*z^2 - y^2*z + z^3 + 1/2*x*y - 1/2*z, x^2*z^2 - 4*y^2*z^2 + 2*z^4 - x^2 + 4*y^2 - 4*z^2 + 2, x*z^3 - 2*y*z^2 - x*z + 2*y]"
14,aaababbaaaBBAB,2,2,"[x^6*y*z - x^7 - x^5*y^2 - 2*x^3*y^2*z^2 + x^2*y^3*z + x^2*y*z^3 + 3*x^5 + 3*x^3*y^2 - x^3*z^2 + 2*x*y^2*z^2 - 3*x^2*y*z - y^3*z - y*z^3 - 3*x^3 - 2*x*y^2 + x*z^2 + 2*y*z + x, x^5*y^2*z - x^6*y - x^4*y^3 - x^4*y*z^2 - x^2*y*z^4 + x^5*z - x^3*y^2*z + x^3*z^3 + 3*x^4*y + 2*x^2*y^3 + 4*x^2*y*z^2 + y*z^4 - 4*x^3*z - x*z^3 - 5*x^2*y - y^3 - 3*y*z^2 + 3*x*z + 3*y, x^5*y*z^2 - x^6*z - 2*x^4*y^2*z + x^2*z^5 + x^5*y + 2*x^3*y^3 - 6*x^3*y*z^2 + 5*x^4*z + 3*x^2*y^2*z - x^2*z^3 - z^5 - 2*x*y^3 + 5*x*y*z^2 - 5*x^2*z - y^2*z + z^3 - x*y + z, x^4*y^2*z^2 - 2*x^5*y*z - 2*x^3*y*z^3 + x^6 + 2*x^4*z^2 - x^2*y^2*z^2 + x^2*z^4 + 4*x^3*y*z + 2*x*y*z^3 - 3*x^4 - 4*x^2*z^2 - z^4 - 2*x*y*z + 3*x^2 + 2*z^2 - 1, x^3*y*z^4 - x^4*y^2*z - x^4*z^3 - x^2*z^5 + x^5*y - x*y*z^4 + x^4*z + x^2*y^2*z + 3*x^2*z^3 + z^5 - 2*x^3*y - 2*x^2*z - 2*z^3 + x*y + z, x^3*z^5 + x^4*y^3 - 3*x^4*y*z^2 - x^2*y*z^4 + x^5*z - x*z^5 + x^4*y - x^2*y^3 + 5*x^2*y*z^2 + y*z^4 - 2*x^3*z - 2*x^2*y - 2*y*z^2 + x*z + y, x^2*y*z^5 - x^3*y^2*z^2 - x^3*z^4 + x^4*y*z - 2*x^2*y*z^3 - y*z^5 + x^3*y^2 + x^3*z^2 + x*y^2*z^2 + x*z^4 + 2*y*z^3 - x*y^2 - x*z^2 - y*z, x^2*z^6 - 2*x^3*y*z^3 + x^4*y^2 - 2*x^2*z^4 - z^6 + 2*x^3*y*z + 2*x*y*z^3 - x^2*y^2 + x^2*z^2 + 2*z^4 - 2*x*y*z - z^2, x^3*y^3*z - x^3*y*z^3 - x^4*y^2 + x^4*z^2 - x^2*y^2*z^2 + x^2*z^4 - x*y^3*z + x*y*z^3 + 2*x^2*y^2 - 2*x^2*z^2 + y^2*z^2 - z^4 - y^2 + z^2, x^2*y^3*z^2 - x^2*y*z^4 - x^3*y^2*z + x^3*z^3 - x^2*y^3 + x^2*y*z^2 - y^3*z^2 + y*z^4 + x*y^2*z - x*z^3 + y^3 - y*z^2, x^2*y^2*z^3 - x^2*z^5 - x^3*y^3 + x^3*y*z^2 - x^2*y^2*z + x^2*z^3 - y^2*z^3 + z^5 + x*y^3 - x*y*z^2 + y^2*z - z^3, x^2*y^4 - 2*x^2*y^2*z^2 + x^2*z^4 - y^4 + 2*y^2*z^2 - z^4]"
14,aaababbAAABABB,2,2,[x^2*y*z - y*z - x]
14,aaababbAAABBAB,2,2,[x^2 - 1]
14,aaababbABAAAbb,2,2,Polynomial Sequence with 21 Polynomials in 3 Variables
14,aaababbABAAABB,2,2,[y]
14,aaababAAbbabaB,2,2,"[y^4*z^3 - x^2*z^5 + x^2*y^2*z - 2*y^4*z + 3*x^2*z^3 - y^2*z^3 + z^5 - x*y*z^2 - 3*x^2*z + y^2*z - 4*z^3 + 6*z, x*y^2*z^4 - x^2*y*z^3 - y^3*z^3 - y*z^5 + x^3*z^2 - 3*x*y^2*z^2 + x*z^4 + 2*x^2*y*z + 2*y^3*z + 5*y*z^3 - 4*x*z^2 - 4*y*z, x^2*y^3*z + x^3*z^2 - 2*x*y^2*z^2 - x^2*y*z - y^3*z + y*z^3 - 2*x*z^2 + 2*y*z, x*y^4*z - x^2*y*z^2 - y^3*z^2 + x^3*z - x*y^2*z + 2*y*z^2 - 2*x*z, y^5*z - x^2*y*z^3 + x*y^2*z^2 - 2*y^3*z + x*z^2, x^2*y^2*z^2 + 1/2*y^4*z^2 - 1/2*x^2*z^4 - 1/2*x*y^3*z - x*y*z^3 - y^2*z^2 + 1/2*z^4 + 1/2*z^2, x*y^3*z^2 - x^2*y^2*z - x^2*z^3 - y^2*z^3 + x*y*z^2 + x^2*z + y^2*z + z^3 - 2*z, x^3*z^3 - 1/2*x*y^2*z^3 - 1/2*x^2*y*z^2 - 1/2*y^3*z^2 + 1/2*y*z^4 - 1/2*x^3*z + 1/2*x*y^2*z - 3/2*x*z^3 + 1/2*y*z^2 + x*z, x^4*z + x^2*y^2*z + y^4*z - x^2*z^3 - x*y*z^2 - 3*x^2*z - 3*y^2*z + z^3 + 2*z, x^3*y*z - x^2*z^2 - 2*x*y*z + z^2]"
14,aaababAAbABABB,2,2,[z]
14,aaababAABababb,2,2,"[x^4*z - 3*x*y*z^2 - 2*x^2*z + 4*y^2*z + z^3 - 3*z, x^3*y*z - x^2*z^2 + y^2*z^2 - 2*x*y*z, x^2*y^2*z + y^2*z^3 - x^2*z - 3*y^2*z - z^3 + 3*z, x^3*z^2 + y*z^3 - 4*x*z^2 + y*z, x^2*y*z^2 - x^3*z - x*y^2*z - y*z^2 + 3*x*z, x*y^2*z^2 - y^3*z - x*z^2 + y*z, x^2*z^3 - 2*x*y*z^2 + y^2*z, x*y*z^3 - 1/2*x^2*z^2 - y^2*z^2 - 1/4*z^4 + 1/4*x*y*z + 3/4*z^2, x*z^4 - x^2*y*z - 2*y*z^3 + x*z^2 + 2*y*z, y*z^4 + 2*x^3*z + x*y^2*z - 4*x*z^3 + 3*y*z^2 - 6*x*z, z^5 + 7*x*y*z^2 - 4*x^2*z - 6*y^2*z - 7*z^3 + 12*z]"
14,aaababAABBABAb,2,2,"[x^2*z - z, y*z]"
14,aaabaBaBBAABaB,2,2,"[x^3*y*z^3 - 2*x^2*y^2*z^2 - x^2*z^4 + x*y^3*z + x*y*z^3 + x^2*y^2 - y^2*z^2 + z^4 - 2*x*y*z + z^2, x^5*y - x^4*z + x^2*y^2*z - 4*x^3*y - 2*x*y^3 - x*y*z^2 + 4*x^2*z + 2*y^2*z + 4*x*y - 4*z, x^4*y^2 - 3*x^3*y*z - x*y^3*z + 2*x^2*z^2 + y^2*z^2 + 2*x*y*z - 2*z^2, x^3*y^3 - x^3*y*z^2 - x*y^3*z^2 - x^2*y^2*z + x^2*z^3 + y^2*z^3 + x*y*z^2 - z^3, x^4*y*z - 2*x^3*y^2 - x^3*z^2 + x*y^2*z^2 + 2*x^2*y*z - y*z^3, x^2*y^3*z - x*y^4 - 2*x*y^2*z^2 - x^2*y*z + y^3*z + y*z^3 + 2*x*y^2 + x*z^2 - 2*y*z, x*y^2*z^3 - 1/2*x^4*y - x^2*y^3 + x^2*y*z^2 - y*z^4 + 1/2*x^3*z + 1/2*x*y^2*z - x*z^3 + x^2*y + 1/2*y*z^2 - x*z]"
14,aaabaBBaaabbAB,2,2,"[x^3*y*z^5 - x^2*y^4*z^2 - x^4*z^4 - x^2*y^2*z^4 - x^2*z^6 - 2*x^3*y*z^3 - x*y*z^5 + x^2*y^4 + 3*x^4*z^2 + 6*x^2*y^2*z^2 + y^4*z^2 + 5*x^2*z^4 + y^2*z^4 + z^6 + 2*x*y*z^3 - 2*x^4 - 5*x^2*y^2 - y^4 - 11*x^2*z^2 - 6*y^2*z^2 - 4*z^4 + 8*x^2 + 5*y^2 + 8*z^2 - 6, x^4*y*z^3 - x^5*z^2 - 2*x^3*y^2*z^2 - x^3*z^4 + x^4*y*z + x^5 + x^3*y^2 + 3*x^3*z^2 + 2*x*y^2*z^2 + x*z^4 - x^2*y*z - y*z^3 - 4*x^3 - x*y^2 - 2*x*z^2 + 3*x, x^3*y^2*z^3 - x^2*y^3*z^2 - x^2*y*z^4 - 2*x^3*y^2*z - x^3*z^3 - x*y^2*z^3 + x^4*y + x^2*y^3 + 5*x^2*y*z^2 + y^3*z^2 + y*z^4 + 2*x*y^2*z + x*z^3 - 4*x^2*y - y^3 - 5*y*z^2 + 3*y, x^3*y^4 + x^4*y*z - x^2*y^3*z - 3*x^3*y^2 - x*y^4 - x^3*z^2 + 2*x^2*y*z + y^3*z + 3*x*y^2 + x*z^2 - 3*y*z, x^2*y^5 + x^5*z + 3*x^3*y^2*z - 3*x^4*y - 6*x^2*y^3 - y^5 - x^2*y*z^2 - 4*x^3*z - 3*x*y^2*z + 12*x^2*y + 6*y^3 + y*z^2 + 3*x*z - 9*y, x^3*y^3*z - x^3*y*z^3 + x^4*z^2 + x^2*z^4 - x^3*y*z - x*y^3*z + x*y*z^3 - x^4 - x^2*y^2 - 3*x^2*z^2 - z^4 + x*y*z + 4*x^2 + y^2 + 2*z^2 - 3, x^6 + x^2*y^4 + 4*x^3*y*z - 7*x^4 - 6*x^2*y^2 - y^4 - 2*x^2*z^2 - 4*x*y*z + 15*x^2 + 6*y^2 + 2*z^2 - 9, x^5*y + x^3*y^3 - x^4*z - x^2*y^2*z - 4*x^3*y - x*y^3 + 4*x^2*z + y^2*z + 3*x*y - 3*z, x^4*y^2 - 2*x^3*y*z - x^2*y^2 + x^2*z^2 + 2*x*y*z - z^2]"
14,aaabaBBAAAbbAB,2,2,"[x^2*y^3 - x^3*z - x^2*y - y^3 + x*z + y, x^3*y*z - x^2*y^2 - x*y*z + x^2 + y^2 - 1, x^2*y^2*z - x^2*z - y^2*z + z, x^2*z^2 - z^2]"
14,aaabaBBAAABAbb,2,2,[x^2*y*z - x*y^2 - y*z + x]
14,aaabbaaBBabaaB,2,2,"[x*y*z^3 - x^2*y^2 + x*y*z + x^2, x*z^4 + x*z^2, x*y^3 - 1/2*x^2*z - x*y, x^2*y*z - 2*x*y^2 + 2*x, x*y^2*z - x*z, x^2*z^2, x^3 - x*y^2 - 2*x*z^2 - x]"
14,aaabbaaBBabAAB,2,2,"[x^2*z^3 - 4/7*x*y*z^2 - 24/7*x^2*z + 4*x*y, x*y*z^3 - x^2*z^2 - 7*x*y*z + 7*x^2, x*z^4 + 25/2*x*y^2 - 4*x*z^2 - 17/2*x, x^2*y^2 - x^2, x*y^3 + 2/7*x*y*z^2 - 2/7*x^2*z - x*y, x^2*y*z - 7/2*x*y^2 - x*z^2 + 7/2*x, x*y^2*z - 2*x^2*y + x*z, x^3 - 7/2*x*y^2 - x*z^2 + 7/2*x]"
14,aaabbaaBBaBaab,2,2,"[x*y*z^3 + 6*x^2*y^2 + x*y*z - 6*x^2, x*z^4 + 2*x*z^2 + x, x*y^3 - 1/3*x*y*z^2 + x^2*z - 4/3*x*y, x^2*y*z + x*y^2 - 1/2*x*z^2 - 3/2*x, x*y^2*z - 1/2*x*z^3 - x^2*y - 3/2*x*z, x^2*z^2 + x^2, x^3 - 1/6*x*z^2 - 1/6*x]"
14,aaabbaaBBaBAAb,2,2,"[x^5 - x^2*y*z - 3*x^3 + x*y^2 + x, x^4*y - 10/3*x^3*z + x*y^2*z - 2/3*x*z^3 - 7/3*x^2*y + 17/3*x*z, x^3*y^2 + x^2*y*z - 3*x^3 - 2*x*y^2 - x*z^2 + 5*x, x^2*y^3 + x^3*z - 2*x*y^2*z - x^2*y - 2*x*z, x*y^4 + 5*x^2*y*z - 4*x^3 - 5*x*y^2 - 2*x*z^2 + 8*x, x^4*z - 2/5*x^3*y - 1/10*x*y^3 - 1/5*x*y*z^2 - 23/10*x^2*z + 13/10*x*y, x^3*y*z - x^4 - x^2*y^2 + 3*x^2, x^2*y^2*z - 4/5*x^3*y - 7/10*x*y^3 - 2/5*x*y*z^2 - 1/10*x^2*z + 21/10*x*y, x*y^3*z - x^2*z^2 + x*y*z - 2*x^2, x^3*z^2 + 6*x^2*y*z - 6*x^3 - 5*x*y^2 - 3*x*z^2 + 16*x, x^2*y*z^2 - 2/3*x^3*z - x*y^2*z - 1/3*x*z^3 + 1/3*x^2*y + 4/3*x*z, x*y^2*z^2 + 7*x^2*y*z - 7*x^3 - 5*x*y^2 - 2*x*z^2 + 16*x, x^2*z^3 - 7/5*x^3*y - 1/10*x*y^3 - 1/5*x*y*z^2 + 27/10*x^2*z + 13/10*x*y, x*y*z^3 + 2*x^4 + 7*x^2*y^2 - 3*x^2*z^2 - 7*x*y*z - 15*x^2, x*z^4 - 16*x^2*y*z + 15*x^3 + 16*x*y^2 + 2*x*z^2 - 47*x]"
14,aaabbabaaaBABB,2,2,"[x^3*y*z^4 - x^4*z^3 - 2*x^2*z^5 - 2*x^3*y^3 + 2*x^3*y*z^2 - x*y*z^4 + x^4*z + x^2*y^2*z + 4*x^2*z^3 + 2*z^5 - x^3*y + 2*x*y^3 - 2*x*y*z^2 - 3*x^2*z - y^2*z - 3*z^3 + x*y + 2*z, x^3*z^5 + x^4*y^3 - x^2*y*z^4 - 2*x^5*z - 6*x^3*y^2*z - x*z^5 + 4*x^4*y + 2*x^2*y^3 - x^2*y*z^2 + y*z^4 + 7*x^3*z + 6*x*y^2*z - 5*x^2*y - 3*y^3 + y*z^2 - 5*x*z + y, x^2*y*z^5 - x^3*y^2*z^2 - x^3*z^4 + x^4*y*z - 2*x^2*y*z^3 - y*z^5 + x^3*y^2 + x^3*z^2 + x*y^2*z^2 + x*z^4 + 2*y*z^3 - x*y^2 - x*z^2 - y*z, x^2*z^6 - 2*x^3*y*z^3 + x^4*y^2 - 2*x^2*z^4 - z^6 + 2*x^3*y*z + 2*x*y*z^3 - x^2*y^2 + x^2*z^2 + 2*z^4 - 2*x*y*z - z^2, x^5*y*z - x^6 - x^4*y^2 - x^2*y^2*z^2 - x^3*y*z + 3*x^4 + 3*x^2*y^2 + y^2*z^2 - 3*x^2 - 2*y^2 + 1, x^4*y^2*z - x^2*z^5 - x^5*y - 2*x^3*y^3 + 2*x^3*y*z^2 + x^2*z^3 + z^5 + x^3*y + 2*x*y^3 - 2*x*y*z^2 - x^2*z - y^2*z - z^3 + z, x^3*y^3*z - x^3*y*z^3 - x^4*y^2 + x^4*z^2 - x^2*y^2*z^2 + x^2*z^4 - x*y^3*z + x*y*z^3 + 2*x^2*y^2 - 2*x^2*z^2 + y^2*z^2 - z^4 - y^2 + z^2, x^4*y*z^2 - x^5*z - 2*x^3*y^2*z + x^4*y + x^2*y^3 - 2*x^2*y*z^2 + 3*x^3*z + 2*x*y^2*z - x^2*y - y^3 + y*z^2 - 2*x*z, x^2*y^3*z^2 - x^2*y*z^4 - x^3*y^2*z + x^3*z^3 - x^2*y^3 + x^2*y*z^2 - y^3*z^2 + y*z^4 + x*y^2*z - x*z^3 + y^3 - y*z^2, x^2*y^2*z^3 - x^2*z^5 - x^3*y^3 + x^3*y*z^2 - x^2*y^2*z + x^2*z^3 - y^2*z^3 + z^5 + x*y^3 - x*y*z^2 + y^2*z - z^3, x^2*y^4 - 2*x^2*y^2*z^2 + x^2*z^4 - y^4 + 2*y^2*z^2 - z^4]"
14,aaabbabaBAAbab,2,2,"[z^4 + x*y*z - 3*z^2, x^2*z + z^3 - 3*z, x*z^2 - y*z]"
14,aaabbabbAbbabb,2,2,"[x^4*y*z - x^5 - 5*x^2*y*z + 5*x^3 + 6*y*z - 6*x, y^5*z - 1/2*y^3*z^3 - x*y^4 + 3/2*x^2*y*z - y^3*z - x^3 + x*y^2 - 2*y*z + 2*x, x^3*y*z^2 - x^4*z + 3*y^4*z - 3/2*y^2*z^3 - 3*x*y^3 - 2*x*y*z^2 + 7/2*x^2*z - 3*y^2*z + 3*x*y, y^4*z^2 - 1/2*y^2*z^4 + 1/2*x^3*y*z - 1/2*x^4 - x^2*y^2 + 1/2*x^2*z^2 - 2*y^2*z^2 + 2*x^2, x^2*y*z^3 - x^3*z^2 - 3/2*x^2*y*z - 2*y*z^3 + 3/2*x^3 + 2*x*z^2 + 3*y*z - 3*x, x^2*y^2*z + 2*y^4*z - y^2*z^3 - x^3*y - 2*x*y^3 + x^2*z - 4*y^2*z + 4*x*y, x*y^3*z - x^2*y^2 - y^2*z^2 + x^2, x*y^2*z^2 - 2*x^2*y*z - 2*y^3*z + x^3 + 2*x*y^2 + 4*y*z - 4*x]"
14,aaabbabAAABABB,2,2,[x^2 - 1]
14,aaabbabAAABBAB,2,2,[x^2*y*z - x^3 - y*z + 2*x]
14,aaabbaBaaabABB,2,2,"[x^2*y^4*z + x^5*y + x^3*y^3 - 2*x^2*y^2*z - y^4*z - 4*x^3*y - x*y^3 - 3*x^2*z + 2*y^2*z + 3*x*y + 3*z, x^6 + 2*x^4*y^2 + x^2*y^4 - 7*x^4 - 8*x^2*y^2 - y^4 + 15*x^2 + 6*y^2 - 9, x^3*y^2*z - x^4*y - x^2*y^3 + x^3*z - x*y^2*z + 4*x^2*y + y^3 - x*z - 3*y, x^4*z + x^2*y^2*z - 4*x^2*z - y^2*z + 3*z, x^2*z^2 - z^2]"
14,aaabbaBAAAbABB,2,2,"[x^6 - 2*x^4*z^2 + x^2*z^4 - x^4 + 2*x^2*z^2 - z^4, x^5*y - 2*x^4*z - x^2*y^2*z + x^2*z^3 - x^3*y + 3*x^2*z + y^2*z - z^3 - z, x^4*y^2 - 2*x^4 - 3*x^2*y^2 + x^2*z^2 + 4*x^2 + 2*y^2 - z^2 - 2, x^2*y^2*z^2 - x^4 - 2*x^2*y^2 - y^2*z^2 + 3*x^2 + 2*y^2 - 2, x^2*y*z^3 - x^3*y^2 - x^3*z^2 - y*z^3 + x^3 + x*y^2 + x*z^2 - x, x^2*y^3 - x^2*y*z^2 + x^3*z - x^2*y - y^3 + y*z^2 - x*z + y, x^3*y*z - x^4 - x^2*y^2 - x*y*z + 2*x^2 + y^2 - 1]"
14,aaabbaBAAABBAb,2,2,[x^2*y*z - x^3 - x*y^2 - y*z + 2*x]
14,aaabbAbaaaBaBB,2,2,"[x^10 + x^2*y^4*z^4 - 7*x^8 - 4*x^4*y^4 + 4*x^2*y^6 - 4*x^6*z^2 - 2*x^4*z^4 - y^4*z^4 - 12*x^5*y*z - 4*x^3*y^3*z - 4*x^3*y*z^3 + 32*x^6 + 12*x^4*y^2 - 4*x^2*y^4 - 4*y^6 + 32*x^4*z^2 + 6*x^2*y^2*z^2 + 10*x^2*z^4 + 20*x^3*y*z + 4*x*y^3*z + 4*x*y*z^3 - 64*x^4 - 16*x^2*y^2 + 8*y^4 - 52*x^2*z^2 - 6*y^2*z^2 - 8*z^4 - 8*x*y*z + 55*x^2 + 4*y^2 + 24*z^2 - 17, x^3*y^7 + x^7*y - 7*x^3*y^5 - x*y^7 - 7*x^3*y^3*z^2 + 3*x^3*y*z^4 - x^6*z + x^4*y^2*z + 4*x^2*y^4*z - 3*x^4*z^3 + 7*x^2*y^2*z^3 - 3*x^2*z^5 - 3*x^5*y + 16*x^3*y^3 + 7*x*y^5 + 11*x^3*y*z^2 + 7*x*y^3*z^2 - 3*x*y*z^4 - 13*x^2*y^2*z - 4*y^4*z - x^2*z^3 - 7*y^2*z^3 + 3*z^5 - 9*x^3*y - 16*x*y^3 - 11*x*y*z^2 + 9*x^2*z + 12*y^2*z + 4*z^3 + 11*x*y - 8*z, x^2*y^8 - 2*x^4*y^4 - 4*x^2*y^6 - y^8 + x^6 + 4*x^4*y^2 + 8*x^2*y^4 + 4*y^6 - 3*x^4 - 8*x^2*y^2 - 6*y^4 + 3*x^2 + 4*y^2 - 1, x^2*y^5*z^3 + x^9 - x^3*y^6 - 15*x^4*y^3*z + 2*x^2*y^5*z + 2*x^4*y*z^3 - x^2*y^3*z^3 - y^5*z^3 - 7*x^7 + 7*x^5*y^2 + 11*x^3*y^4 + x*y^6 - 6*x^5*z^2 + 11*x^3*y^2*z^2 - 4*x^3*z^4 + 22*x^4*y*z + 3*x^2*y^3*z - 2*y^5*z + 5*x^2*y*z^3 + y^3*z^3 + 15*x^5 - 32*x^3*y^2 - 11*x*y^4 + 4*x^3*z^2 - 11*x*y^2*z^2 + 4*x*z^4 - 19*x^2*y*z + 12*y^3*z - 7*y*z^3 - 13*x^3 + 25*x*y^2 + 2*x*z^2 - 3*y*z + 4*x, x^8*y - x^2*y^7 + x^2*y^5*z^2 - x^7*z - 3*x^3*y^2*z^3 - 7*x^6*y + 2*x^4*y^3 + 4*x^2*y^5 + y^7 - 3*x^4*y*z^2 - x^2*y^3*z^2 - y^5*z^2 + 3*x^2*y*z^4 + 9*x^5*z + 4*x^3*y^2*z + 4*x^3*z^3 + 3*x*y^2*z^3 + 9*x^4*y - 10*x^2*y^3 - 4*y^5 - x^2*y*z^2 + y^3*z^2 - 3*y*z^4 - 17*x^3*z - 4*x*y^2*z - 4*x*z^3 + 3*x^2*y + 8*y^3 + 4*y*z^2 + 9*x*z - 6*y, x^4*y^5 - x^2*y^7 - 1/2*x^3*y^2*z^3 - x^6*y - 2*x^4*y^3 + 2*x^2*y^5 + y^7 + 1/2*x^4*y*z^2 - x^2*y^3*z^2 + 1/2*x^2*y*z^4 + x^5*z + x^3*y^2*z + 1/2*x*y^2*z^3 + 5/2*x^4*y - 1/2*x^2*y^3 - 3*y^5 + y^3*z^2 - 1/2*y*z^4 - 5/2*x^3*z - x*y^2*z - x^2*y + 5/2*y^3 - 1/2*y*z^2 + 3/2*x*z - 1/2*y, x^2*y^6*z + x^7*y - 2*x^3*y^5 - 5*x^3*y^3*z^2 + 2*x^3*y*z^4 - x^6*z - y^6*z - 2*x^4*z^3 + 5*x^2*y^2*z^3 - 2*x^2*z^5 - 3*x^5*y + 8*x^3*y^3 + 2*x*y^5 + 8*x^3*y*z^2 + 5*x*y^3*z^2 - 2*x*y*z^4 + x^4*z - 6*x^2*y^2*z - x^2*z^3 - 5*y^2*z^3 + 2*z^5 - 5*x^3*y - 8*x*y^3 - 8*x*y*z^2 + 5*x^2*z + 6*y^2*z + 3*z^3 + 7*x*y - 5*z, x^3*y^3*z^3 - x^2*y^2*z^4 - 4*x^5*y*z - 2*x^3*y^3*z - 2*x^3*y*z^3 - x*y^3*z^3 + 3*x^6 + x^4*y^2 + x^2*y^4 + 4*x^4*z^2 + 3*x^2*y^2*z^2 + x^2*z^4 + y^2*z^4 + 9*x^3*y*z + 2*x*y^3*z + 2*x*y*z^3 - 9*x^4 - 4*x^2*y^2 - y^4 - 8*x^2*z^2 - 3*y^2*z^2 - z^4 - 5*x*y*z + 9*x^2 + 3*y^2 + 4*z^2 - 3, x^4*y*z^4 - x^5*z^3 - 3*x^3*y^2*z^3 - x^3*z^5 - x^6*y + 2*x^4*y^3 - x^2*y^5 + 3*x^4*y*z^2 + 2*x^2*y*z^4 + x^5*z + x^3*y^2*z + 2*x^3*z^3 + 3*x*y^2*z^3 + x*z^5 - 2*x^4*y - x^2*y^3 + y^5 - 8*x^2*y*z^2 - 3*y*z^4 - x^3*z - x*y^2*z - x*z^3 + 5*x^2*y - y^3 + 5*y*z^2 - 2*y, x^3*y^2*z^4 - 4*x^4*y^3*z + x^4*y*z^3 - x^2*y*z^5 + 2*x^5*y^2 + 2*x^3*y^4 - 2*x^5*z^2 + 2*x^3*y^2*z^2 - 2*x^3*z^4 - x*y^2*z^4 + 5*x^4*y*z + 3*x^2*y^3*z + 2*x^2*y*z^3 + y*z^5 - 8*x^3*y^2 - 2*x*y^4 + 3*x^3*z^2 - 2*x*y^2*z^2 + 2*x*z^4 - 6*x^2*y*z + y^3*z - 3*y*z^3 + 6*x*y^2 - x*z^2 + y*z, x^3*y*z^5 + x^4*y^4 - x^2*y^6 - x^4*z^4 - x^2*z^6 - 5*x^5*y*z - 4*x^3*y^3*z + 2*x^3*y*z^3 - x*y*z^5 + 4*x^6 + 4*x^2*y^4 + y^6 + 3*x^4*z^2 + 4*x^2*y^2*z^2 + z^6 + 12*x^3*y*z + 4*x*y^3*z - 2*x*y*z^3 - 12*x^4 - 8*x^2*y^2 - 5*y^4 - 5*x^2*z^2 - 4*y^2*z^2 + z^4 - 7*x*y*z + 12*x^2 + 8*y^2 + 2*z^2 - 4, x^6*y^2 - 2*x^4*y^4 + x^2*y^6 - 2*x^5*y*z + 2*x^3*y^3*z + x^4*y^2 - y^6 + x^4*z^2 - 2*x*y^3*z - x^2*y^2 + 2*y^4 - x^2*z^2 + 2*x*y*z - y^2, x^5*y^3 - x^3*y^5 - 2*x^3*y^3*z^2 + x^3*y*z^4 + x^2*y^4*z - x^4*z^3 + 2*x^2*y^2*z^3 - x^2*z^5 - 2*x^5*y + 2*x^3*y^3 + x*y^5 + 3*x^3*y*z^2 + 2*x*y^3*z^2 - x*y*z^4 - 3*x^2*y^2*z - y^4*z - 2*y^2*z^3 + z^5 - 3*x*y^3 - 3*x*y*z^2 + 2*x^2*z + 3*y^2*z + z^3 + 2*x*y - 2*z, x^6*y*z - 2*x^4*y^3*z + x^4*y*z^3 - x^7 + x^5*y^2 + x^3*y^4 - 2*x^5*z^2 + x^3*y^2*z^2 - x^3*z^4 + x^4*y*z + x^2*y^3*z + 3*x^5 - 4*x^3*y^2 - x*y^4 + 3*x^3*z^2 - x*y^2*z^2 + x*z^4 - 2*x^2*y*z + y^3*z - y*z^3 - 3*x^3 + 3*x*y^2 - x*z^2 + x, x^5*y^2*z - 1/2*x^3*y^2*z^3 - x^6*y - 3/2*x^4*y*z^2 + 1/2*x^2*y*z^4 + x^5*z - x^3*y^2*z + x^3*z^3 + 1/2*x*y^2*z^3 + 5/2*x^4*y - 1/2*x^2*y^3 + x^2*y*z^2 - 1/2*y*z^4 - 5/2*x^3*z - x*z^3 - x^2*y + 1/2*y^3 + 1/2*y*z^2 + 3/2*x*z - 1/2*y, x^3*y^4*z - 1/2*x^3*y^2*z^3 - x^4*y^3 + 1/2*x^4*y*z^2 - x^2*y^3*z^2 + 1/2*x^2*y*z^4 - x^3*y^2*z - x*y^4*z + 1/2*x*y^2*z^3 + 3/2*x^4*y + 3/2*x^2*y^3 + y^3*z^2 - 1/2*y*z^4 - 1/2*x^3*z + x*y^2*z - 2*x^2*y - 1/2*y^3 - 1/2*y*z^2 + 1/2*x*z + 1/2*y, x^5*y*z^2 - 2*x^3*y^3*z^2 + x^3*y*z^4 - x^6*z - 2*x^4*z^3 + 2*x^2*y^2*z^3 - x^2*z^5 + x^5*y + x^3*y^3 + 2*x^3*y*z^2 + 2*x*y^3*z^2 - x*y*z^4 + 2*x^4*z - 2*x^2*y^2*z + 2*x^2*z^3 - 2*y^2*z^3 + z^5 - 4*x^3*y - x*y^3 - 3*x*y*z^2 + 2*y^2*z + 3*x*y - z, x^4*y^2*z^2 - 2*x^5*y*z - 2*x^3*y*z^3 + x^6 + 2*x^4*z^2 - x^2*y^2*z^2 + x^2*z^4 + 4*x^3*y*z + 2*x*y*z^3 - 3*x^4 - 4*x^2*z^2 - z^4 - 2*x*y*z + 3*x^2 + 2*z^2 - 1]"
14,aaabbAbbAbbAbb,2,2,"[y^6 - y^4*z^2 + 1/4*y^2*z^4 + 1/2*x*y*z^3 - 3*y^4 + 1/2*y^2*z^2 - x*y*z + 2*y^2, x*y^2*z^3 + 2*y^5 - 3*y^3*z^2 - 2*x*y^2*z - 4*y^3 + 4*y*z^2, x*y^4 + 1/2*x*y^2*z^2 - 2*y^3*z - 2*x*y^2 + 2*y*z, x*y^3*z - y^4 - 1/2*y^2*z^2 - x*y*z + 2*y^2, x^2*y - 2*y]"
14,aaabbAbbAbbABB,2,2,"[y^5 - 4*y^3 + 4*y, y^4*z - 2*x*y*z^2 - 2*y^2*z + 2*x*y, y^3*z^2 - y^3 - 2*y*z^2 + 2*y, x*y*z^3 - 1/2*y^4 - x*y*z + y^2, y*z^4 - 2*y*z^2 + y, x^3*y - 2*x*y, x^2*y^2 - 2*x*y*z, x*y^3 - 2*x*y*z^2, x^2*y*z - x*y^2, x*y^2*z - x^2*y - y^3 + 2*y]"
14,aaabbAbbABBAbb,2,2,"[y^5 - 4*y^3 + 4*y, y^4*z - 2/3*x*y*z^2 - 2*y^2*z + 2/3*x*y, y^3*z^2 - y^3 - 2*y*z^2 + 2*y, x*y*z^3 - 3/2*y^4 - x*y*z + 3*y^2, y*z^4 - 2*y*z^2 + y, x^3*y - 2*x*y, x^2*y^2 + y^4 - 2*x*y*z - 2*y^2, x*y^3 - 2/3*x*y*z^2 - 4/3*x*y, x^2*y*z - y^3*z - x*y^2 + 2*y*z, x*y^2*z - x^2*y - 2*y^3 + 4*y]"
14,aaabbAbbABBABB,2,2,"[x^2*y - y, y^2]"
14,aaabbAbAAABaBB,2,2,[x^2 - 1]
14,aaabbAbAAABBaB,2,2,[x^3*y^2 - x^2*y*z - x*y^2 + y*z - x]
14,aaabbAbABAABaB,2,2,[x*y - z]
14,aaabbAAAbabbAB,2,2,"[x^2*y^4 - x*y^3*z - 3/2*x^2*y^2 - y^4 + 3/2*x*y*z + 3/2*y^2, x^2*y^3*z - 2*x*y^2*z^2 + x^2*y*z + y*z^3 - x*y^2 - 2*y*z, x*y^4*z + 2*x^2*y^3 + x^2*y*z^2 - y^3*z^2 - 4*x*y^2*z - 3*y^3, y^5*z + x^2*y*z^3 - x*y^4 + 7/2*x*y^2*z^2 - 9/2*x^2*y*z - 13/2*y^3*z - 9/2*y*z^3 + 9/2*x*y^2 + 9*y*z, x^2*y^2*z^2 - x*y*z^3 - 2*x^2*y^2 - y^2*z^2 + 2*x*y*z + 2*y^2, x*y^3*z^2 - 5/2*x^2*y^2*z - y^4*z - y^2*z^3 + x*y^3 + 3/2*x*y*z^2 + 7/2*y^2*z, x*y^2*z^3 - 2*x^2*y^3 - x^2*y*z^2 - y^3*z^2 - y*z^4 + 3*x*y^2*z + 2*y^3 + 2*y*z^2, x^4*y + x*y^2*z - 4*x^2*y - y*z^2 + 2*y, x^3*y^2 - x*y^2*z^2 + y^3*z + y*z^3 - 2*x*y^2 - 2*y*z, x^3*y*z + x*y^3*z - y^2*z^2 - 3*x*y*z - y^2]"
14,aaabbAAAbaBBAB,2,2,"[x^2*y - 2*y, y*z]"
14,aaabbAAAbAbbaB,2,2,"[y^9 - y^7*z^2 + x^2*y*z^6 - 3*y^7 + y^5*z^2 - 3*x^2*y*z^4 - 2*y*z^6 + 18*x*y^2*z^3 + 187/16*x^4*y + 149/16*x^2*y^3 + 4*y^5 + 6*x^2*y*z^2 - 19*y^3*z^2 - 8*y*z^4 - 61/8*x*y^2*z - 849/16*x^2*y - 27*y^3 - 91/16*y*z^2 + 475/8*y, x*y^2*z^5 + y^7 - x^2*y*z^4 - y^3*z^4 - y*z^6 + 4*x*y^2*z^3 + 5*x^4*y + 3*x^2*y^3 - 2*y^5 + 3*x^2*y*z^2 - 6*y^3*z^2 - 2*y*z^4 - x*y^2*z - 22*x^2*y - 9*y^3 - 4*y*z^2 + 24*y, x*y^6 + x^2*y^3*z - y^5*z - x^2*y*z^3 - 3*x*y^4 - 2*x*y^2*z^2 + 2*x^2*y*z + 2*y^3*z + 2*y*z^3 + x*y^2 - 4*y*z, x^2*y^3*z^2 - 3*x*y^2*z^3 - 9/4*x^4*y - 3/4*x^2*y^3 - y^5 + y^3*z^2 + 2*y*z^4 - 1/2*x*y^2*z + 35/4*x^2*y + 5*y^3 + 1/4*y*z^2 - 17/2*y, x^3*y*z^3 - x*y^3*z^3 - y^6 - 13/2*x^2*y^2*z^2 + y^4*z^2 + y^2*z^4 - 3*x^3*y*z + 11*x*y^3*z + 9/2*x*y*z^3 - 9/2*x^2*y^2 - 3/2*y^4 - 9/2*y^2*z^2 + 6*x*y*z + 25/2*y^2, x^2*y^2*z^3 - 1/6*x*y^5 + 1/6*x^3*y*z^2 - 2*x*y^3*z^2 - x*y*z^4 + 5/6*x^2*y^2*z + 7/6*y^4*z + y^2*z^3 - 1/6*x^3*y + 1/3*x*y^3 - 1/6*x*y*z^2 - 3*y^2*z + 1/3*x*y, x^5*y + 2/3*x*y^5 - 2/3*x^3*y*z^2 + 2/3*x^2*y^2*z - 2/3*y^4*z - 10/3*x^3*y - 7/3*x*y^3 + 2/3*x*y*z^2 + y^2*z + 8/3*x*y, x^4*y^2 - 2*x^2*y^2*z^2 - x^3*y*z + 4*x*y^3*z + 2*x*y*z^3 - 5*x^2*y^2 - 2*y^4 - 2*y^2*z^2 + 2*x*y*z + 7*y^2, x^3*y^3 - 4/3*x*y^5 + 4/3*x^3*y*z^2 - 10/3*x^2*y^2*z + 4/3*y^4*z - 7/3*x^3*y + 5/3*x*y^3 - 1/3*x*y*z^2 + y^2*z + 14/3*x*y, x^2*y^4 - 8*x^2*y^2*z^2 - x^3*y*z + 14*x*y^3*z + 8*x*y*z^3 - 8*x^2*y^2 - 8*y^4 - 7*y^2*z^2 + 2*x*y*z + 23*y^2, x^4*y*z - 2*x^2*y^3*z + x^3*y^2 + x*y^4 + 4*x*y^2*z^2 - 4*x^2*y*z - y^3*z - 2*y*z^3 - 3*x*y^2 + 4*y*z, x^3*y^2*z - 1/2*x^4*y - 1/2*x^2*y^3 - x^2*y*z^2 - 2*x*y^2*z + 5/2*x^2*y + y^3 + 3/2*y*z^2 - 3*y, x*y^4*z - x*y^2*z^3 - 5/4*x^4*y - 3/4*x^2*y^3 - y^5 + y*z^4 - 1/2*x*y^2*z + 19/4*x^2*y + 4*y^3 + 1/4*y*z^2 - 9/2*y]"
14,aaabbAAAbABBaB,2,2,[y]
14,aaabbAAABabbAb,2,2,"[y^3*z^3 - y*z^5 + x*y^4 + 1/2*x^2*y*z - 4*y^3*z + 2*y*z^3 - 1/2*x*y^2, x^4*y - 4*x^2*y + y^3 - y*z^2 + 2*y, x^3*y^2 - x^2*y*z + y^3*z - y*z^3 - 3*x*y^2 + 2*y*z, x^2*y^3 + y^3*z^2 - y*z^4 - 2*x*y^2*z - 2*y^3 + 2*y*z^2, x^3*y*z - x^2*y^2 - 3*x*y*z + 3*y^2, x^2*y^2*z - x*y^3 - 3*x*y*z^2 + 3*y^2*z, x*y^3*z - y^4 - 3/2*x*y*z + 3/2*y^2, x^2*y*z^2 - 2*x*y^2*z + y^3, x*y^2*z^2 - 1/2*x^2*y*z - y^3*z + 1/2*x*y^2, x*y*z^3 - y^2*z^2 - 1/2*x*y*z + 1/2*y^2]"
14,aaabbAAABaBBAb,2,2,"[x^2*y - 2*y, x*y^2 - y*z, y^3 - 1/2*y*z^2, x*y*z - 2*y^2]"
14,aaabbAAABAbbab,2,2,"[y*z^6 - x*y^4*z - 5/2*x^2*y*z^2 - 2*y*z^4 + 7/2*x*y^2*z + 5/2*x^2*y + y^3 + 5/2*y*z^2 - 5*y, x^2*y^2*z^2 - x*y^3*z - 3/4*x*y*z^3 - 1/4*x^2*y^2 - 1/4*y^2*z^2 + 5/4*y^2, x*y^3*z^2 - x^2*y^2*z - y^4*z - y^2*z^3 - 3/2*x^3*y + x*y^3 + 3/2*x*y*z^2 + 1/2*y^2*z + 3*x*y, x^2*y*z^3 + x*y^2*z^2 - 3*x^2*y*z - 2*y^3*z - 3*y*z^3 + 2*x*y^2 + 6*y*z, x*y^2*z^3 - y^3*z^2 - y*z^4 - x^2*y + y*z^2 + 2*y, x*y*z^4 - x^2*y^2*z - y^2*z^3 + 4*x^3*y - 4*x*y*z^2 + 5*y^2*z - 8*x*y, x^4*y - 3*x^2*y - y*z^2 + 2*y, x^3*y^2 - 2*x*y^2*z^2 + x^2*y*z + 2*y^3*z + y*z^3 - 3*x*y^2 - 2*y*z, x^2*y^3 + 2*x^2*y*z^2 - y*z^4 - 2*x*y^2*z - 3*x^2*y - y^3 - y*z^2 + 6*y, x^3*y*z - 1/2*x*y*z^3 - 1/2*x^2*y^2 + 1/2*y^2*z^2 - 2*x*y*z + 1/2*y^2]"
14,aaabbAAABABBab,2,2,[y]
14,aaabbAABBabaaB,2,2,"[x^2*z^3 - 4*x*y*z^2 - 4*x^2*z + 12*x*y, x*y*z^3 - 3*x*y*z + x^2, x*z^4 + 1/4*x*y^2 - 9/2*x*z^2 + 19/4*x, x^2*y^2 - 2*x^2*z^2 + 3*x^2, x*y^3 - 6*x*y*z^2 - 4*x^2*z + 19*x*y, x^2*y*z - 5/4*x*y^2 - 1/2*x*z^2 + 1/4*x, x*y^2*z - 2*x^2*y + x*z, x^3 - 3/4*x*y^2 + 1/2*x*z^2 - 9/4*x]"
14,aaabbAABBabAAB,2,2,"[x*y^4 - 2*x*y^2 + x, x^3 + x*y^2 - 3*x, x*z]"
14,aaabbAABBaBaab,2,2,"[x*y*z^4 + 2*x^3*y + 2*x*y^3 + x*y*z^2 + x^2*z - 10*x*y, x*z^5 + 4*x^3*z + 3*x*y^2*z + x*z^3 - 2*x^2*y - 9*x*z, x^3*y^2 - 1/2*x*z^4 - 5/2*x^3 - 2*x*y^2 - x*z^2 + 11/2*x, x^2*y^3 + x^3*z - 2*x*y^2*z - x^2*y - 2*x*z, x*y^4 + 5/2*x^3 - 5/2*x*y^2 + 1/2*x*z^2 - 5*x, x*y^3*z - 2*x^2*y^2 + x^2*z^2 + x*y*z + 2*x^2, x^3*z^2 - 1/2*x*z^4 - 2*x^3 - 3/2*x*y^2 - 3/2*x*z^2 + 15/2*x, x*y^2*z^2 - 1/2*x*z^4 - x^3 - 3/2*x*y^2 + 1/2*x*z^2 + 9/2*x, x^2*z^3 - x^3*y - 1/2*x*y^3 - x*y*z^2 + 3/2*x^2*z + 5/2*x*y, x^4 + x^2*y^2 - x^2*z^2 - 4*x^2, x^2*y*z - 1/2*x^3 - 1/2*x*y^2 - 1/2*x*z^2 + x]"
14,aaabbAABBaBAAb,2,2,[x]
14,aaabbABBAbbAbb,2,2,"[y^5 - 4*y^3 + 4*y, y^4*z - 2*x*y*z^2 - 2*y^2*z + 2*x*y, y^3*z^2 - y^3 - 2*y*z^2 + 2*y, x*y*z^3 - 1/2*y^4 - x*y*z + y^2, y*z^4 - 2*y*z^2 + y, x^3*y - 2*x*y, x^2*y^2 - 2*x*y*z, x*y^3 - 2*x*y*z^2, x^2*y*z - x*y^2, x*y^2*z - x^2*y - y^3 + 2*y]"
14,aaabbABBAbbABB,2,2,"[x^4*y - 3*x^2*y + 2*y, y^2]"
14,aaabbABBABBAbb,2,2,"[x^2*y - 3*y, y^2]"
14,aaabbABBABBABB,2,2,"[y^5 - 4*y^3 + 4*y, y^4*z + 2*x*y*z^2 - 2*y^2*z - 2*x*y, y^3*z^2 - y^3 - 2*y*z^2 + 2*y, x*y*z^3 + 1/2*y^4 - x*y*z - y^2, y*z^4 - 2*y*z^2 + y, x^3*y - 2*x*y, x^2*y^2 - y^4 - 2*x*y*z + 2*y^2, x*y^3 + 2*x*y*z^2 - 4*x*y, x^2*y*z + y^3*z - x*y^2 - 2*y*z, x*y^2*z - x^2*y]"
14,aaabAbbaaaBBaB,2,2,"[x^10 + x^2*y^4*z^4 - 7*x^8 - 8*x^4*y^4 + 4*x^2*y^6 - 4*x^6*z^2 - 2*x^4*z^4 - y^4*z^4 - 16*x^3*y^3*z + 8*x^3*y*z^3 + 20*x^6 + 28*x^4*y^2 - 4*y^6 + 8*x^4*z^2 + 22*x^2*y^2*z^2 - 2*x^2*z^4 + 8*x^3*y*z + 16*x*y^3*z - 8*x*y*z^3 - 28*x^4 - 40*x^2*y^2 + 8*y^4 - 12*x^2*z^2 - 22*y^2*z^2 + 4*z^4 - 8*x*y*z + 19*x^2 + 12*y^2 + 8*z^2 - 5, x^2*y^5*z^3 + x^9 - 16*x^4*y^3*z + x^2*y^5*z + 3*x^4*y*z^3 - x^2*y^3*z^3 - y^5*z^3 - 7*x^7 + 7*x^5*y^2 - 7*x^5*z^2 + 18*x^3*y^2*z^2 - 5*x^3*z^4 + 18*x^4*y*z + 14*x^2*y^3*z - y^5*z - 2*x^2*y*z^3 + y^3*z^3 + 15*x^5 - 14*x^3*y^2 + 5*x^3*z^2 - 18*x*y^2*z^2 + 5*x*z^4 - 18*x^2*y*z + 2*y^3*z - y*z^3 - 13*x^3 + 7*x*y^2 + 2*x*z^2 + 4*x, x^8*y + x^2*y^5*z^2 - x^7*z - 6*x^3*y^2*z^3 - 6*x^6*y + 3*x^4*y^3 + x^2*y^5 - 4*x^4*y*z^2 - x^2*y^3*z^2 - y^5*z^2 + 6*x^2*y*z^4 + 12*x^5*z + 10*x^3*y^2*z + 8*x^3*z^3 + 6*x*y^2*z^3 - 3*x^4*y - 10*x^2*y^3 - y^5 - 12*x^2*y*z^2 + y^3*z^2 - 6*y*z^4 - 23*x^3*z - 10*x*y^2*z - 8*x*z^3 + 24*x^2*y + 7*y^3 + 16*y*z^2 + 12*x*z - 16*y, x^2*y^7 - x^3*y^2*z^3 + x^6*y - 3*x^4*y^3 - 3*x^2*y^5 - y^7 + x^4*y*z^2 + x^2*y*z^4 - x^5*z + 2*x^3*y^2*z + x*y^2*z^3 + 2*x^4*y + 6*x^2*y^3 + 3*y^5 - 3*x^2*y*z^2 - y*z^4 - 2*x*y^2*z - 3*x^2*y - 3*y^3 + 2*y*z^2 + x*z, x^2*y^6*z + x^7*y - 7*x^3*y^3*z^2 + 2*x^3*y*z^4 - x^6*z + 6*x^4*y^2*z - 2*x^2*y^4*z - y^6*z - 2*x^4*z^3 + 7*x^2*y^2*z^3 - 2*x^2*z^5 - 7*x^5*y + 7*x*y^3*z^2 - 2*x*y*z^4 + 5*x^4*z - 8*x^2*y^2*z + 2*y^4*z + 3*x^2*z^3 - 7*y^2*z^3 + 2*z^5 + 11*x^3*y - 7*x^2*z + 2*y^2*z - z^3 - 5*x*y + 3*z, x^3*y^3*z^3 - x^4*y^4 - x^2*y^2*z^4 - 6*x^3*y^3*z + x^3*y*z^3 - x*y^3*z^3 - x^6 + 6*x^4*y^2 + 2*x^2*y^4 - 3*x^4*z^2 + 8*x^2*y^2*z^2 - 2*x^2*z^4 + y^2*z^4 + 4*x^3*y*z + 6*x*y^3*z - x*y*z^3 + 3*x^4 - 12*x^2*y^2 - y^4 + 4*x^2*z^2 - 8*y^2*z^2 + 2*z^4 - 4*x*y*z - 3*x^2 + 6*y^2 - z^2 + 1, x^4*y*z^4 - x^5*z^3 - 3*x^3*y^2*z^3 - x^3*z^5 - x^6*y + 3*x^4*y^3 - x^2*y^5 + x^4*y*z^2 + 2*x^2*y*z^4 + 3*x^5*z + 2*x^3*y^2*z + 4*x^3*z^3 + 3*x*y^2*z^3 + x*z^5 - 6*x^4*y - 2*x^2*y^3 + y^5 - 8*x^2*y*z^2 - 3*y*z^4 - 4*x^3*z - 2*x*y^2*z - 3*x*z^3 + 11*x^2*y - y^3 + 7*y*z^2 + x*z - 4*y, x^3*y^2*z^4 - 3*x^4*y^3*z + x^4*y*z^3 - x^2*y*z^5 + x^5*y^2 - 2*x^5*z^2 + x^3*y^2*z^2 - 2*x^3*z^4 - x*y^2*z^4 + 5*x^4*y*z + 4*x^2*y^3*z + 2*x^2*y*z^3 + y*z^5 - 2*x^3*y^2 + 3*x^3*z^2 - x*y^2*z^2 + 2*x*z^4 - 8*x^2*y*z - y^3*z - 3*y*z^3 + x*y^2 - x*z^2 + 3*y*z, x^3*y*z^5 - x^4*y^4 - x^2*y^6 - x^4*z^4 - x^2*z^6 - 4*x^3*y^3*z + 3*x^3*y*z^3 - x*y*z^5 - x^6 + 6*x^4*y^2 + 6*x^2*y^4 + y^6 - 3*x^4*z^2 + 6*x^2*y^2*z^2 - x^2*z^4 + z^6 + 4*x*y^3*z - 3*x*y*z^3 + 3*x^4 - 16*x^2*y^2 - 5*y^4 + 7*x^2*z^2 - 6*y^2*z^2 + 2*z^4 - 3*x^2 + 10*y^2 - 4*z^2 + 1, x^6*y^2 - 2*x^4*y^4 + x^2*y^6 - 2*x^3*y^3*z + 2*x^3*y*z^3 - 2*x^6 + 3*x^4*y^2 - y^6 - 3*x^4*z^2 + 4*x^2*y^2*z^2 - 2*x^2*z^4 + 2*x*y^3*z - 2*x*y*z^3 + 6*x^4 - 5*x^2*y^2 + 2*y^4 + 5*x^2*z^2 - 4*y^2*z^2 + 2*z^4 - 6*x^2 + y^2 - 2*z^2 + 2, x^5*y^3 - 3*x^3*y^3*z^2 + x^3*y*z^4 + 3*x^4*y^2*z - x^4*z^3 + 3*x^2*y^2*z^3 - x^2*z^5 - 4*x^5*y - 2*x^3*y^3 - x^3*y*z^2 + 3*x*y^3*z^2 - x*y*z^4 + 2*x^4*z - 4*x^2*y^2*z + 2*x^2*z^3 - 3*y^2*z^3 + z^5 + 8*x^3*y + x*y^3 + x*y*z^2 - 4*x^2*z + y^2*z - z^3 - 4*x*y + 2*z, x^3*y^5 - x^3*y^3*z^2 + 2*x^4*y^2*z - x^2*y^4*z + x^2*y^2*z^3 - x^5*y - 4*x^3*y^3 - x*y^5 - x^3*y*z^2 + x*y^3*z^2 + y^4*z - y^2*z^3 + 6*x^3*y + 4*x*y^3 + x*y*z^2 - 2*x^2*z - 2*y^2*z - 5*x*y + 2*z, x^3*y^4*z - x^3*y^2*z^3 - x^2*y^3*z^2 + x^2*y*z^4 + x^5*z - x*y^4*z + x^3*z^3 + x*y^2*z^3 - 2*x^4*y - 2*x^2*y*z^2 + y^3*z^2 - y*z^4 - 2*x^3*z - x*z^3 + 4*x^2*y + 2*y*z^2 + x*z - 2*y, x^4*y^2*z^2 - 4*x^3*y^3*z - x^6 + 2*x^4*y^2 - 2*x^4*z^2 + 3*x^2*y^2*z^2 - x^2*z^4 + 4*x^3*y*z + 4*x*y^3*z + 3*x^4 - 4*x^2*y^2 + 2*x^2*z^2 - 4*y^2*z^2 + z^4 - 4*x*y*z - 3*x^2 + 2*y^2 + 1, x^5*y*z - 2*x^3*y^3*z + x^3*y*z^3 - x^6 + x^4*y^2 - 2*x^4*z^2 + 2*x^2*y^2*z^2 - x^2*z^4 + 2*x*y^3*z - x*y*z^3 + 3*x^4 - 2*x^2*y^2 + 3*x^2*z^2 - 2*y^2*z^2 + z^4 - x*y*z - 3*x^2 + y^2 - z^2 + 1]"
14,aaabAbbaBAAAbb,2,2,"[y^5*z^5 - 2*y^3*z^7 + y*z^9 + x^3*y^6 + 2*y^7*z - 7*y^5*z^3 + 6*y^3*z^5 - y*z^7 + x^5*y^2 - 4*x^3*y^4 - 5*x*y^6 - 2*x*y^2*z^4 + 13*x^4*y*z - 5*x^2*y^3*z + y^5*z + 7*y^3*z^3 - y*z^5 - 13*x^3*y^2 + 21*x*y^4 + 30*x*y^2*z^2 - 48*x^2*y*z - 31*y^3*z - 6*y*z^3 + 34*x*y^2 + 8*y*z, x^8*y - 8*x^6*y + 2*x^4*y^3 - 4*x^3*y^2*z + 20*x^4*y - 6*x^2*y^3 + y^5 - 2*y^3*z^2 + y*z^4 + 16*x*y^2*z - 16*x^2*y - 4*y^3 - 4*y*z^2 + 4*y, x^7*y^2 - 8*x^5*y^2 + 2*x^3*y^4 - 2*x*y^2*z^4 + 5*x^4*y*z - 9*x^2*y^3*z + y^5*z - y^3*z^3 + 2*y*z^5 + 16*x^3*y^2 - 2*x*y^4 + 23*x*y^2*z^2 - 19*x^2*y*z - 6*y^3*z - 7*y*z^3 - x*y^2 + 6*y*z, x^6*y^3 - 4*x*y^2*z^5 - 8*x^4*y^3 + 2*x^2*y^5 + y^5*z^2 + 3*y*z^6 + 12*x^3*y^2*z - 16*x*y^4*z + 30*x*y^2*z^3 + 10*x^2*y^3 + 4*y^5 - 8*y^3*z^2 - 10*y*z^4 - 46*x*y^2*z + 22*y^3 + 8*y*z^2, x^5*y^4 + y^5*z^3 - 2*y^3*z^5 + y*z^7 - 3*x^5*y^2 - 5*x^3*y^4 + 2*x*y^6 - 8*x*y^2*z^4 + 15*x^4*y*z - 15*x^2*y^3*z - 7*y^5*z + 11*y^3*z^3 + 2*y*z^5 + 3*x^3*y^2 + 14*x*y^4 + 55*x*y^2*z^2 - 54*x^2*y*z - 32*y^3*z - 14*y*z^3 + 24*x*y^2 + 12*y*z, x^4*y^5 + y^5*z^4 - 2*y^3*z^6 + y*z^8 - 4*x^4*y^3 - 4*x^2*y^5 + 2*y^7 - 6*y^5*z^2 + 4*y^3*z^4 + 12*x^3*y^2*z - 8*x*y^4*z + 20*x*y^2*z^3 + 8*x^2*y^3 + 4*y^5 - 4*y^3*z^2 - 8*y*z^4 - 44*x*y^2*z + 20*y^3 + 8*y*z^2, x*y^2*z^6 - 1/2*y^3*z^5 - 1/2*y*z^7 - 1/2*x^5*y^2 + 1/2*x^3*y^4 - 3/2*x*y^2*z^4 - 7/2*x^4*y*z + 2*x^2*y^3*z + y^5*z - 1/2*y^3*z^3 + 1/2*y*z^5 + 9/2*x^3*y^2 - 4*x*y^4 - 8*x*y^2*z^2 + 13*x^2*y*z + 13/2*y^3*z + 2*y*z^3 - 10*x*y^2 - 2*y*z, x*y*z^7 - 1/2*x^6*y^2 + 1/2*x^4*y^4 + 1/2*y^4*z^4 - 3/2*y^2*z^6 + 1/2*x*y^3*z^3 - 2*x*y*z^5 + 3/2*x^4*y^2 - 5/2*x^2*y^4 + y^6 - 3*y^4*z^2 + 3*y^2*z^4 - 1/2*x^3*y*z + 3/2*x*y^3*z - 3/2*x*y*z^3 + 3/2*x^2*y^2 - 1/2*y^4 + 2*y^2*z^2 + 3*x*y*z - 4*y^2, x*y^3*z^4 - x*y*z^6 + x^2*y^4*z - y^4*z^3 + y^2*z^5 - x*y^5 - 4*x*y^3*z^2 + 2*x*y*z^4 + 4*y^4*z - 2*y^2*z^3, x^5*y*z - x^4*y^2 - 4*x^3*y*z + x*y^3*z - x*y*z^3 + 4*x^2*y^2 - y^4 + y^2*z^2 + 2*x*y*z - 2*y^2, x^4*y^2*z - x^3*y^3 + x*y^3*z^2 - x*y*z^4 - 4*x^2*y^2*z - y^4*z + y^2*z^3 + 4*x*y^3 + 2*x*y*z^2 - 2*y^2*z, x^3*y^3*z + x*y^3*z^3 - x*y*z^5 - x^2*y^4 - y^4*z^2 + y^2*z^4 - 4*x*y^3*z + 2*x*y*z^3 + 4*y^4 - 2*y^2*z^2, x*y^5*z - 3*x*y*z^5 + x^4*y^2 - x^2*y^4 - y^6 - y^4*z^2 + 4*y^2*z^4 + x^3*y*z - x*y^3*z + 8*x*y*z^3 - 5*x^2*y^2 + 6*y^4 - 11*y^2*z^2 - 4*x*y*z + 6*y^2, x*y^4*z^2 - 3*x*y^2*z^4 + 3*x^4*y*z - 4*x^2*y^3*z - y^5*z + 2*y^3*z^3 + y*z^5 - 2*x^3*y^2 + 3*x*y^4 + 13*x*y^2*z^2 - 11*x^2*y*z - 8*y^3*z - 3*y*z^3 + 7*x*y^2 + 2*y*z, x^2*y*z^2 - 2*x*y^2*z + y^3]"
14,aaabAbbaBAAABB,2,2,"[x^4*y - 4*x^2*y + 4*y, y^5 - y^3*z^2 + 1/4*y*z^4, x*y*z^3 + 4/3*y^4 - 8/3*y^2*z^2, x^2*y^2 + x*y*z - 4*y^2, x*y^3 + x*y*z^2 - 3*y^2*z, x^2*y*z - x*y^2 - y*z, x*y^2*z - 4/3*y^3 - 1/3*y*z^2]"
14,aaabAbbAAABaBB,2,2,[x^3*y^2 - x^2*y*z - x^3 - x*y^2 + y*z + 2*x]
14,aaabAbbAAABBaB,2,2,[x^2 - 1]
14,aaabAAbaaaBaaB,2,2,"[x^2*y^8 + 1/4*x^6*z^4 - 2*x^2*y^6 - y^8 - 5/4*x^4*z^4 - x^2*y^2*z^4 - 53/8*x^5*y*z - 23/2*x^3*y^3*z - 35/4*x^3*y*z^3 + 47/16*x^6 + 53/4*x^4*y^2 + 17/2*x^2*y^4 + 2*y^6 + 97/8*x^4*z^2 + 85/4*x^2*y^2*z^2 + 41/4*x^2*z^4 + y^2*z^4 + 59/2*x^3*y*z + 23/2*x*y^3*z + 35/4*x*y*z^3 - 457/16*x^4 - 55*x^2*y^2 - 17/2*y^4 - 437/8*x^2*z^2 - 85/4*y^2*z^2 - 37/4*z^4 - 183/8*x*y*z + 601/8*x^2 + 167/4*y^2 + 85/2*z^2 - 99/2, x^3*y^4*z^2 + 1/2*x^3*y^2*z^4 - 1/2*x^2*y^5*z - 5*x^4*y*z^3 - 3/2*x^2*y^3*z^3 - 1/2*x^2*y*z^5 + 7/4*x^5*y^2 + 5/2*x^3*y^4 + 35/8*x^5*z^2 + 1/2*x^3*y^2*z^2 - x*y^4*z^2 + 9/2*x^3*z^4 - 1/2*x*y^2*z^4 - 19/8*x^4*y*z - 5/2*x^2*y^3*z + 1/2*y^5*z + 10*x^2*y*z^3 + 3/2*y^3*z^3 + 1/2*y*z^5 - 9/8*x^5 - 17/2*x^3*y^2 - 5/2*x*y^4 - 151/8*x^3*z^2 - 1/2*x*y^2*z^2 - 9/2*x*z^4 + 75/8*x^2*y*z + 5/2*y^3*z - 5*y*z^3 + 37/8*x^3 + 27/4*x*y^2 + 29/2*x*z^2 - 7*y*z - 7/2*x, x^5*y*z^3 - x^6*z^2 - x^4*z^4 - 5/4*x^5*y*z - 5*x^3*y^3*z - 9/2*x^3*y*z^3 + 7/8*x^6 + 4*x^4*y^2 + 5/2*x^2*y^4 + 31/4*x^4*z^2 + 15/2*x^2*y^2*z^2 + 7/2*x^2*z^4 + 13/2*x^3*y*z + 5*x*y^3*z + 7/2*x*y*z^3 - 69/8*x^4 - 33/2*x^2*y^2 - 5/2*y^4 - 79/4*x^2*z^2 - 15/2*y^2*z^2 - 5/2*z^4 - 21/4*x*y*z + 91/4*x^2 + 25/2*y^2 + 13*z^2 - 15, x^3*y^3*z^3 + x^2*y^6 + 1/2*x^6*z^2 - x^2*y^4*z^2 - x^2*y^2*z^4 - 7/2*x^5*y*z - 5*x^3*y^3*z - 11/2*x^3*y*z^3 - x*y^3*z^3 + 9/8*x^6 + 21/4*x^4*y^2 + 3/2*x^2*y^4 - y^6 + 13/4*x^4*z^2 + 21/2*x^2*y^2*z^2 + y^4*z^2 + 9/2*x^2*z^4 + y^2*z^4 + 63/4*x^3*y*z + 5*x*y^3*z + 11/2*x*y*z^3 - 87/8*x^4 - 87/4*x^2*y^2 - 3/2*y^4 - 87/4*x^2*z^2 - 21/2*y^2*z^2 - 9/2*z^4 - 49/4*x*y*z + 115/4*x^2 + 33/2*y^2 + 18*z^2 - 19, x^4*y*z^4 - x^5*y^2*z - 2*x^3*y^4*z - x^5*z^3 - x^3*y^2*z^3 - x^3*z^5 + 1/4*x^6*y + x^2*y^5 + 3*x^4*y*z^2 + 3*x^2*y^3*z^2 - x^2*y*z^4 - x^5*z + 6*x^3*y^2*z + 2*x*y^4*z + 3*x^3*z^3 + x*y^2*z^3 + x*z^5 - 5/4*x^4*y - 3*x^2*y^3 - y^5 - 10*x^2*y*z^2 - 3*y^3*z^2 + 4*x^3*z - 5*x*y^2*z - 2*x*z^3 + 3*x^2*y + 3*y^3 + 7*y*z^2 - 3*x*z - 2*y, x^3*y*z^5 - 2*x^2*y^6 - 5/4*x^6*z^2 + x^2*y^4*z^2 - x^4*z^4 - x^2*y^2*z^4 - x^2*z^6 + 19/8*x^5*y*z - 5/2*x^3*y^3*z + 11/4*x^3*y*z^3 - x*y*z^5 - 1/16*x^6 + 1/2*x^4*y^2 + 21/4*x^2*y^4 + 2*y^6 + 37/8*x^4*z^2 + 3/4*x^2*y^2*z^2 - y^4*z^2 + 9/4*x^2*z^4 + y^2*z^4 + z^6 - 37/4*x^3*y*z + 5/2*x*y^3*z - 11/4*x*y*z^3 - 5/16*x^4 - 15/4*x^2*y^2 - 21/4*y^4 - 31/8*x^2*z^2 - 3/4*y^2*z^2 - 5/4*z^4 + 55/8*x*y*z + 15/8*x^2 + 13/4*y^2 + 1/2*z^2 - 3/2, x^8 - 2*x^5*y*z - 4*x^3*y^3*z - 7*x^6 + 4*x^4*y^2 + 4*x^2*y^4 + 2*x^4*z^2 + 4*x^2*y^2*z^2 + 8*x^3*y*z + 4*x*y^3*z + 12*x^4 - 16*x^2*y^2 - 4*y^4 - 10*x^2*z^2 - 4*y^2*z^2 - 6*x*y*z + 2*x^2 + 12*y^2 + 8*z^2 - 8, x^7*y + 3*x^5*y*z^2 - 4*x^3*y^3*z^2 - 2*x^3*y*z^4 - 7/2*x^6*z + 4*x^4*y^2*z + 2*x^2*y^4*z - x^4*z^3 + 6*x^2*y^2*z^3 + 2*x^2*z^5 - 6*x^5*y - 4*x^3*y^3 - 6*x^3*y*z^2 + 4*x*y^3*z^2 + 2*x*y*z^4 + 25/2*x^4*z - 10*x^2*y^2*z - 2*y^4*z - 7*x^2*z^3 - 6*y^2*z^3 - 2*z^5 + 13*x^3*y + 4*x*y^3 + 3*x*y*z^2 - 5*x^2*z + 6*y^2*z + 8*z^3 - 8*x*y - 4*z, x^6*y^2 - 3/2*x^5*y*z - 2*x^3*y^3*z - x^3*y*z^3 - 1/4*x^6 - 2*x^4*y^2 + x^2*y^4 + 3/2*x^4*z^2 + 3*x^2*y^2*z^2 + x^2*z^4 + 6*x^3*y*z + 2*x*y^3*z + x*y*z^3 - 5/4*x^4 - 4*x^2*y^2 - y^4 - 15/2*x^2*z^2 - 3*y^2*z^2 - z^4 - 9/2*x*y*z + 15/2*x^2 + 5*y^2 + 6*z^2 - 6, x^3*y^5 + x^5*y*z^2 - x^3*y^3*z^2 - x^3*y*z^4 - 1/2*x^6*z - x^2*y^4*z + 2*x^2*y^2*z^3 + x^2*z^5 + 1/4*x^5*y - 2*x^3*y^3 - x*y^5 - 2*x^3*y*z^2 + x*y^3*z^2 + x*y*z^4 + 3/2*x^4*z + x^2*y^2*z + y^4*z - 3*x^2*z^3 - 2*y^2*z^3 - z^5 - 1/4*x^3*y + 2*x*y^3 + x*y*z^2 + x^2*z - y^2*z + 3*z^3 - 2*z, x^7*z - 3*x^5*y^2*z + 2*x^3*y^2*z^3 - 1/2*x^6*y + 2*x^2*y^5 + x^4*y*z^2 - 2*x^2*y^3*z^2 - 2*x^2*y*z^4 - 5*x^5*z + 10*x^3*y^2*z - 2*x*y^2*z^3 + 7/2*x^4*y - 2*x^2*y^3 - 2*y^5 - x^2*y*z^2 + 2*y^3*z^2 + 2*y*z^4 + 8*x^3*z - 7*x*y^2*z - 7*x^2*y + 2*y^3 - 4*x*z + 4*y, x^6*y*z - 2*x^4*y*z^3 - 1/2*x^7 + 2*x^3*y^4 + x^5*z^2 + 2*x^3*y^2*z^2 + 2*x^3*z^4 - 6*x^4*y*z - 4*x^2*y^3*z + 2*x^2*y*z^3 + 7/2*x^5 - 2*x^3*y^2 - 2*x*y^4 - 5*x^3*z^2 - 2*x*y^2*z^2 - 2*x*z^4 + 13*x^2*y*z + 4*y^3*z - 7*x^3 + 2*x*y^2 + 4*x*z^2 - 8*y*z + 4*x, x^4*y^2*z^2 - x^5*y*z - 2*x^3*y^3*z - 2*x^3*y*z^3 + 1/4*x^6 + x^4*y^2 + x^2*y^4 + x^4*z^2 + x^2*y^2*z^2 + x^2*z^4 + 5*x^3*y*z + 2*x*y^3*z + 2*x*y*z^3 - 9/4*x^4 - 5*x^2*y^2 - y^4 - 5*x^2*z^2 - 2*y^2*z^2 - z^4 - 4*x*y*z + 6*x^2 + 4*y^2 + 4*z^2 - 4, x^4*y^3 - x^4*y*z^2 + x^5*z - x^3*y^2*z + x^3*z^3 - x^4*y - 2*x^2*y^3 + 2*x^2*y*z^2 - 4*x^3*z + x*y^2*z - x*z^3 + 3*x^2*y + y^3 - y*z^2 + 3*x*z - 2*y]"
14,aaabAAbAAABaaB,2,2,"[x^8*y - x^7*z - 5*x^6*y + 4*x^5*z + 8*x^4*y - 4*x^3*z - 5*x^2*y + x*z + y, x^6*y^2 - 2*x^5*y*z - 3*x^4*y^2 + x^4*z^2 + 4*x^3*y*z + 3*x^2*y^2 - x^2*z^2 - 2*x*y*z - y^2, x^6*y*z - x^5*y^2 - x^5*z^2 - 2*x^4*y*z + 2*x^3*y^2 + 2*x^3*z^2 + 2*x^2*y*z - x*y^2 - x*z^2 - y*z, x^4*y^3 - x^4*y*z^2 - x^3*y^2*z + x^3*z^3 - 2*x^2*y^3 + 2*x^2*y*z^2 + x*y^2*z - x*z^3 + y^3 - y*z^2]"
14,aaabAABabbaaBB,2,2,"[x*y*z^3 + 7/2*x^2*y^2 - 7*x*y*z - 7/2*x^2, x*z^4 - 7*x*z^2, x*y^3 + 2/7*x*y*z^2 - x^2*z - x*y, x^2*y*z - x*y^2 - 2/7*x*z^2 + x, x*y^2*z + 2/7*x*z^3 - x*z, x^2*z^2, x^3 - 1/2*x*y^2 + 1/7*x*z^2 - 3/2*x]"
14,aaabAABabbAABB,2,2,"[x*z^3 + x^2*y - 3*x*z, x^3 + x*z^2 - 4*x, x*y^2 + x*z^2 - 3*x, x*y*z - x^2]"
14,aaabAABaBBaabb,2,2,"[x^5 + 3/2*x^2*y*z - 11/2*x^3 - 1/2*x*y^2 - x*z^2 + 13/2*x, x^4*y - 5*x^3*z + 3*x*y^2*z - x*z^3 - 4*x^2*y + 10*x*z, x^3*y^2 + x^2*y*z - 3*x^3 - 2*x*y^2 - x*z^2 + 5*x, x^2*y^3 + x^3*z - 3*x^2*y, x*y^4 + 5/2*x^2*y*z - 3/2*x^3 - 7/2*x*y^2 - x*z^2 + 5/2*x, x^4*z - x^3*y + x*y^3 + 1/3*x*y*z^2 - 2/3*x^2*z - 4/3*x*y, x^3*y*z - x^4 - 1/3*x^2*y^2 - 2/3*x^2*z^2 + 5/3*x^2, x^2*y^2*z - x^3*y - x*y^3 - 2/3*x*y*z^2 - 2/3*x^2*z + 11/3*x*y, x*y^3*z - x^4 - x^2*y^2 + x*y*z + 2*x^2, x^3*z^2 - 13/2*x^2*y*z + 13/2*x^3 + 5/2*x*y^2 + 2*x*z^2 - 23/2*x, x^2*y*z^2 + x^3*z - 3*x*y^2*z + 2*x^2*y - 3*x*z, x*y^2*z^2 + x^2*y*z - 3*x^3 - x*y^2 + 6*x, x^2*z^3 + 2*x^3*y - 7*x*y^3 - 11/3*x*y*z^2 - 23/3*x^2*z + 56/3*x*y, x*y*z^3 + x^2*y^2 + 3*x^2*z^2 - 7*x*y*z + x^2, x*z^4 + 37*x^2*y*z - 42*x^3 - 15*x*y^2 - 20*x*z^2 + 76*x]"
14,aaabAABaBBAAbb,2,2,[x]
14,aaabABababaBAb,2,2,"[x*y^3*z + x*y*z^3 - x^2*y^2 - y^4 - x^2*z^2 - 2*y^2*z^2 - z^4 - 3*x*y*z + 3*x^2 + 6*y^2 + 6*z^2 - 9, x^2*y*z - x^3 - x*y^2 - x*z^2 + 3*x]"
14,aaabABABBAAbab,2,2,"[x^2*z - z, y*z]"
14,aaaBaabaaaBAAb,2,2,"[x^2*y^8 + 2*x^2*y^4*z^4 + x^2*z^8 - 4*x^2*y^6 - y^8 - 4*x^2*y^4*z^2 - 4*x^2*y^2*z^4 - 2*y^4*z^4 - 4*x^2*z^6 - z^8 + 6*x^2*y^4 + 4*y^6 + 8*x^2*y^2*z^2 + 4*y^4*z^2 + 6*x^2*z^4 + 4*y^2*z^4 + 4*z^6 - 4*x^2*y^2 - 6*y^4 - 4*x^2*z^2 - 8*y^2*z^2 - 6*z^4 + x^2 + 4*y^2 + 4*z^2 - 1, x^3*z^7 + x^2*y^7 + 2*x^2*y^3*z^4 - x^2*y*z^6 - 5/2*x^3*z^5 - x*z^7 - 3/4*x^4*y^3 - 7/2*x^2*y^5 - y^7 - 7/2*x^2*y^3*z^2 - x^2*y*z^4 - 2*y^3*z^4 + y*z^6 + 13/4*x^3*y^2*z + 9/4*x^3*z^3 + 5/2*x*z^5 - 1/2*x^4*y + 15/4*x^2*y^3 + 7/2*y^5 + 1/2*x^2*y*z^2 + 7/2*y^3*z^2 + y*z^4 - 3/4*x^3*z - 13/4*x*y^2*z - 9/4*x*z^3 + 5/2*x^2*y - 3*y^3 - 1/2*y*z^2 + 3/4*x*z - 2*y, x^3*y^6 + x^3*z^6 - x^2*y^5*z + 2*x^2*y^3*z^3 - x^2*y*z^5 - 3*x^3*y^4 - x*y^6 + 2*x^3*y^2*z^2 - 2*x^3*z^4 - x*z^6 - 2*x^4*y*z - 2*x^2*y^3*z + y^5*z - 4*x^2*y*z^3 - 2*y^3*z^3 + y*z^5 + 3*x^3*y^2 + 3*x*y^4 + 2*x^3*z^2 - 2*x*y^2*z^2 + 2*x*z^4 + 9*x^2*y*z + 2*y^3*z + 4*y*z^3 - x^3 - 3*x*y^2 - 2*x*z^2 - 7*y*z + x, x^4*z^5 + x^3*y^5 - x^2*y^4*z - 3/2*x^4*z^3 + x^2*y^2*z^3 - 3*x^2*z^5 + 1/4*x^5*y - 3/2*x^3*y^3 - x*y^5 + x^3*y*z^2 + 1/2*x^4*z - 3/2*x^2*y^2*z + y^4*z + 3*x^2*z^3 - y^2*z^3 + 2*z^5 - 1/4*x^3*y + 3/2*x*y^3 - x*y*z^2 + 3/2*y^2*z - 3/2*z^3 - 1/2*z, x^4*y^4 + x^4*z^4 - 2*x^4*y^2 - 3*x^2*y^4 - 2*x^4*z^2 - 3*x^2*z^4 + x^4 + 6*x^2*y^2 + 2*y^4 + 6*x^2*z^2 + 2*z^4 - 3*x^2 - 4*y^2 - 4*z^2 + 2, x^5*y^2 + 2*x^3*y^2*z^2 - 4*x^4*y*z - 2*x^2*y^3*z - 2*x^2*y*z^3 - x^3*y^2 + 2*x^3*z^2 - 2*x*y^2*z^2 + 10*x^2*y*z + 2*y^3*z + 2*y*z^3 - 2*x^3 - 2*x*z^2 - 6*y*z + 2*x, x^5*y*z - x^4*y^2 - x^4*z^2 - 3*x^3*y*z + x^4 + 3*x^2*y^2 + 3*x^2*z^2 + 2*x*y*z - 3*x^2 - 2*y^2 - 2*z^2 + 2, x^4*y^2*z - 1/2*x^5*y - x^3*y^3 - 2*x^3*y*z^2 + x^2*z^3 + 5/2*x^3*y + x*y^3 + 2*x*y*z^2 - x^2*z - y^2*z - z^3 - 2*x*y + z, x^3*y^3*z - 1/2*x^4*y^2 - x^2*y^4 - 1/2*x^4*z^2 - x^2*y^2*z^2 - x^3*y*z - x*y^3*z + 1/2*x^4 + 7/2*x^2*y^2 + y^4 + 5/2*x^2*z^2 + y^2*z^2 + x*y*z - 5/2*x^2 - 3*y^2 - 2*z^2 + 2, x^5*z^2 - 2*x^3*y^2*z^2 + 2*x^4*y*z + 2*x^2*y^3*z + 2*x^2*y*z^3 - x^5 - 2*x^3*y^2 - 5*x^3*z^2 + 2*x*y^2*z^2 - 4*x^2*y*z - 2*y^3*z - 2*y*z^3 + 5*x^3 + 2*x*y^2 + 4*x*z^2 + 2*y*z - 4*x, x^4*y*z^2 - 3*x^3*y^2*z - x^3*z^3 + x^4*y + 2*x^2*y^3 + x^2*y*z^2 + x^3*z + 3*x*y^2*z + x*z^3 - 5*x^2*y - 2*y^3 - 2*y*z^2 - x*z + 4*y, x^3*y*z^3 + 1/2*x^4*y^2 - 1/2*x^4*z^2 - x^2*y^2*z^2 - x^2*z^4 - 2*x^3*y*z - x*y*z^3 + 1/2*x^4 + 1/2*x^2*y^2 + 9/2*x^2*z^2 + y^2*z^2 + z^4 + 2*x*y*z - 7/2*x^2 - y^2 - 4*z^2 + 3, x^6 - 5*x^4 + 8*x^2 - 4]"
14,aaaBaababbaaBB,2,2,"[x^2*z^3 - 2/3*x*y*z^2 + 7/3*x^2*z - 2/3*x*y, x*y*z^3 - 1/2*x^2*z^2 + x*y*z + 3/2*x^2, x*z^4 - 8/7*x*y^2 + 18/7*x*z^2 + 19/7*x, x^2*y^2 - 1/2*x^2*z^2 - 3/2*x^2, x*y^3 - 5/3*x*y*z^2 + 7/3*x^2*z - 8/3*x*y, x^2*y*z + 1/7*x*y^2 - 4/7*x*z^2 - 5/7*x, x*y^2*z + 2/3*x*z^3 + 7/3*x^2*y - 1/3*x*z, x^3 + 2/7*x*y^2 - 1/7*x*z^2 - 3/7*x]"
14,aaaBaababbAABB,2,2,"[x^5 + x^2*y*z - 4*x^3 - x*z^2 + 3*x, x^4*y - 2*x^2*y*z^2 + 3*x*y^2*z + x*z^3 - 4*x^2*y, x^3*y^2 - x^2*y*z + x^3 - x*y^2 - x, x^2*y^3 + 2*x^2*y*z^2 - 4*x*y^2*z - x*z^3 + 2*x^2*y - x*z, x*y^4 + x^2*y*z - x^3 - 2*x*y^2 - x*z^2, x^2*y^2*z - x^3*y - x*y^3 - x*y*z^2 + x^2*z + 2*x*y, x*y^3*z - x^2*y^2 - x^2*z^2 + x*y*z - x^2, x*y^2*z^2 - 4*x^2*y*z + x^3 + x*y^2 + x*z^2 + x, x^2*z^3 - 2*x^3*y - 2*x*y^3 - 3*x*y*z^2 + 4*x^2*z + 7*x*y, x*y*z^3 + x^4 + 2*x^2*y^2 - 2*x^2*z^2 - 3*x*y*z - x^2, x*z^4 - 5*x^2*y*z + 3*x^3 + 4*x*y^2 - x*z^2 - 2*x, x^3*z - x*y^2*z + x^2*y - x*z]"
14,aaaBaabaBBaabb,2,2,"[x*y^4 - 2*x*y^2 + x, x*y^2*z - x*z, x*z^3 + x*z, x^3 + x*y^2 - 2*x*z^2 - 3*x, x^2*z]"
14,aaaBaabaBBAAbb,2,2,"[x^2*z^3 - 4/3*x*y*z^2 - 8/3*x^2*z + 4*x*y, x*y*z^3 - x^2*z^2 - 3*x*y*z + 3*x^2, x*z^4 + 1/2*x*y^2 - 4*x*z^2 + 7/2*x, x^2*y^2 - x^2, x*y^3 + 2/3*x*y*z^2 - 2/3*x^2*z - x*y, x^2*y*z - 3/2*x*y^2 - x*z^2 + 3/2*x, x*y^2*z - 2*x^2*y + x*z, x^3 - 3/2*x*y^2 - x*z^2 + 3/2*x]"
14,aaaBaabAAAbaaB,2,2,"[x*y^8 + x*y^6*z^2 - 1/2*x^3*z^6 - 5*x*y^6 - 1/8*x^5*z^2 - 3*x*y^4*z^2 + 3/2*x^3*z^4 + 1/2*x*y^2*z^4 + 1/2*x*z^6 + 1/8*x^5 + 1/8*x^3*y^2 + 33/4*x*y^4 - 7/8*x^3*z^2 + 5/4*x*y^2*z^2 - 2*x*z^4 - 1/4*x^3 - 9/2*x*y^2 + 2*x*z^2, x^4*z^5 - 2*x*y^7 - 2*x*y^5*z^2 - 5/2*x^4*z^3 - 2*x^2*z^5 + 1/2*x^3*y^3 + 9*x*y^5 + 4*x*y^3*z^2 - x*y*z^4 + 5/4*x^4*z + 11/2*x^2*z^3 - 1/2*x^3*y - 12*x*y^3 - 3*x^2*z + 4*x*y, x^2*y^6 - 1/2*x^4*z^4 - 3*x^2*y^4 + x^4*z^2 + x^2*z^4 + 1/4*x^3*y*z + 1/2*x*y^3*z + 1/2*x*y*z^3 - 3/8*x^4 + 7/4*x^2*y^2 - 5/2*x^2*z^2 - x*y*z + x^2, x^5*z^3 - 2*x^2*y^5 - 3/2*x^5*z - 3*x^3*z^3 + 4*x^2*y^3 - 4*x^2*y*z^2 + 13/2*x^3*z + 4*x*y^2*z + 4*x*z^3 - x^2*y - 8*x*z, x^5*y^2 - 3/2*x^5 - 3*x^3*y^2 - x^3*z^2 - 6*x^2*y*z + 17/2*x^3 + 7*x*y^2 + 7*x*z^2 - 14*x, x^4*y^3 - 1/2*x^5*z - x^4*y - 2*x^2*y^3 - 3*x^2*y*z^2 + 5/2*x^3*z + 2*x*y^2*z + 2*x*z^3 + 3*x^2*y - 4*x*z, x^3*y^4 - 1/2*x^5*z^2 + 1/2*x^5 - 3/2*x^3*y^2 - x*y^4 + 3/2*x^3*z^2 - x*y^2*z^2 + 3/2*x^2*y*z - 2*x^3 + x*y^2 - x*z^2 + 2*x, x^6 - 2*x^4*y^2 + 6*x^3*y*z - 5*x^4 - 2*x^2*y^2 - 4*x^2*z^2 + 8*x^2, x^4*y*z - 1/2*x^5 - x^3*y^2 - x^3*z^2 - 3*x^2*y*z + 7/2*x^3 + 3*x*y^2 + 3*x*z^2 - 6*x, x^2*y*z^3 - 1/2*x^3*z^2 - x*y^2*z^2 - x*z^4 - 1/2*x^2*y*z + 1/4*x^3 + 1/2*x*y^2 + 5/2*x*z^2 - x, x^2*y^2*z - 1/2*x^3*y - x*y^3 - x*y*z^2 + 2*x*y]"
14,aaaBaabAAAbAAB,2,2,[x^4*y - x^3*z - 2*x^2*y + x*z]
14,aaaBaabAAABaab,2,2,"[x*y^6 + x*z^6 - 3*x*y^4 - 3*x*z^4 + 9/4*x*y^2 + 9/4*x*z^2 - 1/2*x, x^2*z^5 + x*y^5 - x*y*z^4 + 1/4*x^4*z - 2*x^2*z^3 - 5/2*x*y^3 + 3/2*x*y*z^2 + x*y, x^2*y^4 + x^2*z^4 - x*y^3*z - x*y*z^3 + 1/8*x^4 - 3/2*x^2*y^2 - 3/2*x^2*z^2 + 2*x*y*z + 1/8*x^2, x^4*z^2 - 1/2*x^4 - 3*x^2*z^2 + 3/2*x^2, x^3*z^3 + x^2*y^3 - x^2*y*z^2 - x^3*z - x*y^2*z - x*z^3 - 1/2*x^2*y + 2*x*z, x^2*y*z^3 - 1/2*x^3*z^2 - x*y^2*z^2 - x*z^4 - 1/2*x^2*y*z + 1/4*x^3 + 1/2*x*y^2 + 5/2*x*z^2 - x, x^5 + 4*x^2*y*z - 5*x^3 - 4*x*y^2 - 4*x*z^2 + 8*x, x^4*y - 3*x^2*y, x^3*y^2 + x^3*z^2 - 2*x^2*y*z - x^3 - x*y^2 - x*z^2 + 2*x, x^3*y*z + 1/4*x^4 - x^2*y^2 - x^2*z^2 - 1/4*x^2, x^2*y^2*z - 1/2*x^3*y - x*y^3 - x*y*z^2 + 2*x*y]"
14,aaaBaabAAABAAb,2,2,[x^3 - x]
14,aaaBababbAAbab,2,2,"[y^8*z - 3*y^6*z - x^2*z^5 - y^2*z^5 + x*y*z^4 + y^4*z + 2*x^2*z^3 + 2*y^2*z^3 + z^5 - x*y*z^2 - x^2*z + y^2*z - 3*z^3 + 2*z, x*y^6*z - x^2*y*z^4 - x*y^4*z - y^3*z^2 + 1/2*x^3*z - 1/2*x*y^2*z + x*z^3 + 3/2*y*z^2 - x*z, y^4*z^2 - x^2*z^4 + x^2*z^2 - y^2*z^2 + z^4 - 2*z^2, x^4*z - y^4*z + x^2*z^3 - 4*x^2*z - z^3 + 4*z, x^3*y*z + x*y^3*z - 2*x^2*z^2 - y^2*z^2 - 2*x*y*z + 2*z^2, x^2*y^2*z + y^4*z - x^2*z^3 - x*y*z^2 - 2*y^2*z + z^3, x^3*z^2 - x^2*y*z - y^3*z - x*z^2 + 2*y*z, x*y^2*z^2 - x^2*y*z - y^3*z - y*z^3 + x*z^2 + 2*y*z]"
14,aaaBabbaaaBBAb,2,2,"[x^2*y^7*z + x^5*y^4 + x^3*y^6 - 5*x^2*y^5*z - y^7*z - 3*x^5*y^2 - 7*x^3*y^4 - x*y^6 + 5*x^2*y^3*z + 5*y^5*z + x^5 + 13*x^3*y^2 + 6*x*y^4 + 3*x^2*y*z - 5*y^3*z - 4*x^3 - 10*x*y^2 - 3*y*z + 3*x, x^3*y^5*z - x^4*y^4 - x^2*y^6 - 2*x^3*y^3*z - x*y^5*z + 3*x^4*y^2 + 7*x^2*y^4 + y^6 - x^3*y*z + 2*x*y^3*z - x^4 - 13*x^2*y^2 - 6*y^4 + x*y*z + 4*x^2 + 10*y^2 - 3, x^6 + 2*x^4*y^2 + x^2*y^4 - 7*x^4 - 8*x^2*y^2 - y^4 + 15*x^2 + 6*y^2 - 9, x^4*z + x^2*y^2*z - 4*x^2*z - y^2*z + 3*z, x^2*z^2 - z^2]"
14,aaaBabbAbAAAbb,2,2,Polynomial Sequence with 28 Polynomials in 3 Variables
14,aaaBabbAbAAABB,2,2,[y]
14,aaaBabbAAAbABB,2,2,[x^3*y^2 - x^2*y*z - 2*x*y^2 + y*z + x]
14,aaaBabbAAABBAb,2,2,"[x^6 - 2*x^4*z^2 + x^2*z^4 - x^4 + 2*x^2*z^2 - z^4, x^3*y^3 - x^2*y^2*z - x^3*y - x*y^3 + x^2*z + y^2*z + x*y - z, x^2*y^4 - 2*x^2*y^2 - y^4 + x^2 + 2*y^2 - 1, x^2*y^3*z - x^3*y^2 - x^2*y*z - y^3*z + x^3 + x*y^2 + y*z - x, x^2*y^2*z^2 + x^4 - 2*x^2*y^2 - 2*x^2*z^2 - y^2*z^2 + x^2 + 2*y^2 + 2*z^2 - 2, x^2*y*z^3 + x^5 - x^3*y^2 - 2*x^3*z^2 - y*z^3 + x*y^2 + 2*x*z^2 - x, x^4*y - x^2*y^3 - x^3*z + y^3 + x*z - y, x^3*y*z - x^2*y^2 - x^2*z^2 - x*y*z + x^2 + y^2 + z^2 - 1]"
14,aaaBaBaBABaBaB,2,2,"[x^3*y^3*z - 5*x^2*y^2*z^2 + 7*x*y*z^3 - 3*z^4 - x*y*z + 3*z^2, x^2*y^4*z - 2*x*y^3*z^2 - 3/4*x^2*y^2*z + y^2*z^3 + 3/2*x*y*z^2 - y^2*z - 3/4*z^3 + 3/4*z, x^3*y^2*z^2 - x^2*y^3*z - 2*x^2*y*z^3 + 2*x*y^2*z^2 + x*z^4 - y*z^3 - x*z^2 + y*z, x^2*y^3*z^2 - 1/4*x^3*y^2*z - 2*x*y^2*z^3 + 1/2*x^2*y*z^2 + y*z^4 - 1/4*x*z^3 - y*z^2 + 1/4*x*z, x^2*y^2*z^3 - 2*x*y*z^4 - 1/4*x^2*y^2*z + z^5 + 1/2*x*y*z^2 - 5/4*z^3 + 1/4*z, x^4*y^2 - 4*x^2*y^2*z^2 - 2*x^3*y*z + 8*x*y*z^3 - 2*x^2*y^2 + x^2*z^2 - 4*z^4 + 4*x*y*z - x^2 + 2*z^2 + 2]"
14,aaaBaBAAbaBaBB,2,2,"[x*y^6 - y^5*z + x^2*y*z^3 + x^3*y^2 - 3*x*y^4 - x*z^4 - 3*x^2*y*z + 3*y^3*z + x*y^2 + 2*x*z^2 - y*z, x*y^5*z + x^3*y*z^3 + 1/2*x^4*y^2 - 1/2*x^2*y^2*z^2 - y^4*z^2 - x^2*z^4 - 3/2*x^3*y*z - 5/2*x*y^3*z - 1/2*x^2*y^2 + x^2*z^2 + 5/2*y^2*z^2 + 1/2*z^4 + 2*x*y*z - 3/2*z^2, x^3*y^2*z^2 - 2*x^2*y*z^3 - x^3*y^2 - x*y^2*z^2 + x*z^4 + 2*x^2*y*z + y*z^3 + x*y^2 - x*z^2 - y*z, x^2*y^3*z^2 + x^3*y^2*z - x*y^4*z - 2*x*y^2*z^3 - x^4*y - x^2*y^3 - 3*x^2*y*z^2 + y^3*z^2 + y*z^4 + x^3*z + 3*x*y^2*z + 2*x*z^3 + 3*x^2*y - 2*y*z^2 - 3*x*z, x^2*y^2*z^3 - x^3*y*z^2 - x*y^3*z^2 - 2*x*y*z^4 - x^2*y^2*z + x^2*z^3 + y^2*z^3 + z^5 + x^3*y + x*y^3 + 5*x*y*z^2 - x^2*z - y^2*z - 4*z^3 - 3*x*y + 3*z, x^5*y + 2*x*y^5 + 2*x^3*y*z^2 - x^4*z - x^2*y^2*z - 2*y^4*z - 2*x^2*z^3 - 4*x^3*y - 4*x*y^3 + 4*x^2*z + 4*y^2*z + z^3 + 3*x*y - 3*z, x^3*y^3 + x*y^5 + x^3*y*z^2 - 2*x^2*y^2*z - y^4*z - x^2*z^3 - x^3*y - 4*x*y^3 + x^2*z + 4*y^2*z + z^3 + 3*x*y - 3*z, x^2*y^4 + x^3*y*z - 2*x*y^3*z - 2*x^2*y^2 - x^2*z^2 + y^2*z^2 + 2*x*y*z, x^4*y*z - x^3*y^2 + x*y^4 - x^3*z^2 - y^3*z - x*y^2 + x*z^2 + y*z]"
14,aaaBaBAAbbAbAB,2,2,"[x^3*y - x^2*z - x*y + z, x*y^2 - y*z]"
14,aaaBaBAABAbAbb,2,2,[x*y - z]
14,aaaBaBAABBaBab,2,2,"[x^4*y^3 - x*y^4*z - x^4*y - 3*x^2*y^3 - x^2*y*z^2 + y^3*z^2 + x^3*z + 3*x*y^2*z + 2*x^2*y - 2*x*z, x^3*y^4 - x*y^4*z^2 - 2*x^2*y^3*z + y^3*z^3 - x^3*y^2 + 2*x*y^2*z^2 + 2*x^2*y*z - y*z^3 - x*z^2, x^2*y^4*z - x^3*y^3 - x*y^5 - x*y^3*z^2 + y^4*z + x^3*y + 3*x*y^3 + x*y*z^2 - x^2*z - 3*y^2*z - 2*x*y + 2*z, x^5*y - x^3*y^3 + x*y^3*z^2 - x^4*z + 2*x^2*y^2*z - y^2*z^3 - 3*x^3*y - x*y^3 - x*y*z^2 + 3*x^2*z + y^2*z + 2*x*y - 2*z, x*y^2*z^3 + x^4*y - x^2*y^3 + x^2*y*z^2 - y*z^4 - x^3*z - x*y^2*z - x*z^3 - 2*x^2*y + 2*y*z^2 + 2*x*z, x^3*y*z - x^2*y^2 - x^2*z^2 + z^2]"
14,aaaBAbaBaBabAB,2,2,"[x*y^3*z + x*y*z^3 - x^2*y^2 - y^4 - x^2*z^2 - 2*y^2*z^2 - z^4 - 3*x*y*z + 3*x^2 + 6*y^2 + 6*z^2 - 9, x^2*y*z - x^3 - x*y^2 - x*z^2 + 3*x]"
14,aaaBAbbaaaBBab,2,2,"[x^3*y^4 - x^2*y^3*z + x^5 - 2*x^3*y^2 - x*y^4 + 3*x^2*y*z + y^3*z - 4*x^3 + 2*x*y^2 - 3*y*z + 3*x, x^2*y^5 + x^5*z - 3*x^2*y^3 - y^5 + 2*x^2*y*z^2 - 4*x^3*z + 3*y^3 - 2*y*z^2 + 3*x*z, x^6 + x^2*y^4 - 3*x^4 - 2*x^2*y^2 - y^4 + 2*x^2*z^2 - x^2 + 2*y^2 - 2*z^2 + 3, x^5*y + x^3*y^3 - x^4*z - x^2*y^2*z - 4*x^3*y - x*y^3 + 4*x^2*z + y^2*z + 3*x*y - 3*z, x^4*y^2 - 2*x^4 - 3*x^2*y^2 - x^2*z^2 + 8*x^2 + 2*y^2 + z^2 - 6, x^3*y*z - x^4 - x^2*y^2 - x^2*z^2 - x*y*z + 4*x^2 + y^2 + z^2 - 3]"
14,aaaBAbbabAAAbb,2,2,"[y^9*z^2 + x^4*y*z^6 - 3*x^2*y^7 - 6*y^7*z^2 + 4*x^4*y*z^4 + 2*y^5*z^4 - 2*x^2*y*z^6 + 2*y^3*z^6 + 8*x*y^2*z^5 + 8*x^2*y^5 + 2*y^7 + 7*x^4*y*z^2 + 13*y^5*z^2 - 20*x^2*y*z^4 - 12*y^3*z^4 - 11*y*z^6 - 20*x^3*y^2*z - 14*x*y^4*z + 8*x*y^2*z^3 + 17*x^2*y^3 - 4*y^5 - 20*x^2*y*z^2 + 14*y*z^4 + 26*x*y^2*z - 6*y^3 + 16*y*z^2, x*y^2*z^7 + y^7*z^2 + x^4*y*z^4 - x^2*y*z^6 - y^3*z^6 - y*z^8 + 6*x*y^2*z^5 - 3*x^2*y^5 + 6*x^4*y*z^2 - 3*y^5*z^2 - 6*x^2*y*z^4 - 3*y^3*z^4 - 2*y*z^6 - 7*x^3*y^2*z - 4*x*y^4*z + 12*x*y^2*z^3 + 7*x^2*y^3 + 2*y^5 - 26*x^2*y*z^2 + y^3*z^2 - 2*y*z^4 + 14*x*y^2*z - 2*y^3 + 20*y*z^2, x^8*y - 8*x^6*y + x*y^4*z + 2*x*y^2*z^3 + 20*x^4*y - 2*x^2*y^3 - 3*y^3*z^2 - 2*y*z^4 + x*y^2*z - 16*x^2*y + y^3 + 2*y*z^2 + 4*y, x*y^6*z + x*y^2*z^5 - 2*x^2*y^5 + x^4*y*z^2 - y^5*z^2 - x^2*y*z^4 - y^3*z^4 - y*z^6 + x^3*y^2*z + 4*x*y^2*z^3 + y^5 - 6*x^2*y*z^2 + 4*y*z^2, x*y^4*z^3 - x^4*y*z^2 - y^5*z^2 - y^3*z^4 - 2*x^3*y^2*z - 5*x*y^2*z^3 + 3*x^2*y^3 + 8*x^2*y*z^2 + 5*y^3*z^2 + 4*y*z^4 - 2*x*y^2*z - 2*y^3 - 8*y*z^2, x^2*y^2*z^4 + x*y^5*z - x^3*y*z^3 - x*y^3*z^3 - x*y*z^5 - 2*x^2*y^4 + 2*x^2*y^2*z^2 - y^4*z^2 + 2*x*y*z^3 + y^4, x^5*y^2 - x^4*y*z - 3*x^3*y^2 - x*y^2*z^2 + 3*x^2*y*z + y^3*z + y*z^3 + x*y^2 - 2*y*z, x^4*y^3 - 2*x^3*y^2*z - 2*x^2*y^3 + x^2*y*z^2 + 2*x*y^2*z + y^3, x^3*y^4 + x*y^4*z^2 - x^4*y*z - 3*x^2*y^3*z - y^5*z - y^3*z^3 - x^3*y^2 - x*y^2*z^2 + 6*x^2*y*z + 4*y^3*z + 2*y*z^3 - 4*y*z, x^5*y*z - x*y^3*z^3 - x^4*y^2 + 3*x^2*y^2*z^2 + y^4*z^2 + y^2*z^4 - 5*x^3*y*z - 3*x*y^3*z - 2*x*y*z^3 + 5*x^2*y^2 - y^2*z^2 + 4*x*y*z - 2*y^2, x^4*y^2*z - x^3*y^3 - x^3*y*z^2 - x*y^3*z^2 + x^2*y^2*z + y^4*z + y^2*z^3 - 2*y^2*z, x^3*y^3*z - 2*x^4*y^2 - x^2*y^2*z^2 + x^3*y*z - 2*x*y^3*z + 5*x^2*y^2 + y^2*z^2 - 2*y^2, x^2*y^4*z + x^2*y^2*z^3 - 2*x^3*y^3 - x^3*y*z^2 - 3*x*y^3*z^2 - x*y*z^4 + 4*x^2*y^2*z + y^2*z^3 + x*y^3 + 2*x*y*z^2 - 2*y^2*z, x^3*y^2*z^2 - x^4*y*z - x^2*y*z^3 - x^3*y^2 - 3*x*y^2*z^2 + 6*x^2*y*z + y^3*z + 2*y*z^3 - 4*y*z, x^2*y^3*z^2 - 2*x^3*y^2*z - x*y^4*z - 2*x*y^2*z^3 + 2*x^2*y^3 + 2*x^2*y*z^2 + y^3*z^2 + y*z^4 + x*y^2*z - y^3 - 2*y*z^2]"
14,aaaBAbbabAAABB,2,2,"[x^4*y - 4*x^2*y + 4*y, x^3*y^2 - y^3*z - 2*x*y^2 + y*z, x*y^3*z - 2*x^2*y^2 - x*y*z + 4*y^2, x^2*y*z - 2*y*z, y*z^2]"
14,aaaBAbbAAAbaBB,2,2,"[x^5*y^2 - x^4*y*z - x^5 - 4*x^3*y^2 + 3*x^2*y*z + 4*x^3 + 4*x*y^2 - 2*y*z - 4*x, x^3*y^4 - x^2*y^3*z - 2*x^3*y^2 - 2*x*y^4 + x^2*y*z + y^3*z + x^3 + 4*x*y^2 - y*z - 2*x, x^3*y^2*z - x^2*y*z^2 - x^3*z - 2*x*y^2*z + y*z^2 + 2*x*z]"
14,aaaBAbbAAABBab,2,2,"[x^6*y^2 - x^5*y*z - x^6 - 4*x^4*y^2 + 3*x^3*y*z + 4*x^4 + 4*x^2*y^2 - 2*x*y*z - 4*x^2 - y^2 + 1, x^2*y^4 - 2*x^2*y^2 - y^4 + x^2 + 2*y^2 - 1, x^2*y^2*z - x^2*z - y^2*z + z, x^2*z^2 - z^2]"
14,aaaBAbAbbAABaB,2,2,"[x^3*y - x^2*z - x*y + z, x*y^2 - y*z]"
14,aaaBAAbabbaaBB,2,2,"[x^2*y*z^3 - x^2*y*z + x^3 - 2*x*y^2 - 2*x, x^5 - 4*x^3 + 1/2*x*y^2 - 1/2*x*z^2 + 4*x, x*y^4 - 2*x^2*y*z + 3*x^3 - 1/2*x*y^2 + 1/2*x*z^2 - 5*x, x*y^3*z + 1/2*x*y*z^3 + 2*x^4 - x^2*z^2 - 5/2*x*y*z - 7/2*x^2, x*y^2*z^2 - 2*x^2*y*z + 3*x^3 - 3/2*x*y^2 + 3/2*x*z^2 - 5*x, x*z^4 - 2*x^2*y*z + 3*x^3 + 11/2*x*y^2 - 11/2*x*z^2 - 5*x, x^3*y + 1/2*x*y^3 + 1/2*x*y*z^2 - x^2*z - 3*x*y, x^2*y^2 - x^2*z^2, x^3*z + 1/2*x*y^2*z + 1/2*x*z^3 - x^2*y - 3*x*z]"
14,aaaBAAbabbAABB,2,2,[x]
14,aaaBAAbaBBaabb,2,2,"[x^2*z^3 + 4/3*x*y*z^2 + 4/3*x^2*z - 28/3*x*y, x*y*z^3 + 4*x^2*z^2 - 7*x*y*z - 3*x^2, x*z^4 + 25/12*x*y^2 - 49/6*x*z^2 + 41/4*x, x^2*y^2 - 2*x^2*z^2 + 3*x^2, x*y^3 + 2*x*y*z^2 + 4*x^2*z - 13*x*y, x^2*y*z - 17/12*x*y^2 - 1/6*x*z^2 - 1/4*x, x*y^2*z - 2*x^2*y + x*z, x^3 - 7/12*x*y^2 + 1/6*x*z^2 - 7/4*x]"
14,aaaBAAbaBBAAbb,2,2,"[x^2*y^2 - x*y*z - x^2, x*y^3 - 1/2*x^2*z - x*y, x^2*y*z - 2*x*y^2 + 2*x, x*y^2*z - x*z, x^3 - x*y^2 - x, x*z^2]"
14,aaaBBaabbabaaB,2,2,"[x^2*z^3 + 2/3*x*y*z^2 - 1/3*x^2*z + 2/3*x*y, x*y*z^3 - 7/2*x^2*z^2 + x*y*z - 3/2*x^2, x*z^4 - 8*x*y^2 + 6*x*z^2 + 13*x, x^2*y^2 - 1/2*x^2*z^2 - 3/2*x^2, x*y^3 - 1/3*x*y*z^2 - 1/3*x^2*z - 4/3*x*y, x^2*y*z - 5*x*y^2 + 2*x*z^2 + 7*x, x*y^2*z - 4/9*x*z^3 + 1/9*x^2*y - 13/9*x*z, x^3 + 2*x*y^2 - x*z^2 - 3*x]"
14,aaaBBaabbabAAB,2,2,"[x^5 + 2*x^2*y*z - 6*x^3 - x*y^2 - x*z^2 + 6*x, x^4*y - 7/6*x^3*z + 1/6*x*y^2*z - 1/3*x*z^3 - 11/6*x^2*y + 5/2*x*z, x^3*y^2 + x^2*y*z - 3*x^3 - 2*x*y^2 - x*z^2 + 5*x, x^2*y^3 - 1/6*x^3*z - 11/6*x*y^2*z - 1/3*x*z^3 + 7/6*x^2*y + 1/2*x*z, x*y^4 - 4*x^2*y*z + 5*x^3 + x*y^2 + x*z^2 - 7*x, x^4*z - 9/8*x^3*y + 3/8*x*y^3 - 1/4*x*y*z^2 - 17/8*x^2*z + 17/8*x*y, x^3*y*z - x^4 - 1/2*x^2*y^2 - 1/2*x^2*z^2 + x^2, x^2*y^2*z - 9/8*x^3*y - 5/8*x*y^3 - 1/4*x*y*z^2 - 1/8*x^2*z + 9/8*x*y, x*y^3*z + x^4 - 3/2*x^2*y^2 - 1/2*x^2*z^2 + x*y*z - 3*x^2, x^3*z^2 - 7*x^2*y*z + 5*x^3 + 4*x*y^2 + x*z^2 - 3*x, x^2*y*z^2 - 7/6*x^3*z - 5/6*x*y^2*z - 1/3*x*z^3 + 1/6*x^2*y + 3/2*x*z, x*y^2*z^2 - 6*x^2*y*z + 5*x^3 + 2*x*y^2 + 2*x*z^2 - 5*x, x^2*z^3 - 19/8*x^3*y - 7/8*x*y^3 - 3/4*x*y*z^2 + 5/8*x^2*z + 35/8*x*y, x*y*z^3 - 2*x^4 + 2*x^2*y^2 - 7*x*y*z + 7*x^2, x*z^4 + 24*x^2*y*z - 27*x^3 - 13*x*y^2 - 13*x*z^2 + 29*x]"
14,aaaBBaabbaBaab,2,2,"[x^2*z^3 + 4*x*y*z^2 - 8*x^2*z + 4*x*y, x*y*z^3 - x^2*z^2 + x*y*z - x^2, x*z^4 + 3*x*y^2 - x*z^2 - 5*x, x^2*y^2 + x^2*z^2 - 3*x^2, x*y^3 - 2*x*y*z^2 + 3*x^2*z - 3*x*y, x^2*y*z - 5/3*x*y^2 - 2/3*x*z^2 + x, x*y^2*z + 1/4*x*z^3 - 3/4*x^2*y - 3/4*x*z, x^3 - 5/3*x*y^2 - 2/3*x*z^2 + x]"
14,aaaBBaabbaBAAb,2,2,"[x^5 - 4*x^3 - 4/7*x*z^2 + 4*x, x*z^3 - 7*x*z, x*y^2 + 2/7*x*z^2 - x, x^2*z]"
14,aaaBBaBabAABaB,2,2,"[x^2*y^4 + x^3*y*z - 2*x*y^3*z - 2*x^2*y^2 - x^2*z^2 + y^2*z^2 + 2*x*y*z, x*y^5 + x^3*y*z^2 - y^4*z - x^2*z^3 - x^3*y - 3*x*y^3 - x*y*z^2 + x^2*z + 3*y^2*z + z^3 + 3*x*y - 3*z, x^4*y + x^2*y^3 - x^3*z - 2*x*y^2*z - 3*x^2*y + y*z^2 + 3*x*z, x^3*y^2 - 2*x^2*y*z - x*y^2 + x*z^2 + y*z, x^2*y^2*z - x^3*y - x*y^3 - 2*x*y*z^2 + x^2*z + y^2*z + z^3 + 3*x*y - 3*z]"
14,aaaBBaBBABBaBB,2,2,"[x^5*y^2 - x^4*y*z - x^5 - 5*x^3*y^2 + 5*x^2*y*z + 5*x^3 + 6*x*y^2 - 6*y*z - 6*x, x^4*y^3 - 3*x^3*y^2*z - x^4*y - 2*x^2*y^3 + 2*x^2*y*z^2 + 2*x^3*z + 6*x*y^2*z + 2*x^2*y - 4*y*z^2 - 4*x*z, x^3*y^4 - 4*x^3*y^2 - 2*x*y^4 - x*y^2*z^2 + 2*x^2*y*z + 2*y^3*z + 3*x^3 + 6*x*y^2 - 4*y*z - 4*x, x^4*y^2*z - 3/2*x^3*y^3 - x^3*y*z^2 - x^4*z - 1/2*x^2*y^2*z + 3/2*x^3*y + 3*x*y^3 + 2*x*y*z^2 + 2*x^2*z - 3*y^2*z - 3*x*y, x^3*y^2*z^2 - x^2*y*z^3 - 3/2*x^3*y^2 - x^3*z^2 - 2*x*y^2*z^2 + 3/2*x^2*y*z + 2*y*z^3 + 3/2*x^3 + 3*x*y^2 + 2*x*z^2 - 3*y*z - 3*x, x*y^3*z - x^2*y^2 - y^2*z^2 + x^2]"
14,aaaBBAbbAbbAbb,2,2,"[y^5 - 4*y^3 + 4*y, y^4*z - 2/3*x*y*z^2 - 2*y^2*z + 2/3*x*y, y^3*z^2 - y^3 - 2*y*z^2 + 2*y, x*y*z^3 - 3/2*y^4 - x*y*z + 3*y^2, y*z^4 - 2*y*z^2 + y, x^3*y - 2*x*y, x^2*y^2 + y^4 - 2*x*y*z - 2*y^2, x*y^3 - 2/3*x*y*z^2 - 4/3*x*y, x^2*y*z - y^3*z - x*y^2 + 2*y*z, x*y^2*z - x^2*y - 2*y^3 + 4*y]"
14,aaaBBAbbAbbABB,2,2,"[x^2*y - 3*y, y^2]"
14,aaaBBAbbABBAbb,2,2,"[x^4*y - 3*x^2*y + 2*y, y^2]"
14,aaaBBAbbABBABB,2,2,"[y^5 - 4*y^3 + 4*y, y^4*z - 2*x*y*z^2 - 2*y^2*z + 2*x*y, y^3*z^2 - y^3 - 2*y*z^2 + 2*y, x*y*z^3 - 1/2*y^4 - x*y*z + y^2, y*z^4 - 2*y*z^2 + y, x^3*y - 2*x*y, x^2*y^2 - 2*x*y*z, x*y^3 - 2*x*y*z^2, x^2*y*z - x*y^2, x*y^2*z - x^2*y - y^3 + 2*y]"
14,aaaBBAAbbabaaB,2,2,"[x^5 + x^2*y*z - 4*x^3 - x*z^2 + 3*x, x^4*y - x^3*z - x*z^3 - x^2*y + 3*x*z, x^3*y^2 - x^3 - x*y^2 - x*z^2 + 2*x, x^2*y^3 - 2*x*y^2*z - x*z^3 + 2*x^2*y + x*z, x*y^4 - x^2*y*z + 3*x^3 - 2*x*y^2 + x*z^2 - 6*x, x^4*z - 1/2*x^3*y + 1/2*x*y^3 - 5/2*x^2*z + 1/2*x*y, x^3*y*z - x^2*z^2 - x^2, x^2*y^2*z - 1/2*x^3*y - 1/2*x*y^3 - 1/2*x^2*z - 1/2*x*y, x*y^3*z + 2*x^4 - 2*x^2*y^2 + x*y*z - 5*x^2, x^3*z^2 - 2*x^2*y*z - x^3 + x*y^2 - x*z^2 + 4*x, x^2*y*z^2 - x^3*z - x*y^2*z - x*z^3 + x^2*y + 2*x*z, x*y^2*z^2 - 2*x^2*y*z + x^3 - x*y^2 + x*z^2 - x, x^2*z^3 - 2*x^3*y - x*y*z^2 + 3*x*y, x*y*z^3 - x^4 - 3*x*y*z + 3*x^2, x*z^4 + x^2*y*z - x^3 - 3*x*z^2]"
14,aaaBBAAbbabAAB,2,2,[x]
14,aaaBBAAbbaBaab,2,2,"[x*y*z^3 + 3/2*x^2*y^2 - 3*x*y*z - 3/2*x^2, x*z^4 - 3*x*z^2, x*y^3 + 2/3*x*y*z^2 - x^2*z - x*y, x^2*y*z - x*y^2 - 2/3*x*z^2 + x, x*y^2*z + 2/3*x*z^3 - x*z, x^2*z^2, x^3 - 1/2*x*y^2 + 1/3*x*z^2 - 3/2*x]"
14,aaaBBAAbbaBAAb,2,2,"[x*z^4 - 4*x*z^2 + 4*x, x^2*z^2 - x*y*z - x^2, x*y*z^2 + x^2*z - 4*x*y, x^3 + x*z^2 - 4*x, x^2*y - x*z, x*y^2 - x*z^2 + x]"
14,aaaBBABAbAAbab,2,2,[z]
14,aaaBBABBAbbAbb,2,2,"[x^2*y - y, y^2]"
14,aaaBBABBAbbABB,2,2,"[y^5 - 4*y^3 + 4*y, y^4*z + 2*x*y*z^2 - 2*y^2*z - 2*x*y, y^3*z^2 - y^3 - 2*y*z^2 + 2*y, x*y*z^3 + 1/2*y^4 - x*y*z - y^2, y*z^4 - 2*y*z^2 + y, x^3*y - 2*x*y, x^2*y^2 - y^4 - 2*x*y*z + 2*y^2, x*y^3 + 2*x*y*z^2 - 4*x*y, x^2*y*z + y^3*z - x*y^2 - 2*y*z, x*y^2*z - x^2*y]"
14,aaaBBABBABBAbb,2,2,"[y^5 - 4*y^3 + 4*y, y^4*z - 2*x*y*z^2 - 2*y^2*z + 2*x*y, y^3*z^2 - y^3 - 2*y*z^2 + 2*y, x*y*z^3 - 1/2*y^4 - x*y*z + y^2, y*z^4 - 2*y*z^2 + y, x^3*y - 2*x*y, x^2*y^2 - 2*x*y*z, x*y^3 - 2*x*y*z^2, x^2*y*z - x*y^2, x*y^2*z - x^2*y - y^3 + 2*y]"
14,aaaBBABBABBABB,2,2,"[y^2*z^2 - 2*x*y*z, x^2*y - 2*y]"
14,aabaababaaBaBB,2,2,"[x*y^4 - x*z^4, x*y^3*z - x*y*z^3 + 2*x^2*z^2 - 2*x*y*z - 2*x^2, x^3*z^2 - x^2*y*z - x^3, x^2*y*z^2 - 1/2*x*y^2*z - 1/2*x*z^3 - x^2*y, x*y^2*z^2 - x*z^4 + x*y^2 - x*z^2, x^2*z^3 - 1/2*x*y^3 - 1/2*x*y*z^2 - x^2*z, x^2*y^2 - x^2*z^2]"
14,aabaababAABaBB,2,2,"[x*y^4 + 17/12*x^3 - 4*x*y^2 + x*z^2 - 4*x, x*y^3*z + x*y*z^3 + 2/3*x^2*z^2 - 6*x*y*z + x^2, x*y^2*z^2 - 1/12*x^3 - 3/2*x*y^2 - 1/2*x*z^2 + x, x^2*z^3 - 9/4*x*y^3 - 9/4*x*y*z^2 - 9/2*x^2*z + 27/2*x*y, x*z^4 + 49/12*x^3 + 3*x*y^2 - 4*x*z^2 - 10*x, x^4 - 3*x^2, x^3*y - x^2*z, x^2*y^2 - 1/3*x^2*z^2, x^3*z - 3*x^2*y, x^2*y*z - 3/2*x^3 - 3/4*x*y^2 - 3/4*x*z^2 + 9/2*x]"
14,aabaababABAbab,2,2,"[x^2*y^2*z - 1/2*y^2*z^3 - x^2*z + 1/2*z^3, x*z^4 - y*z^3 - 2*x*z^2, y*z^4 - 2*x*y^2*z - x*z^3 - y*z^2 + 2*x*z, z^5 - 2*x^2*z - 2*y^2*z - 3*z^3 + 4*z, x^3*z - 1/2*y*z^2 - x*z, x^2*z^2 - 1/2*z^4, x*y*z^2 - x^2*z - y^2*z - 1/2*z^3 + 2*z]"
14,aabaabaBaabaBB,2,2,"[x*y^2 - 2*x, x*z]"
14,aabaabaBAAbaBB,2,2,"[x*y^2 - 2/3*x, x*z^2 - 16/3*x, x^2]"
14,aabaabbaaBaaBB,2,2,"[x^3*y^3 - 4*x^2*y^2*z + 4*x*y*z^2, x^2*y^4 - 2/3*x^3*y*z - 8/3*x*y^3*z + 4/3*x*y*z^3 - 4/3*x^2*y^2 + 4*x*y*z, x*y^5 - 4*x*y^3*z^2 + 4*x*y*z^4 - 2*x^4*z + 2*x^3*y + 4*x^2*z - 4*x*y, x^3*y^2*z - x^2*y^3 - 2*x^2*y*z^2 + 2*x*y^2*z, x^2*y^3*z - x^3*y^2 - 1/3*x*y^4 - 4/3*x*y^2*z^2 + 4/3*x^2*y*z + 2/3*x*y^2, x^3*y*z^2 - x^4*z - 2*x^2*y^2*z + x^3*y + x*y^3 + 2*x^2*z - 2*x*y, x^2*y^2*z^2 - 1/3*x^3*y*z - 1/3*x*y^3*z - 4/3*x*y*z^3 - 2/3*x^2*y^2 + 2*x*y*z, x^2*y*z^3 + 1/3*x*y^4 - x^3*z^2 - 5/3*x*y^2*z^2 + 2/3*x^2*y*z - 2/3*x*y^2 + 2*x*z^2, x^5 + x^3*y^2 - 2*x^3*z^2 - 4*x^3 - 2*x*y^2 + 4*x*z^2 + 4*x, x^4*y - 2*x^3*z - 2*x^2*y + 4*x*z]"
14,aabaabbaaBAABB,2,2,[x]
14,aabaabbaaBBaaB,2,2,[x]
14,aabaabbaaBBAAB,2,2,"[x*y^8*z + x^8*y - 2*x^4*y^5 - x^2*y^7 - 2*x*y^6*z - 7*x^6*y + 4*x^4*y^3 + 8*x^2*y^5 + x^5*z - 2*x*y^4*z - x^3*z^3 + 15*x^4*y - 12*x^2*y^3 + 3*x^2*y*z^2 - 4*x^3*z + 2*x*y^2*z - 9*x^2*y + 3*x*z, x^9 - 2*x^5*y^4 + x*y^8 - 8*x^7 + 4*x^5*y^2 + 8*x^3*y^4 - 4*x*y^6 + 22*x^5 - 16*x^3*y^2 - 2*x*y^4 - 24*x^3 + 12*x*y^2 + 9*x, x^2*y*z^6 - 8*x^2*y*z^4 + 2*x^3*z^3 + 2*x*y^2*z^3 + 2*x*z^5 + 8*x^2*y*z^2 - 6*x*z^3, x^7*z + x*y^6*z - x^6*y - 2*x^4*y^3 - x^2*y^5 - x^4*y*z^2 - 1/2*x^2*y*z^4 - 4*x^5*z - 2*x*y^4*z + x^3*z^3 + 9*x^4*y + 9*x^2*y^3 + 5*x^2*y*z^2 - x^3*z - 4*x*y^2*z - x*z^3 - 18*x^2*y + 9*x*z, x^2*y^5*z - 1/2*x^2*y*z^5 - x^3*y^4 - x*y^6 - x*y^4*z^2 - 2*x^2*y^3*z + 6*x^2*y*z^3 + 3*x^3*y^2 + 6*x*y^4 - 4*x^3*z^2 - 3*x*y^2*z^2 - x*z^4 - x^2*y*z - 9*x*y^2 + 6*x*z^2, x*y^5*z^2 + x^6*z - 3/2*x^2*y^4*z - 3/2*x^2*y^2*z^3 - x^5*y - 3/2*x^3*y^3 - 1/2*x*y^5 + 3/2*x^3*y*z^2 + x*y^3*z^2 - 4*x^4*z + 3*x^2*y^2*z + 1/2*x^2*z^3 + 9/2*x^3*y + 3*x*y^3 - 4*x*y*z^2 + 7/2*x^2*z - 9/2*x*y, x*y^4*z^3 + x^4*y*z^2 - 5/2*x^2*y*z^4 - 3*x*y^4*z + 3*x^3*z^3 + 2*x*y^2*z^3 - 3*x^4*y - 3*x^2*y^3 - 5*x^2*y*z^2 + 3*x^3*z + 9*x*y^2*z - 4*x*z^3 + 9*x^2*y - 6*x*z, x^2*y^2*z^4 - 4*x*y^3*z^3 - 4*x^4*z^2 + 6*x^2*y^2*z^2 + 2*x^2*z^4 + 2*x^3*y*z + 2*x*y^3*z - 6*x*y*z^3 + 6*x^2*z^2 - 6*x*y*z, x*y^3*z^4 - 3*x^2*y^2*z^3 - 1/2*x^2*z^5 + 3*x^3*y*z^2 - x*y^3*z^2 + 2*x*y*z^4 - x^2*z^3 - x*y*z^2, x^5*z^2 + x*y^4*z^2 - 2*x^4*y*z - 2*x^2*y^3*z - 2*x^2*y*z^3 + 2*x*y^2*z^2 + 6*x^2*y*z - 3*x*z^2, x^2*y^3*z^2 - 1/2*x^2*y*z^4 - x*y^4*z + x^3*z^3 - x^4*y - x^2*y^3 - 2*x^2*y*z^2 + x^3*z + 3*x*y^2*z - x*z^3 + 3*x^2*y - 2*x*z, x^4*z^3 - x^2*y^2*z^3 - 2*x^3*y*z^2 + 2*x*y^3*z^2 - x^2*z^3 + 2*x*y*z^2, x^3*y*z^3 - x*y^3*z^3 - 2*x^4*z^2 + x^2*y^2*z^2 + 1/2*x^2*z^4 + x^3*y*z + x*y^3*z - 2*x*y*z^3 + 3*x^2*z^2 - 3*x*y*z, x^3*z^4 - 4*x^2*y*z^3 + 4*x*y^2*z^2, x^3*y^2*z - x^4*y - x^2*y^3 - x^2*y*z^2 + x^3*z + 3*x^2*y - 2*x*z]"
14,aabaabbabaabaB,2,2,"[x^3*z - x*z^3 - x^2*y + y*z^2, x^2*y*z - x*y^2 - x*z^2 + y*z, x*y^2*z - y^3 - x*z + y, x*y*z^2 - x^2*z - y^2*z + x*y]"
14,aabaabbAABaaBB,2,2,"[x^5 - 4*x^3 + 2*x, x*y^4 - 2*x*y^2 + x, x*y^3*z + 1/2*x^4 - 2*x*y*z - x^2, x*y^2*z^2 + 1/2*x^3 - 2*x*z^2, x^2*z^3 + x*y^3 - 3*x*y*z^2, x*y*z^3 + 1/2*x^4 - x^2*z^2 - x*y*z - 1/2*x^2, x*z^4 + x^3 + x*y^2 - 4*x*z^2 - 1/2*x, x^3*y - x^2*z - x*y, x^2*y^2 - x^2*z^2 + x*y*z, x^3*z - x^2*y - 2*x*z, x^2*y*z + x*y^2 - 2*x*z^2]"
14,aabaabbAABAAbb,2,2,"[x^3*y*z^5 + 8/27*x*y^5*z - 8*x^3*y*z^3 - 64/27*x*y^3*z^3 + 68/27*x^4*y^2 - 8/27*y^6 + 16/9*x^2*y^2*z^2 + 29/27*y^4*z^2 + 206/27*x^3*y*z + 68/27*x*y^3*z + 358/27*x*y*z^3 - 154/27*x^2*y^2 + 32/27*y^4 - 182/27*y^2*z^2 - 392/27*x*y*z + 2*y^2, y^4*z^5 + 4*x^3*y^5 - 64/3*x^3*y*z^4 + 64/3*x*y*z^6 - 4*y^6*z - 92/3*x^2*y^2*z^3 - 56/3*y^2*z^5 - 1784/9*x^5*y + 128/3*x^3*y^3 - 12*x*y^5 + 4072/9*x^3*y*z^2 + 662/9*x*y^3*z^2 - 1472/9*x*y*z^4 - 2936/9*x^2*y^2*z - 434/9*y^4*z + 976/9*y^2*z^3 + 3560/9*x^3*y - 32/3*x*y^3 - 4400/9*x*y*z^2 + 4400/9*y^2*z - 688/3*x*y, x^2*y*z^6 + 9/2*x^4*y^3 - 8*x^2*y*z^4 + 1/8*y^3*z^4 - 112/3*x^3*y^2*z - 37/3*x*y^4*z + 38/3*x*y^2*z^3 + 80/3*x^4*y + 82/3*x^2*y^3 + 47/6*y^5 + 163/6*x^2*y*z^2 - 1/3*y^3*z^2 - 3*y*z^4 + 185/3*x*y^2*z - 380/3*x^2*y - 379/6*y^3 - 22*y*z^2 + 394/3*y, x^4*y^4 + 1/4*y^4*z^4 + 26/81*x*y^5*z - 16/3*x^3*y*z^3 - 208/81*x*y^3*z^3 + 16/3*x*y*z^5 + 32/81*x^4*y^2 - 4*x^2*y^4 - 107/81*y^6 + 43/27*x^2*y^2*z^2 + 182/81*y^4*z^2 - 14/3*y^2*z^4 + 440/81*x^3*y*z + 86/81*x*y^3*z + 16/81*x*y*z^3 + 512/81*x^2*y^2 + 671/81*y^4 - 92/81*y^2*z^2 - 464/81*x*y*z - 12*y^2, x*y^6*z - y^7 - y^5*z^2 + 8*x^3*y^2*z - 7*x*y^4*z - 8*x*y^2*z^3 - 16*x^4*y - 8*x^2*y^3 + 7*y^5 + 16*x^2*y*z^2 + 17*y^3*z^2 + 44*x^2*y - 8*y^3 - 40*y*z^2 - 16*y, x*y^5*z^2 - y^6*z - x^2*y^2*z^3 - y^4*z^3 - 76/3*x^5*y + 146/3*x^3*y*z^2 + 1/3*x*y^3*z^2 - 64/3*x*y*z^4 - 70/3*x^2*y^2*z + 2/3*y^4*z + 56/3*y^2*z^3 + 160/3*x^3*y - 160/3*x*y*z^2 + 82/3*y^2*z - 28*x*y, x*y^4*z^3 + 4*x^4*y^3 - y^5*z^2 - 10*x^3*y^2*z - 4*x*y^4*z - 8*x*y^2*z^3 - 8*x^4*y - 6*x^2*y^3 + 20*x^2*y*z^2 + 12*y^3*z^2 + 20*x*y^2*z + 16*x^2*y + 2*y^3 - 32*y*z^2 - 8*y, x^2*y^2*z^4 + 2/9*x*y^5*z - 2*x^3*y*z^3 - 16/9*x*y^3*z^3 + 8/9*x^4*y^2 - 2/9*y^6 - 2/3*x^2*y^2*z^2 + 5/9*y^4*z^2 + 20/9*x^3*y*z + 8/9*x*y^3*z + 40/9*x*y*z^3 - 16/9*x^2*y^2 + 8/9*y^4 - 14/9*y^2*z^2 - 44/9*x*y*z, x*y^3*z^4 - 7*x^2*y^2*z^3 - y^4*z^3 - 80/3*x^5*y + 4*x^3*y^3 + 166/3*x^3*y*z^2 + 38/3*x*y^3*z^2 - 56/3*x*y*z^4 - 110/3*x^2*y^2*z - 29/3*y^4*z + 40/3*y^2*z^3 + 164/3*x^3*y - 4*x*y^3 - 200/3*x*y*z^2 + 182/3*y^2*z - 28*x*y, x*y^2*z^5 + 7/2*x^4*y^3 - 2*x^2*y*z^4 - 1/8*y^3*z^4 - 22*x^3*y^2*z - 7*x*y^4*z + 3*x*y^2*z^3 + 12*x^4*y + 12*x^2*y^3 + 7/2*y^5 + 31/2*x^2*y*z^2 + 2*y^3*z^2 - 3*y*z^4 + 37*x*y^2*z - 60*x^2*y - 59/2*y^3 - 14*y*z^2 + 62*y, x^6*y - x^2*y*z^4 - 5/3*x^3*y^2*z - 2/3*x*y^4*z + 7/3*x*y^2*z^3 - 14/3*x^4*y + 2/3*x^2*y^3 + 2/3*y^5 + 10/3*x^2*y*z^2 - 5/12*y^3*z^2 + 7/3*x*y^2*z + 11/3*x^2*y - 10/3*y^3 - 4*y*z^2 + 8/3*y, x^5*y^2 + 1/4*x*y^4*z^2 - 5/2*x^4*y*z - x^2*y^3*z - 1/4*y^5*z + 1/2*x^2*y*z^3 - 5/2*x^3*y^2 - 3/2*x*y^2*z^2 + 10*x^2*y*z + 3*y^3*z + 3/2*x*y^2 - 11*y*z, x^5*y*z - 7/54*x*y^5*z - x^3*y*z^3 + 1/27*x*y^3*z^3 - 23/27*x^4*y^2 + 7/54*y^6 + 11/9*x^2*y^2*z^2 + 5/54*y^4*z^2 - 80/27*x^3*y*z + 4/27*x*y^3*z + 56/27*x*y*z^3 + 37/27*x^2*y^2 - 14/27*y^4 - 52/27*y^2*z^2 + 50/27*x*y*z, x^4*y^2*z - x^2*y^2*z^3 - 2*x^5*y - x^3*y^3 + 2*x^3*y*z^2 + 3/2*x*y^3*z^2 - 2*x^2*y^2*z - 1/2*y^4*z + 6*x^3*y + x*y^3 - 4*x*y*z^2 + 2*y^2*z - 4*x*y, x^3*y^3*z + 2/9*x*y^5*z - 5/18*x*y^3*z^3 - 10/9*x^4*y^2 - x^2*y^4 - 2/9*y^6 - 2/3*x^2*y^2*z^2 + 1/18*y^4*z^2 + 2/9*x^3*y*z - 10/9*x*y^3*z + 4/9*x*y*z^3 + 38/9*x^2*y^2 + 17/9*y^4 + 4/9*y^2*z^2 - 8/9*x*y*z - 4*y^2, x^2*y^4*z + 1/2*x^2*y^2*z^3 - x*y^5 - x^3*y*z^2 - 2*x*y^3*z^2 - 3*x^2*y^2*z + 1/2*y^4*z + 2*x^3*y + 4*x*y^3 + 4*x*y*z^2 + y^2*z - 6*x*y, x^4*y*z^2 - x^2*y*z^4 - 4/3*x^3*y^2*z - 1/3*x*y^4*z + 5/3*x*y^2*z^3 - 4/3*x^4*y + 1/3*x^2*y^3 + 1/3*y^5 + 2/3*x^2*y*z^2 - 1/3*y^3*z^2 + 5/3*x*y^2*z + 4/3*x^2*y - 5/3*y^3 - 2*y*z^2 + 4/3*y, x^3*y^2*z^2 + 7/22*x*y^4*z^2 - 4/11*x*y^2*z^4 - 13/11*x^4*y*z - x^2*y^3*z - 7/22*y^5*z - 1/11*x^2*y*z^3 + 1/22*y^3*z^3 - 3/11*x^3*y^2 - 25/11*x*y^2*z^2 + 58/11*x^2*y*z + 31/11*y^3*z + 12/11*y*z^3 + 3/11*x*y^2 - 74/11*y*z, x^2*y^3*z^2 - 4*x^3*y^2*z - 2*x*y^4*z + 4*x^4*y + 4*x^2*y^3 + y^5 + 8*x*y^2*z - 16*x^2*y - 8*y^3 + 16*y]"
14,aabaabbAABAABB,2,2,"[x^2*y^3*z - x*y^4 - x^2*y*z + x*y^2, x^3*y*z - x^2*y^2]"
14,aabaabbAABBaaB,2,2,"[x*y^2*z^3 - 2*x*y^2*z - x*z^3 + 2*x*z, x*y^4 - 2*x*y^2 + x, x*y^3*z - x*y*z^3 + x^2*z^2 - x*y*z, x^2*z^3 + x*y^3 - x*y*z^2 - x^2*z - x*y, x*z^4 - 2*x*z^2, x^2*y^2 + x^2*z^2 - 2*x*y*z - x^2, x^2*y*z - x*y^2 - x*z^2 + x, x^3 - 2*x]"
14,aabaabbAABBAAB,2,2,"[x*y^4 - 2*x*y^2 + x, x^2]"
14,aabaabbABAABAB,2,2,[x*z - y]
14,aabaabAbaaBABB,2,2,"[x*y^2 - x, x*z^2 - x, x^2]"
14,aabaabAbAABABB,2,2,[x]
14,aabaabABaabABB,2,2,[x]
14,aabaabABAAbABB,2,2,[x]
14,aabaaBaabbaaBB,2,2,"[x^2*y*z - 8/5*x*z^2 - 1/5*x, x^2*z^2 - 5*x*y*z + 2*x^2, x*y*z^2 - 5/8*x^2*z + 1/8*x*y, x*z^3 + 5/4*x^2*y - 3*x*z, x^3 - 12/5*x*z^2 - 4/5*x, x*y^2 - x]"
14,aabaaBaabbAABB,2,2,"[x^2*y*z - 4/3*x*z^2 - x, x^2*z^2 - 3*x*y*z + 3*x^2, x*y*z^2 - 9/4*x^2*z + 3/4*x*y, x*z^3 + 9/4*x^2*y - 6*x*z, x^3 - 4/9*x*z^2 - 4/3*x, x*y^2 - 3*x]"
14,aabaaBaaBBaabb,2,2,[x]
14,aabaaBaaBBAAbb,2,2,"[x^5 - 4*x^3 + 4*x, x^4*y - 2*x^3*z + x*z^3 - 2*x^2*y + 2*x*z, x^4*z - 2*x^3*y - 2*x*y*z^2 + 4*x*y, x^3*y*z - 1/2*x^4 - 1/2*x^2*z^2 - x*y*z + x^2, x^3*z^2 + 2*x^2*y*z - 2*x^3 - 4*x*z^2 + 4*x, x^2*y*z^2 - x*z^3, x^2*z^3 - 2*x^3*y - 4*x*y*z^2 + 2*x^2*z + 4*x*y, x*y*z^3 - x^2*z^2, x*z^4 + 2*x^2*y*z - 2*x^3 - 4*x*z^2 + 4*x, x*y^2 - x]"
14,aabaaBabaababb,2,2,"[x^2*y^3*z - x*y^4 - 2*x*y^2*z^2 + 2*y^3*z + x*z^2 - y*z, x*y^4*z - y^5 - x^2*y*z^2 - 2*x*y^2*z + x*z^3 + 3*y^3 - y*z^2 + 2*x*z - 2*y, x^2*y^2*z^2 - 2*x*y^3*z + y^4 - x^2*z^2 + 2*x*y*z - y^2, x*y^3*z^2 - 2*x^2*y^2*z - y^4*z + 2*x*y^3 + x^2*z - x*y, x^2*y*z^3 - 2*x*y^2*z^2 - x*z^4 + x^2*y*z + y^3*z + y*z^3 - x*y^2, x*y^2*z^3 - x^2*y*z^2 - y^3*z^2 + y^3 + x*z - y, x*y*z^4 - x^2*y^2*z - x^2*z^3 - y^2*z^3 + x*y^3 + 2*x*y*z^2 - y^2*z, x^3*z - x*z^3 - x^2*y + y*z^2]"
14,aabaaBaBABABaB,2,2,"[x^5*y - 1/2*x^3*y^3 - x^4*z + 3/2*x^2*y^2*z - 4*x^3*y - 1/2*x*y*z^2 + 4*x^2*z - 1/2*z^3 + 2*x*y - 2*z, x^4*y^2 - 1/2*x^2*y^4 - 2*x^3*y*z + x*y*z^3 + x^2*z^2 + 1/2*y^2*z^2 - z^4 - x*y*z + z^2, x^4*y*z + 2*x^2*y*z^3 - x^3*y^2 - x^3*z^2 - x*y^2*z^2 - 2*x*z^4 - 4*x^2*y*z + y*z^3 + 2*x*y^2 + 5*x*z^2 - 2*y*z, x^3*y^2*z - x^2*y^3 - x*z^3 - 2*x^2*y + y*z^2 + 2*x*z, x^2*y^3*z - 2*x^2*y*z^3 - 2*x^3*y^2 + 2*x*z^4 + 6*x^2*y*z - y*z^3 - 4*x*z^2, x^3*y*z^2 - 1/2*x^2*y^2*z - x^2*z^3 - x^3*y + x^2*z + 1/2*z^3, x^2*y^2*z^2 - 2*x*y*z^3 - 2*x^2*y^2 + z^4 + 4*x*y*z - 2*z^2, x*y^3*z^2 - 1/2*x^2*y^2*z - y^2*z^3 + x^3*y - 2*x*y^3 + 2*x*y*z^2 - x^2*z + 2*y^2*z - 3/2*z^3 - 4*x*y + 4*z, x*y^2*z^3 + x^4*y - 1/2*x^2*y^3 + 2*x^2*y*z^2 - y*z^4 - x^3*z - 2*x*y^2*z - 2*x*z^3 - 5*x^2*y + 5/2*y*z^2 + 5*x*z, x*y*z^4 - 1/2*x^2*y^2*z - z^5 + x^3*y - x*y*z^2 - x^2*z + 3/2*z^3 - 2*x*y + 2*z]"
14,aabaaBAAbbaaBB,2,2,"[x^4*z^4 + x*y^3*z^3 - 8/3*x^4*z^2 - 3*x^2*z^4 - 8/3*x*y^3*z - 2*x*y*z^3 + 8*x^2*z^2 + 16/3*x*y*z, x^2*y^4*z - 1/2*x^4*z^3 - 3/2*x*y^3*z^2 - 2*x^2*y^2*z + 5/2*x^2*z^3 + x*y*z^2, x^2*y^3*z^2 - 2/3*x*y^4*z + 1/3*x^3*z^3 - x*y^2*z^3 - 2/3*x^2*y*z^2 + 4/3*x*y^2*z - x*z^3, x*y^4*z^2 + x^3*z^4 - 4*x^2*y^3*z - 2*x^2*y*z^3 - 4*x^3*z^2 + 2*x*y^2*z^2 + 8*x^2*y*z + 4*x*z^2, x*y^5 - 2*x^4*z - 2*x^2*y^2*z + x^2*z^3 - 4*x*y^3 + x*y*z^2 + 6*x^2*z + 4*x*y, x^5 - 1/2*x*y^4 - 1/2*x^3*z^2 + x^2*y*z - 4*x^3 + 2*x*y^2 + x, x^3*y - x^2*z - x*y]"
14,aabaaBAAbbAABB,2,2,"[x^3*z - x^2*y, x*y^2 - x]"
14,aabaaBAABBaabb,2,2,"[x*y^2*z^4 - 16/3*x^3*z^2 + 4/3*x*y^2*z^2 + x*z^4 + 16/3*x*z^2, x^2*z^5 - 2*x*y*z^4 - 8/3*x^2*z^3 + 16/3*x*y*z^2, x*y^4*z - x^4*y - x^2*y^3 + x^3*z - x*y^2*z + 3*x^2*y - 2*x*z, x^4*z^2 - 3/4*x^2*z^4 - 2*x*y^3*z + 3/2*x*y*z^3 - 3*x^2*z^2 + 4*x*y*z, x*y^3*z^2 - 2*x^4*z + x^2*z^3 - x*y*z^2 + 2*x^2*z, x^3*z^3 - 3*x*y^2*z^3 + 8*x^3*z - 3*x*z^3 - 8*x*z, x^5 - x*y^4 - 1/2*x^3*z^2 + x^2*y*z - 4*x^3 + 2*x*y^2 + 3*x, x^3*y*z - x*y^3*z - x^2*z^2 + x*y*z, x^2*y^2*z - x^3*y - x*y^3 - x^2*z + 3*x*y, x^2*y*z^2 - 2*x^3*z + 2*x*z]"
14,aabaaBAABBAAbb,2,2,"[x*y^2 - x, x^2]"
14,aabaaBABAABAbb,2,2,[x*z - y]
14,aabaaBBaabbaaB,2,2,"[x^2*y*z - x*z^2 - 1/2*x, x^2*z^2 - 2*x*y*z + 1/2*x^2, x*y*z^2 - x^2*z + 1/2*x*y, x*z^3 + 1/2*x^2*y - 3/2*x*z, x^3 - 2*x, x*y^2 - x]"
14,aabaaBBaabbAAB,2,2,"[x^9 - 8*x^7 + 4*x^4*y*z + 18*x^5 - 4*x^3*y^2 + x*y^4 - 2*x^3*z^2 - 4*x^2*y*z - 8*x^3 + x, x*y^8 + x^5*z^4 - 5*x^4*y*z^3 + 2*x^2*y^3*z^3 + x^3*y^4 - 6*x*y^6 + x^5*z^2 + 9*x^3*y^2*z^2 - 2*x*y^4*z^2 + x^3*z^4 - 7*x^2*y^3*z - 6*x^2*y*z^3 - 5*x^3*y^2 + 11*x*y^4 - 10*x^3*z^2 + 17*x^2*y*z - 3*x*y^2 + 11*x*z^2, x^6*z^3 + x*y^7 - 3*x^6*z - 6*x^4*y^2*z + 1/2*x^2*y^4*z - 5*x^4*z^3 + 2*x^2*y^2*z^3 + 3*x^5*y + 3/2*x^3*y^3 - 11/2*x*y^5 + 10*x^3*y*z^2 - 5/2*x*y^3*z^2 + 12*x^4*z + 7/2*x^2*y^2*z - x^2*z^3 - 15/2*x^3*y + 17/2*x*y^3 - 11/2*x*y*z^2 - 15/2*x^2*z - 3/2*x*y, x^2*y^4*z^3 - x*y^5*z^2 + 2/3*x^3*y*z^4 - x*y^3*z^4 + 2/3*x^6*z - 25/3*x^4*y^2*z + 5/3*x^2*y^4*z - 2/3*x^4*z^3 - 2/3*x^2*z^5 + 7/3*x^5*y + 4*x^3*y^3 - 8/3*x*y^5 + 10*x^3*y*z^2 - 1/3*x*y^3*z^2 - 5/3*x*y*z^4 + 1/3*x^4*z + 7*x^2*y^2*z - 2/3*x^2*z^3 - 40/3*x^3*y + 20/3*x*y^3 - 3*x*y*z^2 - 13/3*x^2*z + 1/3*x*y, x^4*y*z^4 - x^5*z^3 - x^3*z^5 + 5/2*x^6*y + 9/2*x^4*y^3 - x^2*y^5 - 5*x^4*y*z^2 + 1/2*x^2*y^3*z^2 - x^2*y*z^4 + 5/2*x^5*z - 13/2*x^3*y^2*z - 1/2*x*y^4*z + 8*x^3*z^3 - 3/2*x*y^2*z^3 - 14*x^4*y - 1/2*x^2*y^3 + 8*x^2*y*z^2 - 13/2*x^3*z + 8*x*y^2*z - 3/2*x*z^3 + 15/2*x^2*y + 3*x*z, x^7*y - x^6*z - 5*x^5*y + x^3*y^3 + 4*x^4*z - x^2*y^2*z + 5*x^3*y - x*y^3 - x^2*z - x*y, x^4*y^4 + x^5*y*z - 2*x^3*y^3*z - 2*x^4*y^2 - x^2*y^4 - x^4*z^2 + x^2*y^2*z^2 + x*y^3*z + 2*x^2*y^2 + x^2*z^2 + x*y*z, x^3*y^5 + x^6*z + 3*x^4*y^2*z - 5/2*x^2*y^4*z - 2*x^5*y - 7/2*x^3*y^3 + 1/2*x*y^5 - 4*x^3*y*z^2 + 3/2*x*y^3*z^2 - 5*x^4*z + 3/2*x^2*y^2*z + x^2*z^3 + 15/2*x^3*y - 5/2*x*y^3 + 5/2*x*y*z^2 + 9/2*x^2*z + 1/2*x*y, x^2*y^6 + x^6*z^2 + 3/4*x^2*y^4*z^2 - 3/2*x^5*y*z + 1/4*x^3*y^3*z - 7/4*x*y^5*z + 1/2*x^3*y*z^3 - 3/4*x*y^3*z^3 - 1/2*x^4*y^2 - 4*x^2*y^4 - 4*x^4*z^2 + 7/4*x^2*y^2*z^2 - 1/2*x^2*z^4 + 11/4*x^3*y*z + 7/4*x*y^3*z - 5/4*x*y*z^3 + 9/2*x^2*y^2 + 11/4*x^2*z^2 + 9/4*x*y*z, x^7*z - 2*x^6*y - 2*x^4*y^3 + x^2*y^5 + x^4*y*z^2 - 5*x^5*z + 5*x^3*y^2*z - x*y^4*z - x^3*z^3 + 8*x^4*y - 2*x^2*y^3 - 2*x^2*y*z^2 + 5*x^3*z - 3*x*y^2*z - 2*x^2*y - x*z, x^6*y*z + x^3*y^4 - x^5*z^2 - 4*x^4*y*z - x^2*y^3*z - 2*x^3*y^2 - x*y^4 + 3*x^3*z^2 + 5*x^2*y*z + 2*x*y^2, x^4*y^3*z - 1/2*x^4*y*z^3 - 1/2*x^3*y^4 + 1/2*x^5*z^2 - 1/2*x^3*y^2*z^2 + 1/2*x^3*z^4 - x^4*y*z - 3/2*x^2*y^3*z + 1/2*x^3*y^2 + 1/2*x*y^4 - 2*x^3*z^2 + x*y^2*z^2 + 5/2*x^2*y*z - 1/2*x*y^2 + 3/2*x*z^2, x^3*y^4*z - x^4*y^3 - x^2*y^5 - x^2*y^3*z^2 - x^3*y^2*z + x^4*y + 5*x^2*y^3 + x^2*y*z^2 + x^3*z - 5*x^2*y - 2*x*z, x^2*y^5*z - x^4*y*z^3 - x*y^6 + x^5*z^2 + 3*x^3*y^2*z^2 - x*y^4*z^2 + x^3*z^4 - 4*x^2*y^3*z - 2*x^2*y*z^3 - 2*x^3*y^2 + 4*x*y^4 - 6*x^3*z^2 + x*y^2*z^2 + 6*x^2*y*z - 2*x*y^2 + 5*x*z^2, x^5*y*z^2 - x^6*z - 5*x^4*y^2*z + 3/2*x^2*y^4*z - x^4*z^3 + 2*x^5*y + 3/2*x^3*y^3 - 3/2*x*y^5 + 5*x^3*y*z^2 - 3/2*x*y^3*z^2 + 5*x^4*z + 5/2*x^2*y^2*z - x^2*z^3 - 15/2*x^3*y + 9/2*x*y^3 - 5/2*x*y*z^2 - 9/2*x^2*z - 1/2*x*y, x^4*y^2*z^2 - 3/4*x^2*y^4*z^2 - 1/2*x^5*y*z - 1/4*x^3*y^3*z + 3/4*x*y^5*z - 3/2*x^3*y*z^3 + 3/4*x*y^3*z^3 + 1/2*x^4*y^2 - 3/4*x^2*y^2*z^2 + 1/2*x^2*z^4 + 5/4*x^3*y*z - 7/4*x*y^3*z + 5/4*x*y*z^3 - 1/2*x^2*y^2 + 1/4*x^2*z^2 - 1/4*x*y*z, x^3*y^3*z^2 - 3*x^4*y^2*z - x^2*y^2*z^3 + x^5*y + x^3*y^3 - x*y^5 + 3*x^3*y*z^2 - x*y^3*z^2 + x^4*z + 4*x^2*y^2*z - x^2*z^3 - 5*x^3*y + 3*x*y^3 - x*y*z^2 - 2*x^2*z, x^3*y^2*z^3 + 1/2*x^6*y + 3/2*x^4*y^3 - x^4*y*z^2 - 3/2*x^2*y^3*z^2 - x^2*y*z^4 + 1/2*x^5*z - 5/2*x^3*y^2*z + 1/2*x*y^4*z + 1/2*x*y^2*z^3 - 3*x^4*y - 3/2*x^2*y^3 + 4*x^2*y*z^2 - 3/2*x^3*z + x*y^2*z + 3/2*x*z^3 + 5/2*x^2*y + x*z, x^5*y^2 - 2*x^4*y*z - 2*x^3*y^2 + x^3*z^2 + 2*x^2*y*z + x*y^2]"
14,aabaaBBaaBaabb,2,2,"[x^2*y^2*z^4 - 1/3*x*y^3*z^3 - 4/3*x*y*z^5 - 1/3*x^4*z^2 - 5/2*x^2*y^2*z^2 + 5/6*x^3*y*z + 5/6*x*y^3*z + 10/3*x*y*z^3 + 1/3*x^2*y^2 + 2/3*x^2*z^2 - 7/3*x*y*z, x^2*y*z^5 + 1/3*x*y^4*z^2 - x^3*z^4 - 5/3*x*y^2*z^4 - 1/2*x^2*y*z^3 - 1/6*x^3*y^2 - 1/3*x*y^4 + 7/6*x^3*z^2 + 7/6*x*y^2*z^2 + 2*x*z^4 - 1/3*x^2*y*z + 2/3*x*y^2 - 7/3*x*z^2, x^3*y^3 - 4*x^2*y^2*z + 4*x*y*z^2, x^2*y^4 - 2*x^2*y^2*z^2 - 2*x*y^3*z + 4*x*y*z^3, x*y^5 - 4*x*y^3*z^2 + 4*x*y*z^4 - 2*x^4*z + 2*x^3*y + 4*x^2*z - 4*x*y, x^3*y^2*z - x^2*y^3 - 2*x^2*y*z^2 + 2*x*y^2*z, x^2*y^3*z - 2*x^2*y*z^3 - x^3*y^2 - x*y^4 + 2*x^3*z^2 + 2*x*y^2*z^2 + 2*x*y^2 - 4*x*z^2, x^3*y*z^2 - x^4*z - 2*x^2*y^2*z + x^3*y + x*y^3 + 2*x^2*z - 2*x*y, x^5 + x^3*y^2 - 2*x^3*z^2 - 4*x^3 - 2*x*y^2 + 4*x*z^2 + 4*x, x^4*y - 2*x^3*z - 2*x^2*y + 4*x*z]"
14,aabaaBBaaBAAbb,2,2,"[x^5 - x^2*y*z - 4*x^3 + 2*x*z^2 + x, x^4*y - x^2*y*z^2 + 2*x*z^3 - 2*x^2*y - 3*x*z, x^2*z^3 + x^3*y - 2*x*y*z^2 - 3/2*x^2*z - 1/2*x*y, x*y*z^3 + 1/2*x^4 - 1/2*x^2*z^2 - 3/2*x*y*z - x^2, x*z^4 - 3/4*x^2*y*z + x^3 - 5/2*x*z^2 - 1/4*x, x^3*z - x^2*y - 2*x*z, x*y^2 - x]"
14,aabaaBBabaaBab,2,2,"[x*y^4 - x*z^4 - 2*x*y^2 - 2*x*z^2, x^2*y^2 - 2*x^2, x*y^2*z + x*z^3, x^2*z]"
14,aabaaBBabAABab,2,2,[x]
14,aabaaBBaBaabab,2,2,"[x^2*z^2 - x*y*z - x^2, x*y^2 - x*z^2]"
14,aabaaBBaBAAbab,2,2,"[x^2*z^3 - 9/8*x*y*z^2 - 39/16*x^2*z + 9/2*x*y, x*y*z^3 - 1/2*x^2*z^2 - 4*x*y*z + 2*x^2, x*z^4 - 5/2*x*y^2 - 4*x*z^2 + 5*x, x^2*y^2 + 2/5*x^2*z^2 - 11/10*x^2, x*y^3 - 9/40*x*y*z^2 + 5/16*x^2*z - 11/10*x*y, x^2*y*z + 2/5*x*y^2 + 9/25*x*z^2 - 56/25*x, x*y^2*z - 8/5*x*z^3 - 5/2*x^2*y + 22/5*x*z, x^3 + 4/5*x*y^2 + 18/25*x*z^2 - 112/25*x]"
14,aabaaBBAbaaBAb,2,2,"[x*y^2 + x*z^2 - 2*x, x^2]"
14,aabaaBBAbAABAb,2,2,[x]
14,aabaaBBAAbbaaB,2,2,"[x^2*y*z - x*z^2 - 3/2*x, x^2*z^2 - 2*x*y*z + 3/2*x^2, x*y*z^2 - 3*x^2*z + 3/2*x*y, x*z^3 + 3/2*x^2*y - 9/2*x*z, x^3 - 2*x, x*y^2 - 3*x]"
14,aabaaBBAAbbAAB,2,2,"[x^3*z^2 - 2*x^2*y*z + x, x*y^2 - x]"
14,aabaaBBAABaabb,2,2,[x]
14,aabaaBBABaabAb,2,2,[x]
14,aabaaBBABAAbAb,2,2,[x]
14,aababaabAABBaB,2,2,"[x*y^2*z^2 + x*y^2 - 9/2*x*z^2, x^2*y^2 - 2*x^2*z^2 - 1/2*x^2, x*y^3 - 2*x*y*z^2 - 3/2*x^2*z + x*y, x^2*y*z - 3*x*y^2 + 4*x*z^2 + x, x*z^3 + 1/2*x^2*y - 2*x*z, x^3 + 2*x*z^2 - 4*x]"
14,aababaaBabaaBB,2,2,[x]
14,aababaaBabAABB,2,2,"[x*y^2 - 1/2*x, x*z^2 - 3/2*x, x^2]"
14,aababaaBaBBAAb,2,2,"[x^2*y*z - x*z^2 - x, x^2*z^2 - 3*x*y*z + x^2, x*y*z^2 - 3/4*x^2*z + 1/4*x*y, x*z^3 + 1/4*x^2*y - 5/4*x*z, x^3 - 3*x, x*y^2 + x*z^2 - 2*x]"
14,aababaaBBaabaB,2,2,"[x*y^2 - x, x*z^2 - x, x^2]"
14,aababaaBBAAbaB,2,2,[x]
14,aabababaabaBab,2,2,"[x*z^3 - y*z^2 - 2*x*z + 2*y, x*y*z - y^2]"
14,aabababaaBaBaB,2,2,"[x^3*y^2 - 2*x^2*y*z, x^2*y^3 - 2*x*y^2*z + 2*x*z^3 - 4*x*z, x^2*y^2*z - 4*x*y*z^2 + 4*x*y, x*y^2*z^2 - 2*x*y^2 + x*z^2 - 2*x, x*y*z^3 - 1/2*x^2*y^2 - x*y*z, x*z^4 - 3*x*z^2 + 2*x, x^2*z^2 - 2*x^2]"
14,aabababaaBABAB,2,2,"[x^5 - 8/3*x^3*y^2 + 16/9*x*y^4, x*y^3*z + 45/64*x^4 - 39/16*x^2*y^2 - 9/16*x^2*z^2 + 27/16*x^2, x*y^2*z^2 + 9/16*x^3 - 15/4*x*y^2 - 9/4*x*z^2 + 27/4*x, x^2*z^3 - 2*x*y*z^2 - 3*x^2*z + 6*x*y, x*y*z^3 - 3/2*x^2*z^2 - 3*x*y*z + 9/2*x^2, x*z^4 - 6*x*z^2 + 9*x, x^3*z + 4/5*x*y^2*z - 4/5*x*z^3 - 16/5*x^2*y + 12/5*x*z, x^2*y*z - 9/16*x^3 - 5/4*x*y^2 - 3/4*x*z^2 + 9/4*x]"
14,aabababAABaBaB,2,2,"[x^3*z^4 - 4*x^3*z^2 + 4*x^2*y*z, x*z^5 + x^3*z - 5*x*z^3 + 4*x*z, x^5 - x^3*z^2 + x*z^4 + 5*x^2*y*z - 4*x^3 - 5*x*z^2 + 4*x, x^4*z - x^2*z^3, x^3*y*z - x^2*z^2, x^2*y*z^2 - x^3*z, x*y^2 - x]"
14,aabababAABABAB,2,2,[x*z^2 - x]
14,aababaBaabaBaB,2,2,"[x*z^2 - 2*x, x*y]"
14,aababaBaabABAB,2,2,"[x^2*z^4 - x*y*z^3 + x^4 - 2*x^2*z^2 + 3*x*y*z - 3*x^2, x*z^5 + x^4*y + 2*x*y^2*z - 3*x*z^3 - 3*x^2*y, x^5 + x*z^4 - 2*x^3 + 2*x*y^2 - 2*x*z^2 - 3*x, x^4*z + x^2*z^3 - x^3*y - x*y*z^2 - 3*x^2*z + 3*x*y, x^3*z^2 - 2*x^3 - x*y^2 - 2*x*z^2 + 6*x, x^2*y*z - x^3 - x*y^2 - x*z^2 + 3*x]"
14,aababaBAAbaBaB,2,2,"[x*z^4 - 4*x*z^2 + 8/3*x, x*y^2 - 1/2*x*z^2, x^2]"
14,aababaBAAbABAB,2,2,"[x*y^2, x*z^2 - x]"
14,aababaBAABABAb,2,2,[x*z^2 - y*z - x]
14,aababbaaBaaBaB,2,2,"[x^6 - 2*x^4*z^2 + x^2*z^4 + x^3*y*z + 2*x*y^3*z - 2*x^4 - 2*x^2*y^2 - 2*x*y*z + 2*x^2, x^5*y + x*y^3*z^2 - 2*x^4*z - x^2*y^2*z + x^2*z^3 - x^3*y - x*y*z^2 + x^2*z, x^5*z - 2*x^3*z^3 + x*z^5 - 2*x^4*y + 3*x^3*z + x*y^2*z - 2*x*z^3 + x^2*y, x^4*y*z - 1/2*x^5 - x^3*z^2 - 1/2*x*y^2*z^2 + 1/2*x*z^4 - 1/2*x^2*y*z + 1/2*x^3, x^2*y^3*z + 1/2*x^5 - x^3*z^2 - 1/2*x*y^2*z^2 + 1/2*x*z^4 - 3/2*x^2*y*z - 1/2*x^3 - x*y^2 + x*z^2, x*y^4*z + x^4*y - x^2*y^3 - 2*x^3*z - 2*x*y^2*z + x*z^3 + x^2*y, x^3*y*z^2 - x^4*z - x^2*y^2*z + x^3*y, x^2*y^2*z^2 - 2*x^3*y*z + x^4, x^3*y^2 - x^2*y*z - x^3 - x*y^2 + x*z^2, x*y*z^3 - x^2*z^2 - x*y*z + x^2]"
14,aababbaaBAABaB,2,2,[x]
14,aababbAbAbbAbb,2,2,"[x^2*y^3 - 2*x^2*y*z^2 - x^2*y + y*z^2, x*y^4 + x^2*y*z - 2*y^3*z + y*z^3 - 2*x*y^2, y^5 + x^2*y*z^2 - 2*y^3*z^2 + y*z^4 - 2*y^3, x^3*y*z - x^2*y^2 - x*y*z + y^2, x*y*z^3 - y^2*z^2 + x*y*z - y^2, x*y^2*z - y^3]"
14,aababbAbAbbABB,2,2,"[x*y*z^3 - 3*y^2*z^2 + x*y*z + 3*y^2, y^2*z^3 - 4/3*x*y*z^2 - 4/3*x*y, y*z^4 + 3/2*y^3 - 5/2*y*z^2 - 7/2*y, x*y^3 + 1/3*x*y*z^2 - 2*y^2*z + 1/3*x*y, y^4 + y^2*z^2 - 5*y^2, x*y^2*z - y*z^2 - y, y^3*z + 1/3*y*z^3 - 8/3*x*y^2 + 1/3*y*z, x^2*y + 5/8*y^3 - 1/8*y*z^2 - 25/8*y]"
14,aababbAbABBAbb,2,2,"[x^2*y - y, y*z^2 - y, y^2]"
14,aababbAABaaBaB,2,2,"[x^2*z^3 - 2*x*y*z^2 - 2*x^2*z + 4*x*y, x*y*z^3 - x^2*z^2 - 2*x*y*z + 2*x^2, x*z^4 - 4*x*z^2 + 4*x, x^2*y^2 - 5/12*x^2*z^2 - 2/3*x^2, x*y^3 - 2/3*x*y*z^2 + 3/4*x^2*z - 5/3*x*y, x^2*y*z + 2*x*y^2 - 13/6*x*z^2 - 5/3*x, x*y^2*z - 1/3*x*z^3 + x^2*y - 7/3*x*z, x^3 + 2*x*y^2 - 7/6*x*z^2 - 11/3*x]"
14,aababAbaababAB,2,2,"[x^4*z - z^5 - 2*x^2*z + 4*z^3 - 3*z, x^2*z^3 + z^5 - 2*x^2*z - 5*z^3 + 6*z, y*z]"
14,aababAbaaBaBAB,2,2,"[x^9 - 2*x^5*z^4 + x*z^8 - 8*x^7 + 4*x^5*z^2 + 8*x^3*z^4 - 4*x*z^6 + 22*x^5 - 16*x^3*z^2 - 2*x*z^4 - 24*x^3 + 12*x*z^2 + 9*x, x^2*y*z^6 - x^3*z^5 - 1/2*x*y^2*z^5 - x*z^7 - 1/2*x^6*y - 1/2*x^4*y*z^2 - 5/2*x^2*y*z^4 + x^5*z + x^3*y^2*z + 7/2*x^3*z^3 + 1/2*x*y^2*z^3 + 11/2*x*z^5 + 5/2*x^4*y - 3/2*x^2*y^3 - 1/2*x^2*y*z^2 - 5*x^3*z + 4*x*y^2*z - 19/2*x*z^3 - 3*x^2*y + 6*x*z, x*y^2*z^6 - 3*x^2*y*z^5 + x^7 - 3*x^3*y^2*z^2 + x*z^6 + x^2*y^3*z + 11*x^2*y*z^3 - 5*x^5 + 3*x^3*y^2 - 4*x*y^2*z^2 - 4*x*z^4 - 6*x^2*y*z + 7*x^3 - x*y^2 + 4*x*z^2 - 3*x, x*y*z^7 + x^8 - 2*x^4*z^4 - x^2*z^6 - 3*x^5*y*z - x^3*y^3*z + 3*x^3*y*z^3 - x*y^3*z^3 - 2*x*y*z^5 - 5*x^6 + 2*x^4*y^2 + x^2*y^4 + 4*x^4*z^2 + 2*x^2*y^2*z^2 + 6*x^2*z^4 + 4*x^3*y*z - 3*x*y^3*z - 2*x*y*z^3 + 7*x^4 - 8*x^2*z^2 - 3*x*y*z - 3*x^2, x^7*y + x*y*z^6 - x^6*z - 1/2*x^4*y^2*z + 1/2*x^2*y^4*z - 2*x^4*z^3 - 3*x^2*y^2*z^3 - x^2*z^5 - 11/2*x^5*y - x^3*y^3 + 11/2*x^3*y*z^2 - 1/2*x*y^3*z^2 + 2*x*y*z^4 + 6*x^4*z + 5*x^2*y^2*z + 6*x^2*z^3 + 8*x^3*y + 1/2*x*y^3 - 29/2*x*y*z^2 - 9*x^2*z - 3/2*x*y, x^6*y*z - x^7 - x^5*z^2 - 3*x^3*y^2*z^2 + x*y^2*z^4 + x^2*y^3*z + x^2*y*z^3 + 5*x^5 - x^3*y^2 + 2*x^3*z^2 + x*y^2*z^2 - 3*x^2*y*z - 7*x^3 + 2*x*y^2 - x*z^2 + 3*x, x^2*y^5*z - 3*x^2*y*z^5 + x^3*y^2*z^2 - x*y^4*z^2 + 3*x^3*z^4 + 3*x*z^6 - x^4*y*z - 3*x^2*y^3*z + 8*x^2*y*z^3 - 2*x^3*y^2 + x*y^4 - 6*x^3*z^2 - 15*x*z^4 + 3*x^2*y*z - 2*x*y^2 + 18*x*z^2, x^5*y*z^2 - x^6*z - 3/2*x^4*y^2*z + 1/2*x^2*y^4*z - x^4*z^3 - x^2*y^2*z^3 + 1/2*x^5*y + 3/2*x^3*y*z^2 - 1/2*x*y^3*z^2 + x*y*z^4 + 4*x^4*z + x^2*y^2*z + x^2*z^3 - 2*x^3*y + 1/2*x*y^3 - 7/2*x*y*z^2 - 3*x^2*z + 3/2*x*y, x^4*y^2*z^2 - x^5*y*z - x^3*y*z^3 - x*y^3*z^3 - 2*x^4*y^2 + x^2*y^4 + 6*x^3*y*z - 3*x*y^3*z + 3*x*y*z^3 + 4*x^2*y^2 - 9*x*y*z, x^4*y*z^3 - x^5*z^2 - 2*x^3*y^2*z^2 - x^3*z^4 + x^4*y*z + x^2*y^3*z + x^2*y*z^3 + 4*x^3*z^2 - x*y^2*z^2 + x*z^4 - 3*x^2*y*z + x*y^2 - 3*x*z^2, x^3*y^2*z^3 - 1/2*x*y^2*z^5 - 1/2*x^6*y - 3/2*x^4*y*z^2 - 1/2*x^2*y*z^4 + x^5*z + 3/2*x^3*z^3 - 1/2*x*y^2*z^3 + 1/2*x*z^5 + 5/2*x^4*y - 1/2*x^2*y^3 + 5/2*x^2*y*z^2 - 5*x^3*z + x*y^2*z - 7/2*x*z^3 - 3*x^2*y + 6*x*z, x*y^4*z^3 - x*y^2*z^5 - x^6*y - x^2*y^5 - x^4*y*z^2 + 2*x^2*y*z^4 + 2*x^5*z + 3*x^3*y^2*z + 3*x*y^4*z + 2*x^3*z^3 - 5*x*y^2*z^3 + 4*x^4*y - 4*x^2*y^3 - 5*x^2*y*z^2 - 8*x^3*z + 8*x*y^2*z - 2*x*z^3 - 3*x^2*y + 6*x*z, x^3*y*z^4 + x^4*y^2*z - x^4*z^3 - 2*x^2*y^2*z^3 - x^2*z^5 - x^5*y - x^3*y^3 - 2*x^3*y*z^2 + 2*x*y*z^4 + 2*x^4*z + 4*x^2*y^2*z + 5*x^2*z^3 + 3*x^3*y - 6*x*y*z^2 - 6*x^2*z, x^2*y^2*z^4 - x^3*y*z^3 - x*y^3*z^3 - x*y*z^5 - x^4*y^2 + x^2*y^4 + 2*x^3*y*z - 3*x*y^3*z + 5*x*y*z^3 + 3*x^2*y^2 - 6*x*y*z, x*y^3*z^4 + x^4*y^2*z - 5*x^2*y^2*z^3 - 2*x^3*y^3 + 2*x^3*y*z^2 + 2*x*y^3*z^2 + 2*x*y*z^4 + 3*x^2*y^2*z + x*y^3 - 6*x*y*z^2, x^5*y^2 - 2*x^3*y^2*z^2 + x*y^2*z^4 - 2*x^3*y^2 + 2*x*y^2*z^2 + x*y^2, x^4*y^3 - x^2*y*z^4 - 4*x^3*y^2*z + x^3*z^3 + x*y^2*z^3 + x*z^5 + x^4*y - x^2*y^3 + 4*x^2*y*z^2 - 2*x^3*z + 3*x*y^2*z - 5*x*z^3 - 3*x^2*y + 6*x*z, x^3*y^4 - 4*x^2*y^3*z + 4*x*y^2*z^2, x^2*y^3*z^2 - x^2*y*z^4 - 2*x^3*y^2*z + x^3*z^3 - x*y^2*z^3 + x*z^5 + x^4*y + 4*x^2*y*z^2 - 2*x^3*z + x*y^2*z - 5*x*z^3 - 3*x^2*y + 6*x*z]"
14,aababAbaaBABaB,2,2,"[x*y^2 + x, x*z^2 - 3*x, x^2]"
14,aababAbaBABAAB,2,2,"[x^4*z - 2*x^2*z + z, y^4*z - 2*y^2*z^3 + z^5, x^3*z^2 - 2*x*z^2 + y*z, x^2*z^3 + y^2*z - 2*z^3, x*z^4 + y^3*z - 2*y*z^3, x*y*z - z^2]"
14,aababAbAbabaaB,2,2,"[y^4*z^3 - 8*y^4*z - 2*z^5 + 16*y^2*z + 8*z^3 - 8*z, y^3*z^4 - 2*x*z^5 - 8*y^3*z^2 + 2*y*z^4 + 8*x*y^2*z + 8*x*z^3 - 4*y*z^2 - 8*x*z, x*y*z^4 - y^2*z^3 - z^5 - 4*x*y*z^2 - 4*x^2*z + 8*y^2*z + 4*z^3, x^2*y^2*z - x*y*z^2 - 2*x^2*z + 2*z, x*y^3*z - x^2*z^2 - 1/2*y^2*z^2 - x*y*z + z^2, x*y^2*z^2 - 2*x^2*y*z - y*z^3 + 4*y*z, x^2*z^3 - 1/2*y^2*z^3 - x*y*z^2 - 4*x^2*z + 4*y^2*z - z^3 + 4*z, x^3*z - x*y^2*z + 1/2*y*z^2 - x*z]"
14,aababAbAABaBAB,2,2,"[x^2*y*z - x*z^2 + x, x^2*z^2 - x^2, x*z^3 - x^2*y - x*z, x^3]"
14,aababAbAABABaB,2,2,[x^2*y*z - x*z^2]
14,aababAAbaaBBaB,2,2,[x]
14,aababAAbAABBaB,2,2,"[x*y^2 + x, x^2]"
14,aababAABabaaBB,2,2,"[x*y^2 - 3/2*x, x*z^2 - 9/2*x, x^2]"
14,aababAABabAABB,2,2,"[x*z^3 + x^2*y - 2*x*z, x^3 - x, x*y^2 + x*z^2 - 2*x, x*y*z - x^2]"
14,aababAABaBBAAb,2,2,"[x^3 - x, x^2*y - x*z, x*y^2 - x*z^2, x^2*z - x*y]"
14,aababAABBaabaB,2,2,"[x^2*y^3 - 4*x^2*y + 2*x*z, x*y^4 - 4*x*y^2 + 4*x, x^3 - 1/2*x*y^2, x^2*z - x*y, x*y*z - 2*x^2, x*z^2 - 2*x]"
14,aababAABBAAbaB,2,2,[x]
14,aababABaabaBAB,2,2,"[x*y*z^6 + x^4*z^3 + x^2*z^5 - 5*x*y*z^4 - 2*x^4*z - 5*x^2*z^3 + 5*x*y*z^2 + 6*x^2*z + 3*x*y, x^2*y*z^4 - x^3*z^3 - x*z^5 - 2*x^2*y*z^2 + 2*x^3*z + 5*x*z^3 - x^2*y - 6*x*z, x^5 + 2*x^3*z^2 + x*z^4 - 6*x^3 - 6*x*z^2 + 9*x, x^3*y + x*y*z^2 - 3*x*y, x*y^2]"
14,aababABaabABaB,2,2,"[x*y^4 - 2*x*y^2 + 2*x, x*z^2 - 2*x, x^2]"
14,aababABAAbaBAB,2,2,"[x^5 - 2*x^3*y^2 + x*y^4, x*y^3*z + x^4 - 2*x^2*y^2 - x^2*z^2 + x^2, x*y^2*z^2 + x^3 - 2*x*y^2 - 2*x*z^2 + 2*x, x^2*z^3 - x*y*z^2 - x^2*z + x*y, x*y*z^3 - x^2*z^2 - x*y*z + x^2, x*z^4 - 2*x*z^2 + x, x^3*z - x*z^3 - x^2*y + x*z, x^2*y*z - x*y^2 - x*z^2 + x]"
14,aababABAAbABaB,2,2,[x]
14,aababABAABABab,2,2,"[x^3*z^2 - x^2*y*z - x*z^2 + y*z, x^2*y*z^2 - x*y^2*z - x*z^3 + y*z^2, x*y^2*z^2 - y^3*z - x*z^2 + y*z, x^2*z^3 - 2*x*y*z^2 + y^2*z, x*y*z^3 - x^2*z^2 - y^2*z^2 + x*y*z, x*z^4 - y*z^3 - x*z^2 + y*z]"
14,aabaBaabaBBAAb,2,2,"[x*y^2 + x*z^2 - 2*x, x^2]"
14,aabaBaabbaaBaB,2,2,"[x*y^2 - x, x*z^2 - x, x^2]"
14,aabaBaabbAABaB,2,2,"[x^2*y^2 - 1/2*x*y*z - 2*x^2, x*y^3 - x^2*z - 2*x*y, x^2*y*z - 2*x*y^2 + 4*x, x*y^2*z - 2*x*z, x^3 - x*y^2 + x, x*z^2]"
14,aabaBaaBaabbaB,2,2,"[x*y^6 - x*y^2*z^4 - 2*x^3*y^2 - 5*x*y^4 + 6*x^3*z^2 + 2*x*y^2*z^2 - x*z^4 + 6*x*y^2 - 2*x*z^2, x^3*y^3 - 4*x^3*y + 2*x^2*z, x^2*y^4 - 4*x^2*y^2 + 4*x^2, x*y^4*z + x*y^2*z^3 - x^2*y^3 - 6*x^3*z - 3*x*y^2*z + x*z^3 + 4*x^2*y, x^4 - 1/2*x^2*y^2 - 1/2*x^2*z^2 + x^2, x^2*y*z - 2*x^3]"
14,aabaBaaBaBBaaB,2,2,"[x^2*y^5 - x*y^4*z - y^5 + x^2*y*z^2 - x*z^3 - x^2*y - y*z^2 + x*z + y, x^3*y*z^3 - x^2*y^4 - x^2*z^4 + x*y^3*z - x*y*z^3 + x^2*y^2 + y^4 - x*y*z - y^2, x^2*y*z^4 - x*z^5 + x^2*y^3 - y*z^4 - x*y^2*z - x^2*y - y^3 + x*z + y, x^3*y^3 - x^3*y*z^2 - 2*x^2*y^2*z + x^2*z^3 - x^3*y - x*y^3 + 2*x*y*z^2 + x^2*z + y^2*z + x*y, x^4*y*z + x^2*y*z^3 - x^3*z^2 - x*z^4 - 2*x^2*y*z - y*z^3 + x*z^2 + y*z, x^3*y^2*z - x^2*y^3 - x^2*y*z^2 + x^2*y + y^3 - x*z - y, x^2*y^3*z - x^2*y*z^3 - x*y^2*z^2 + x*z^4 - y^3*z + y*z^3, x^2*y^2*z^2 + x^3*y*z - x*y*z^3 - x^2*z^2 - y^2*z^2 - x*y*z]"
14,aabaBaaBAAbbaB,2,2,"[x*y^4 + x*y^2*z^2 - 5*x*y^2 - x*z^2 + 2*x, x^2]"
14,aabaBabaaBabaB,2,2,[x^2*y*z - x*y^2 - x*z^2 + 2*x]
14,aabaBabaaBAbAB,2,2,"[x*y^8 - 2*x*y^6*z^2 - 3*x*y^4*z^4 + 4*x*y^2*z^6 + 4*x*z^8 - 6*x*y^6 + 18*x*y^4*z^2 - 24*x*z^6 + 9*x*y^4 - 36*x*y^2*z^2 + 36*x*z^4, x^2*z^7 + 1/4*x*y^7 - 1/2*x*y^5*z^2 - 3/4*x*y^3*z^4 - 4*x^2*z^5 - x^3*y^3 - 3/2*x*y^5 - 26*x^3*y*z^2 + 9/2*x*y^3*z^2 + 3*x*y*z^4 + 28*x^4*z + 28*x^2*y^2*z + 31*x^2*z^3 - 14*x^3*y + 9/4*x*y^3 - 9*x*y*z^2 - 84*x^2*z, x^2*y^6 + 4*x^2*z^6 - 3*x*y^5*z - 3*x*y^3*z^3 - 6*x^2*y^4 + 48*x^4*z^2 - 60*x^2*y^2*z^2 - 12*x^2*z^4 - 72*x^3*y*z + 81*x*y^3*z + 72*x*y*z^3 + 72*x^2*y^2 - 216*x*y*z, x^3*z^5 + 1/4*x^2*y^5 - 3/4*x*y^4*z - x^3*z^3 - 7/4*x*y^2*z^3 - x*z^5 - 8*x^4*y - 3/2*x^2*y^3 - 34*x^2*y*z^2 + 24*x^3*z + 153/4*x*y^2*z + 39*x*z^3 + 36*x^2*y - 108*x*z, x^3*y^4 + 4*x^3*z^4 - 64/3*x^2*y*z^3 - 16/9*x^5 - 8*x^3*y^2 - 4*x*y^4 + 40/3*x*y^2*z^2 + 52/3*x*z^4 + 64/3*x^2*y*z + 16*x^3 + 24*x*y^2 - 40*x*z^2 - 36*x, x^4*z^3 + 1/4*x^3*y^3 - 4*x^3*y*z^2 + 2*x^4*z + 2*x^2*y^2*z + 2*x^2*z^3 - x^3*y - 6*x^2*z, x^3*y*z^3 - 5/2*x^2*y^2*z^2 - x^2*z^4 - x^3*y*z + 3/2*x*y^3*z + 3/2*x*y*z^3 + 3/2*x^2*y^2 + 3*x^2*z^2 - 9/2*x*y*z, x^2*y^2*z^3 - 8*x^3*y*z^2 - x*y^3*z^2 - x*y*z^4 + 8*x^4*z + 7*x^2*y^2*z + 8*x^2*z^3 - 4*x^3*y + 3*x*y*z^2 - 24*x^2*z, x^2*y*z^4 - x*y^2*z^3 - x*z^5 - 2*x^4*y - 10*x^2*y*z^2 + 6*x^3*z + 9*x*y^2*z + 12*x*z^3 + 9*x^2*y - 27*x*z, x^6 - 9/8*x^2*y^2*z^2 + 27/4*x^3*y*z + 9/8*x*y^3*z + 9/8*x*y*z^3 - 9*x^4 - 45/8*x^2*y^2 - 27/4*x^2*z^2 - 27/8*x*y*z + 81/4*x^2, x^5*y - 3/2*x^3*y*z^2 + 3*x^4*z + 3/2*x^2*y^2*z + 3/2*x^2*z^3 - 15/2*x^3*y - 9/2*x^2*z, x^4*y^2 + 4*x^4*z^2 - 3/2*x^2*y^2*z^2 - 9*x^3*y*z + 3/2*x*y^3*z + 3/2*x*y*z^3 + 3/2*x^2*y^2 - 9/2*x*y*z, x^5*z - 3/4*x^4*y - 9/8*x^2*y*z^2 - 9/4*x^3*z + 9/8*x*y^2*z + 9/8*x*z^3 + 9/8*x^2*y - 27/8*x*z, x^4*y*z - 1/2*x^2*y*z^3 - x^3*y^2 - x^3*z^2 + 1/2*x*y^2*z^2 + 1/2*x*z^4 + 1/2*x^2*y*z - 3/2*x*z^2, x^3*y^2*z - x^4*y - x^2*y^3 - 7/2*x^2*y*z^2 + x^3*z + 5/2*x*y^2*z + 5/2*x*z^3 + 11/2*x^2*y - 15/2*x*z, x^2*y^3*z - 4/3*x^2*y*z^3 - 4/9*x^5 - x^3*y^2 - x*y^4 + 1/3*x*y^2*z^2 + 4/3*x*z^4 - 2/3*x^2*y*z + 4*x^3 + 6*x*y^2 - x*z^2 - 9*x]"
14,aabaBabAABabaB,2,2,[x]
14,aabaBabAABAbAB,2,2,"[x^2*y^3*z - x*y^4 - x*y^2*z^2 - x^2*y*z + 2*x*y^2 + x*z^2 - x, x^2*y*z^2 - x*y^2*z - x*z^3 + x*z]"
14,aabaBaBaabAbAB,2,2,"[x*y^8 + x^5*z^4 - 4*x*y^6 - 6*x^5*z^2 + 2*x*y^4*z^2 - 2*x^3*z^4 + 2*x*y^2*z^4 - 2*x^2*y^3*z - 18*x^2*y*z^3 + 15*x^5 + 6*x^3*y^2 - 5*x*y^4 + 24*x^3*z^2 + 8*x*y^2*z^2 + 17*x*z^4 + 26*x^2*y*z - 64*x^3 + 8*x*y^2 - 70*x*z^2 + 57*x, x^2*y^6 - x^2*y^2*z^4 - x*y^5*z + 1/2*x^3*y*z^3 + x*y^3*z^3 + x*y*z^5 - 1/2*x^4*y^2 - 9/2*x^2*y^4 - 1/2*x^4*z^2 + 3/2*x^2*y^2*z^2 + 1/2*x^2*z^4 - 2*x^3*y*z + 5/2*x*y^3*z - 3*x*y*z^3 + 2*x^4 + 15/2*x^2*y^2 + 1/2*x^2*z^2 - 6*x^2, x^3*y*z^4 - x^4*z^3 - 3*x^2*y^2*z^3 - x^2*z^5 + 2*x^5*y + x^3*y^3 - x*y^5 + x^3*y*z^2 + 2*x*y^3*z^2 + 2*x*y*z^4 + 3*x^2*y^2*z + 3*x^2*z^3 - 9*x^3*y - 9*x*y*z^2 + 9*x*y, x^2*y*z^5 - x*y^6 + x^5*z^2 - x^3*z^4 - x*y^2*z^4 - x*z^6 + 2*x^2*y*z^3 - 4*x^5 - x^3*y^2 + 7*x*y^4 - 2*x^3*z^2 - 2*x*y^2*z^2 - 5*x^2*y*z + 15*x^3 - 10*x*y^2 + 12*x*z^2 - 9*x, x^5*y^2 + 2*x^2*y^3*z - 4*x^3*y^2 - 2*x*y^4 - x^3*z^2 - 2*x*y^2*z^2 - 2*x^2*y*z + 2*x^3 + 9*x*y^2 + 2*x*z^2 - 6*x, x^4*y^3 + x^2*y^5 - x^2*y*z^4 - x^5*z - 5*x^3*y^2*z - x*y^4*z + x^3*z^3 + x*y^2*z^3 + x*z^5 - 3*x^2*y^3 + 5*x^2*y*z^2 + 3*x^3*z + 4*x*y^2*z - 3*x*z^3, x^3*y^4 - x^2*y^3*z - x^2*y*z^3 - 2*x^3*y^2 - x*y^4 + x^3*z^2 + x*y^2*z^2 + x*z^4 + 3*x^2*y*z - x^3 + x*y^2 - 4*x*z^2 + 3*x, x^3*y^3*z - 1/2*x^3*y*z^3 - 1/2*x^4*y^2 - 1/2*x^2*y^4 + 1/2*x^4*z^2 - 1/2*x^2*y^2*z^2 + 1/2*x^2*z^4 - 1/2*x*y^3*z + 3/2*x^2*y^2 - 3/2*x^2*z^2, x^2*y^4*z + x^5*y - x*y^5 + x^3*y*z^2 - x*y^3*z^2 - x^4*z - 2*x^2*y^2*z - x^2*z^3 - 3*x^3*y + 3*x*y^3 + 3*x^2*z, x^3*y^2*z^2 - 2*x^2*y*z^3 + x^5 - x*y^4 + x*z^4 + 2*x^2*y*z - 4*x^3 + 2*x*y^2 - 4*x*z^2 + 3*x, x^2*y^3*z^2 + x^5*z + 2*x^3*y^2*z - x*y^4*z - x*y^2*z^3 - x^4*y - x^2*y^3 - 3*x^2*y*z^2 - 3*x^3*z + 2*x*y^2*z + 3*x^2*y, x^6 + x^4*y^2 + x^2*y^2*z^2 - x*y^3*z - x*y*z^3 - 5*x^4 - 2*x^2*y^2 - 2*x^2*z^2 + 3*x*y*z + 6*x^2, x^4*y*z + x^2*y^3*z - x^3*y^2 - x*y^4 - x^3*z^2 - x*y^2*z^2 - 2*x^2*y*z + x^3 + 4*x*y^2 + x*z^2 - 3*x]"
14,aabaBaBAAbabaB,2,2,"[x*y^2 - x, x*z^2 - x, x^2]"
14,aabaBaBAAbAbAB,2,2,"[x^2*y*z - x*z^2 + x, x*y*z^2 - x*y, x*z^3 - x^2*y - x*z, x*y^2]"
14,aabaBaBAABAbAb,2,2,[x^2*y*z - x*y^2 - x*z^2 + y*z + x]
14,aabaBAbaaBabAB,2,2,"[x^2*y*z^6 + x^3*y^4*z - x^3*z^5 - x*y^2*z^5 - x*z^7 - x^4*y^3 - x^2*y^5 - x^2*y^3*z^2 - 3*x^2*y*z^4 - x^3*y^2*z + 3*x^3*z^3 + 3*x*y^2*z^3 + 6*x*z^5 + x^4*y + 4*x^2*y^3 + 3*x^2*y*z^2 - 2*x^3*z - 2*x*y^2*z - 11*x*z^3 - 3*x^2*y + 6*x*z, x^4*y^3*z + x^2*y*z^5 - x^5*y^2 - x^3*y^4 - x^3*z^4 - x*y^2*z^4 - x*z^6 - 3*x^4*y*z - 3*x^2*y^3*z - 5*x^2*y*z^3 + 2*x^5 + 7*x^3*y^2 + 2*x*y^4 + 6*x^3*z^2 + 6*x*y^2*z^2 + 7*x*z^4 + 9*x^2*y*z - 12*x^3 - 12*x*y^2 - 18*x*z^2 + 18*x, x^3*y*z^4 + x^4*y^2*z - x^4*z^3 - 2*x^2*y^2*z^3 - x^2*z^5 - x^5*y - x^3*y^3 - 2*x^3*y*z^2 + x*y^3*z^2 + x*y*z^4 + 2*x^4*z + 2*x^2*y^2*z + 5*x^2*z^3 + 3*x^3*y - 3*x*y*z^2 - 6*x^2*z, x^5*y*z + x^3*y*z^3 - x^6 - x^4*y^2 - 2*x^4*z^2 - 2*x^2*y^2*z^2 - x^2*z^4 - 2*x^3*y*z + x*y^3*z + x*y*z^3 + 6*x^4 + 3*x^2*y^2 + 6*x^2*z^2 - 3*x*y*z - 9*x^2, x^4*y*z^2 - x^5*z - 2*x^3*y^2*z - x^3*z^3 + x^4*y + x^2*y^3 + 4*x^3*z + x*y^2*z + x*z^3 - 3*x^2*y - 3*x*z, x^3*y^2*z^2 - 2*x^4*y*z - 2*x^2*y^3*z - 2*x^2*y*z^3 + x^5 + 2*x^3*y^2 + x*y^4 + 2*x^3*z^2 + 2*x*y^2*z^2 + x*z^4 + 6*x^2*y*z - 6*x^3 - 6*x*y^2 - 6*x*z^2 + 9*x]"
14,aabaBAbaaBAbaB,2,2,[x]
14,aabaBAbAABabAB,2,2,"[x^2*z^4 + x*y^3*z + x*y*z^3 - 2*x^2*z^2 - x*y*z + x^2, x*y^4 + 2*x*y^2*z^2 + x*z^4 - 2*x*y^2 - 2*x*z^2 + x, x^2*y*z^2 - x*y^2*z - x*z^3 - x^2*y + x*z, x^2*y^2 + x^2*z^2 - x^2, x^3]"
14,aabaBAbAABAbaB,2,2,[x^2*y*z - x*y^2 - x*z^2]
14,aabaBAAbabaaBB,2,2,"[x*y^2 - 3*x, x*z^2 - 3*x, x^2]"
14,aabaBAAbabAABB,2,2,[x]
14,aabaBAAbaBBAAb,2,2,[x]
14,aabaBAAbbaaBaB,2,2,[x]
14,aabaBAAbbAABaB,2,2,[x]
14,aabaBAABaabbaB,2,2,[x]
14,aabaBABaabAbaB,2,2,[x]
14,aabaBBaabAAbaB,2,2,[x]
14,aabaBBAbAbbAbb,2,2,"[x^4*y - x^2*y + 89/12*y^3 + 4*y*z^2 - 22*y, x^2*y^3 - 3*x^2*y - 6*y^3 - 3*y*z^2 + 18*y, y*z^4 - 8/3*y^3 - 7*y*z^2 + 8*y, y^4 - 3*y^2, x^2*y*z + y*z^3 - 6*y*z, y^2*z]"
14,aabaBBAbAbbABB,2,2,"[y^3 - y, y*z]"
14,aabaBBAbABBAbb,2,2,[y]
14,aabaBBAAbAAbaB,2,2,[x]
14,aabbaabAABaaBB,2,2,"[x*y*z^4 - 4*x*y*z^2 + 2*x^2*z, x*z^5 - 4*x*z^3 + 4*x*z, x*y^4 - 2*x*y^2 + x, x^2*y*z - x*z^2, x*y^2*z - 1/2*x*z^3, x^2*z^2 - 2*x*y*z, x^3 - 2*x]"
14,aabbaabAABBaaB,2,2,"[x*y^4 - 2*x*y^2 + x, x*z^3 + 1/2*x^2*y - 2*x*z, x^3 + 2*x*z^2 - 4*x, x^2*z - x*y]"
14,aabbaabAABBAAB,2,2,"[x^2*y^3*z - x^3*y^2 - x*y^4 - x^2*y*z + x^3 + 3*x*y^2 - 2*x, x^3*y*z - x^4 - x^2*y^2 + 2*x^2]"
14,aabbaaBaabAABB,2,2,"[x*y^3*z^5 + x^4*y^4 - 2*x^2*z^6 + 2*x*y^5*z - 5*x*y^3*z^3 + 3*x*y*z^5 - 2*x^4*y^2 - 5*x^2*y^4 + x^2*y^2*z^2 + x^2*z^4 + 2*x*y^3*z - 2*x*y*z^3 + 8*x^2*y^2 + 2*x^2*z^2 - 4*x*y*z, x^5*y^3 + x*y^3*z^4 - 2*x^2*z^5 - x^5*y - 4*x^3*y^3 + 2*x*y^5 - 4*x*y^3*z^2 + 3*x*y*z^4 + 2*x^2*y^2*z - x^2*z^3 + 4*x^3*y - 2*x*y^3 + x*y*z^2 - x*y, x^2*y*z^5 + 1/2*x^5*y^2 - 1/2*x*y^2*z^4 - 3/2*x^2*y*z^3 + 2*x^5 - x^3*y^2 + x*y^4 + 1/2*x*y^2*z^2 + 1/2*x*z^4 - 4*x^2*y*z - 8*x^3 + 5/2*x*y^2 + x*z^2 + 2*x, x^2*y^2*z^3 + x^5*y - x*y^3*z^2 - 2*x^2*y^2*z + x^2*z^3 - 4*x^3*y + 3*x*y^3 - x*y*z^2 + x*y, x^6 + x^2*y^2*z^2 - 2*x^3*y*z - x*y^3*z - 4*x^4 + 3*x^2*y^2 + x^2*z^2 - x*y*z + x^2, x^5*z - x^3*y^2*z + x^2*y^3 + 2*x^2*y*z^2 - 4*x^3*z - x*y^2*z + x*z, x^4*y*z - x^5 - x^3*y^2 - 2*x^2*y*z + 4*x^3 + x*y^2 - x, x^2*y^3*z - 2*x^2*y*z^3 - 2*x^5 - x^3*y^2 - x*y^4 + x*y^2*z^2 + 4*x^2*y*z + 8*x^3 - 2*x*y^2 - x*z^2 - 2*x, x^3*z^2 - 2*x^2*y*z + x*y^2]"
14,aabbaaBaaBBAAb,2,2,"[x^5 - 3*x^2*y*z - 3*x^3 + 2*x*z^2 + x, x^4*y - x^3*z - 3*x^2*y + 2*x*z, x^4*z + 2*x*y*z^2 - 5*x^2*z + x*y, x^3*y*z - x^4 - 2*x*y*z + 3*x^2, x^3*z^2 - 2*x^2*y*z + x, x^2*y*z^2 - 2/5*x^3*z - 2/5*x*z^3 + 1/5*x^2*y - 1/5*x*z, x^2*z^3 - 1/2*x^3*y - 2*x*y*z^2 + 1/2*x^2*z + 3/2*x*y, x*y*z^3 + x^4 - 5/2*x^2*z^2 + 5/2*x*y*z - 7/2*x^2, x*z^4 + 11/4*x^2*y*z - 5/4*x^3 - 9/2*x*z^2 + 11/4*x, x*y^2 - x]"
14,aabbaaBabaaBaB,2,2,[x]
14,aabbaaBabAABaB,2,2,"[x*y^2 - 3/2*x, x*z^2 - 9/2*x, x^2]"
14,aabbaaBaBAAbaB,2,2,"[x*y^2 - 3*x, x*z^2 - 3*x, x^2]"
14,aabbaaBAbaaBAB,2,2,[x]
14,aabbaaBAbAABAB,2,2,[x]
14,aabbaaBAAbaaBB,2,2,"[x^2*y*z - x*z^2 - 3/2*x, x^2*z^2 - 2*x*y*z + 3/2*x^2, x*y*z^2 - 3*x^2*z + 3/2*x*y, x*z^3 + 3/2*x^2*y - 9/2*x*z, x^3 - 2*x, x*y^2 - 3*x]"
14,aabbaaBAAbAABB,2,2,"[x^7 - 2*x^5*z^2 + x^3*z^4 + 2*x^2*y*z^3 - 3*x^5 + x^3*z^2 + 3*x^3 + x*z^2 - x, x^3*y*z^3 + 1/2*x^6 - 3/2*x^4*z^2 - x^3*y*z - x^4 + 2*x^2*z^2 + x*y*z + 1/2*x^2, x^5*y + x^3*y*z^2 - 2*x^4*z - 2*x^3*y + 2*x^2*z + x*y, x^4*y*z - 1/2*x^5 - 1/2*x^3*z^2 - x^2*y*z + x^3 - 1/2*x, x*y^2 - x]"
14,aabbaaBABaabAB,2,2,"[x*y^2 - x, x*z^2 - x, x^2]"
14,aabbaaBBaabAAB,2,2,"[x^2*y*z - 8/5*x*z^2 - 3/5*x, x^2*z^2 - 5*x*y*z + 6*x^2, x*y*z^2 - 15/8*x^2*z + 3/8*x*y, x*z^3 + 15/4*x^2*y - 9*x*z, x^3 - 4/5*x*z^2 - 4/5*x, x*y^2 - 3*x]"
14,aabbaaBBaaBAAb,2,2,"[x^5 - 4*x^3 + 4*x, x*z^4 + 2*x^2*y*z - 4*x*z^2, x^3*z + x*z^3 - 4*x*z, x^2*z^2 - 2*x*y*z, x*y^2 - x]"
14,aabbaaBBAAbaaB,2,2,"[x*y^2*z^3 + x^2*y^3 - 4*x*y^2*z + x*z^3, x^5 - 4*x^3 + x*y^2 + x, x^4*y + x*y^2*z - 4*x^2*y + x*z, x^3*y^2 + x*y^2*z^2 - 4*x*y^2 + x*z^2, x^2*z - x*y]"
14,aabbaaBBAAbAAB,2,2,"[x^5 - x^3*z^2 - x^2*y*z - x^3, x^4*y - x^3*z - x^2*y, x^3*y*z - x^4 + x^2, x*y^2 - x]"
14,aabbaBAAbaBaaB,2,2,"[x*y^2 - 2/3*x, x*z^2 - 16/3*x, x^2]"
14,aabbaBAAbaBAAB,2,2,"[x^3 + x*y^2 - 2*x, x*z]"
14,aabbaBBaabbABB,2,2,"[x*y^8 - 3*x*y^4*z^4 - 2*x*y^2*z^6 - 2*x^2*y*z^5 - 8*x*y^6 + 6*x*y^4*z^2 + 14*x*y^2*z^4 + 4*x^2*y^3*z + 8*x^2*y*z^3 + 20*x*y^4 - 24*x*y^2*z^2 - 4*x*z^4 - 14*x^2*y*z - 16*x*y^2 + 12*x*z^2 + 4*x, x*y^6*z + 2*x*y^4*z^3 + x*y^2*z^5 + x^2*y*z^4 - 7*x*y^4*z - 7*x*y^2*z^3 - 2*x^2*y^3 - 4*x^2*y*z^2 + 14*x*y^2*z + 2*x*z^3 + 7*x^2*y - 6*x*z, x^2*y^2*z^4 + x*y^5*z + x*y^3*z^3 - 4*x^2*y^2*z^2 - 4*x*y^3*z + x^2*y^2 + 2*x^2*z^2 + 2*x*y*z - 2*x^2, x^2*y^3*z^2 - x*y^4*z - x*y^2*z^3 - x^2*y^3 - x^2*y*z^2 + 4*x*y^2*z + 3*x^2*y - 2*x*z, x^2*y^4 + x^2*y^2*z^2 - 4*x^2*y^2 + 2*x^2, x^3]"
14,aabbaBBAbbAABB,2,2,"[x^4*y - 4*x^2*y + y, y^2]"
14,aabbaBBAAbbABB,2,2,"[x^7*y - 4*x^5*y*z^2 + 4*x^3*y*z^4 - 3*x^5*y + 12*x^3*y*z^2 - 12*x*y*z^4, x*y^2*z^5 + 1/4*x^6*y - x^4*y*z^2 - 3*x*y^2*z^3 + 3*x^2*y*z^2 + 9/4*x*y^2*z - 9/4*x^2*y, x^5*y^2 + 4*x*y^2*z^4 - 4*x^4*y*z - 12*x*y^2*z^2 + 12*x^2*y*z, x^4*y^3 + 4*x*y^2*z^3 - 4*x^4*y - 12*x*y^2*z + 12*x^2*y, x^2*y^2*z^3 + 3/4*x^3*y^3 - x^3*y*z^2 - 3*x^2*y^2*z + 3*x*y*z^2, x^2*y^4 + 4/3*x^2*y^2*z^2 - 4/3*x^3*y*z - 4*x^2*y^2 + 4*x*y*z, x*y^5 + 4/3*x^2*y^2*z - 4/3*x^3*y - 4*x*y^3 + 4*x*y, x^3*y^2*z - x^4*y - 3*x*y^2*z + 3*x^2*y, x*y^3*z - x^2*y^2]"
14,aabbAbaaBABaaB,2,2,"[x*y^2 - x, x*z^2 - x, x^2]"
14,aabbAbabbAbABB,2,2,"[y^5 - 2*y^3 + y, x^2*y - 2*y, y*z]"
14,aabbAbaBBAbABB,2,2,[y]
14,aabbAbbaaBBaBB,2,2,"[x^9 + 4*x*y^4*z^4 - 4*x^4*y*z^3 - 8*x^7 - 20*x^5*y^2 - 44/3*x^3*y^4 - 16*x*y^6 + 4*x^5*z^2 + 152/3*x^3*y^2*z^2 - 16*x*y^2*z^4 + 104/3*x^4*y*z + 20/3*x^2*y^3*z - 80/3*x^2*y*z^3 - 52/3*x^5 + 124/3*x^3*y^2 + 16*x*y^4 - 268/3*x^3*z^2 - 8*x*y^2*z^2 - 584/3*x^2*y*z + 892/3*x^3 + 240*x*y^2 + 256*x*z^2 - 640*x, x*y^8 - x^3*y^4 - 8*x*y^6 + 1/4*x^5 + 4*x^3*y^2 + 24*x*y^4 - 4*x^3 - 32*x*y^2 + 16*x, x*y^7*z + 5/2*x^4*y^2*z^2 - x^2*y^4*z^2 - 2*x^5*y*z - 2*x^3*y^3*z - 7*x*y^5*z - 5/2*x^3*y*z^3 + x*y^3*z^3 - 1/4*x^6 - x^4*y^2 - 1/2*x^4*z^2 - 2*x^2*y^2*z^2 + 14*x^3*y*z + 18*x*y^3*z + 4*x*y*z^3 + 2*x^4 + x^2*y^2 - 4*x^2*z^2 - 22*x*y*z - 2*x^2, x^3*y^4*z^2 - 7/4*x^5*y^2 - 8/3*x^3*y^4 - 3*x*y^6 - 7/3*x^3*y^2*z^2 - x*y^2*z^4 + 7/6*x^4*y*z - 4/3*x^2*y^3*z + 1/3*x^2*y*z^3 + 2/3*x^5 + 46/3*x^3*y^2 + 18*x*y^4 - 1/12*x^3*z^2 + 4*x*y^2*z^2 - 17/3*x^2*y*z - 17/3*x^3 - 35*x*y^2 + 4*x*z^2 + 12*x, x*y^6*z^2 + 1/4*x^7 - 1/2*x^5*y^2 - 4/3*x^3*y^4 - 2*x*y^6 + 1/3*x^3*y^2*z^2 - 6*x*y^4*z^2 + 4/3*x^4*y*z + 1/3*x^2*y^3*z - 4/3*x^2*y*z^3 - 8/3*x^5 + 17/3*x^3*y^2 + 12*x*y^4 - 1/6*x^3*z^2 + 14*x*y^2*z^2 - 22/3*x^2*y*z + 20/3*x^3 - 22*x*y^2 - 4*x*z^2 + 4*x, x^4*y^2*z^3 + 17*x^3*y^3*z^2 - x^3*y*z^4 - x^6*z - 21*x^4*y^2*z - 94/3*x^2*y^4*z - x^4*z^3 - 107/3*x^2*y^2*z^3 + 4*x^5*y + 16*x^3*y^3 + 12*x*y^5 + 28/3*x^3*y*z^2 + 94/3*x*y^3*z^2 + 56/3*x*y*z^4 + 46/3*x^4*z + 326/3*x^2*y^2*z + 40/3*x^2*z^3 - 44*x^3*y - 76*x*y^3 - 280/3*x*y*z^2 - 142/3*x^2*z + 116*x*y, x*y^5*z^3 + 1/4*x^8 + 3/2*x^4*y^2*z^2 - 3*x^2*y^4*z^2 + x^3*y^3*z - 5/2*x^3*y*z^3 - 2*x*y^3*z^3 - 7/2*x^6 - 3*x^4*y^2 - 2*x^2*y^4 - 1/2*x^4*z^2 + 7*x^2*y^2*z^2 + 4*x*y*z^3 + 16*x^4 + 12*x^2*y^2 - 4*x^2*z^2 - 4*x*y*z - 22*x^2, x^3*y^2*z^4 - 7/8*x^4*y*z^3 - x^2*y*z^5 - 13/8*x^3*y^4 - 2*x*y^6 - 1/8*x^5*z^2 - 5*x^3*y^2*z^2 - 1/8*x^3*z^4 + 11/4*x^4*y*z + 47/8*x^2*y^3*z + 8*x^2*y*z^3 + 1/2*x^5 + 45/8*x^3*y^2 + 27/2*x*y^4 + 5/4*x^3*z^2 - 17/4*x*y^2*z^2 - 3*x*z^4 - 65/4*x^2*y*z - 47/8*x^3 - 27*x*y^2 + 12*x*z^2 + 31/2*x, x^7*y - 4*x*y^7 + 4*x^3*y^3*z^2 + 4*x*y^5*z^2 - x^6*z - 8*x^2*y^4*z - 4*x^2*y^2*z^3 - 13*x^5*y - 4*x^3*y^3 + 20*x*y^5 - 8*x^3*y*z^2 - 12*x*y^3*z^2 + 13*x^4*z + 20*x^2*y^2*z + 48*x^3*y - 24*x*y^3 + 32*x*y*z^2 - 48*x^2*z - 24*x*y, x^6*y^2 - 4*x^4*y^2*z^2 - 4*x^2*y^4*z^2 + 2*x^5*y*z + 8*x^3*y^3*z + 4*x*y^5*z + 4*x^3*y*z^3 + 4*x*y^3*z^3 - 4*x^4*y^2 + 4/3*x^2*y^4 + x^4*z^2 + 20/3*x^2*y^2*z^2 - 52/3*x^3*y*z - 64/3*x*y^3*z - 32/3*x*y*z^3 - 4/3*x^4 - 8/3*x^2*y^2 + 8/3*x^2*z^2 + 88/3*x*y*z + 16/3*x^2, x^5*y^3 - 2*x^3*y^3*z^2 - 2*x^4*y^2*z + 2*x^2*y^2*z^3 + x^5*y + 4*x*y^5 + 3*x^3*y*z^2 + x^4*z + 8*x^2*y^2*z - 12*x^3*y - 20*x*y^3 - 8*x*y*z^2 - 4*x^2*z + 32*x*y, x^4*y^4 + 5*x^4*y^2*z^2 - 4*x^5*y*z - 7*x^3*y^3*z - 5*x^3*y*z^3 - x^6 - 5*x^4*y^2 - 4*x^2*y^4 - x^4*z^2 - 2*x^2*y^2*z^2 + 26*x^3*y*z + 4*x*y^3*z + 8*x*y*z^3 + 11*x^4 + 20*x^2*y^2 - 8*x^2*z^2 - 16*x*y*z - 28*x^2, x^6*y*z - x^7 + 2*x^5*y^2 - x^5*z^2 - 8*x^3*y^2*z^2 - 11*x^4*y*z + 8*x^2*y*z^3 + 15*x^5 + 8*x^3*y^2 + 16*x*y^4 + 17*x^3*z^2 + 32*x^2*y*z - 80*x^3 - 84*x*y^2 - 40*x*z^2 + 144*x, x^5*y^2*z + 10/3*x^3*y^4*z + 8/3*x^3*y^2*z^3 - x^6*y - 4*x^4*y^3 - 10/3*x^4*y*z^2 - 46/3*x^2*y^3*z^2 - 8/3*x^2*y*z^4 - 1/3*x^5*z + 10/3*x^3*y^2*z - 1/3*x^3*z^3 + 12*x*y^2*z^3 + 8*x^4*y + 4*x^2*y^3 + 52/3*x^2*y*z^2 - 2/3*x^3*z - 4*x*y^2*z - 8*x*z^3 - 8*x^2*y - 8*x*z, x^4*y^3*z - x^5*y^2 - x^3*y^4 - x^3*y^2*z^2 - x^2*y^3*z + 5*x^3*y^2 + 2*x*y^2*z^2 - 2*x^2*y*z + x^3 - 4*x, x^5*y*z^2 + 22*x^3*y^3*z^2 - x^6*z - 25*x^4*y^2*z - 116/3*x^2*y^4*z - x^4*z^3 - 130/3*x^2*y^2*z^3 + 5*x^5*y + 20*x^3*y^3 + 16*x*y^5 + 17/3*x^3*y*z^2 + 116/3*x*y^3*z^2 + 64/3*x*y*z^4 + 50/3*x^4*z + 400/3*x^2*y^2*z + 56/3*x^2*z^3 - 56*x^3*y - 100*x*y^3 - 344/3*x*y*z^2 - 164/3*x^2*z + 152*x*y, x^2*y^3*z^3 - 1/4*x^5*y^2 - 2/3*x^3*y^4 - x*y^6 - 4/3*x^3*y^2*z^2 - x*y^2*z^4 + 2/3*x^4*y*z + 2/3*x^2*y^3*z + 1/3*x^2*y*z^3 + 1/6*x^5 + 10/3*x^3*y^2 + 6*x*y^4 - 1/12*x^3*z^2 - 11/3*x^2*y*z - 5/3*x^3 - 11*x*y^2 + 4*x*z^2 + 4*x, x^2*y^5 - x^2*y^3*z^2 + 2*x^3*y^2*z - x*y^4*z + x*y^2*z^3 - x^4*y - 5*x^2*y^3 - x^2*y*z^2 + 4*x*y^2*z + 7*x^2*y - 6*x*z]"
14,aabbAbbAbabbAb,2,2,"[x^2*y - 2*y, x*y^2 - y*z, y^3 - 1/2*y*z^2, x*y*z - 2*y^2]"
14,aabbAbbAbaBBAb,2,2,"[x^2*y + 2*y, y*z^2 - 8*y, y^2]"
14,aabbAbbAbABBab,2,2,"[y^5 - 6*y^3 - 9/8*y*z^2 + 9*y, x*y*z^3 + 2*y^4 - 8*x*y*z - 6*y^2, y*z^4 - 8*y*z^2, x*y^3 + 3/8*x*y*z^2 - 2/3*y^2*z - 3*x*y, x*y^2*z - 3/4*y^3 - 9/32*y*z^2 + 9/4*y, y^3*z + 3/8*y*z^3 - 3*y*z, y^2*z^2, x^2*y - 1/8*y^3 + 17/64*y*z^2 - 1/8*y]"
14,aabbAbbAAbbaBB,2,2,[y]
14,aabbAbbAABBaBB,2,2,"[x^3*y^5 - 2*x^2*y^4*z - 2*x^3*y^3 + x*y^3*z^2 + 2*x^2*y^2*z + x^3*y, x^2*y^6 - x^2*y^4*z^2 - x^3*y^3*z - x*y^5*z + x*y^3*z^3 - 2*x^2*y^4 + 2*x^2*y^2*z^2 + x^3*y*z + x*y^3*z + x^2*y^2, x^3*y^4*z - x^2*y^5 - x^2*y^3*z^2 - x^3*y^2*z + x*y^4*z + 2*x^2*y^3 - x*y^2*z - x^2*y, x^4*y^3 - x^3*y^2*z - x^4*y - x^2*y^3 + x*y^2*z + x^2*y]"
14,aabbAbbABabbAB,2,2,[y]
14,aabbAbbABaBBAB,2,2,[y]
14,aabbAbbABAbbaB,2,2,[y]
14,aabbAbAABABaaB,2,2,[x]
14,aabbAbABBabABB,2,2,"[y^5 - 2*y^3 + y, x^2*y - y, y*z]"
14,aabbAAbaabbAAB,2,2,"[x^4*y + x^2*y*z^2 - 2*x*y^2*z - 4*x^2*y - 1/2*y^3 + 2*y, x*y^3*z - 4/3*y^2*z^2 + 4/3*y^2, x*y^2*z^2 - 3/2*y^3*z - x*y^2, y^3*z^2 - y^3, y^2*z^3 - 3/4*x*y^3 - y^2*z, x^2*y^2 - 2/3*y^2*z^2 - 4/3*y^2, y^4]"
14,aabbAAbaaBaaBB,2,2,Polynomial Sequence with 20 Polynomials in 3 Variables
14,aabbAAbaaBBaaB,2,2,[x]
14,aabbAAbaaBBAAB,2,2,"[x*y^7 - 4*x*y^5*z^2 + 4*x*y^3*z^4 - 3*x*y^5 + 12*x*y^3*z^2 - 12*x*y*z^4, x^2*y*z^5 + 5/12*x*y^6 - 4/3*x*y^4*z^2 - 12/5*x^2*y*z^3 + 27/20*x^3*y^2 - 4/5*x*y^4 + 4*x*y^2*z^2 - 27/20*x^2*y*z - 27/20*x*y^2, x^3*y*z^3 - 2*x^2*y^2*z^2 + 3/4*x^3*y*z + x*y^3*z + 3/4*x^2*y^2 - 3*x*y*z, x^2*y^2*z^3 + 1/3*x*y^5 - 9/4*x^3*y*z^2 - 5/3*x*y^3*z^2 + 3/4*x^2*y^2*z - x*y^3 + 5*x*y*z^2, x^5*y - 4/3*x^3*y*z^2 + 8/3*x^2*y^2*z - 4*x^3*y - 4/3*x*y^3 + 4*x*y, x^4*y^2 - x^3*y*z - x^2*y^2, x^3*y^3 + x^3*y*z^2 - 3*x^2*y^2*z, x^2*y^4 + x^2*y^2*z^2 - 9/4*x^3*y*z - 3*x*y^3*z - 9/4*x^2*y^2 + 9*x*y*z, x^4*y*z + x^3*y^2 - 4*x^2*y*z, x^3*y^2*z - 1/3*x^2*y^3 - 4/3*x^2*y*z^2, x^2*y^3*z - 4/5*x^2*y*z^3 - 9/5*x^3*y^2 - 3/5*x*y^4 + 9/5*x^2*y*z + 9/5*x*y^2]"
14,aabbAAbbAbbaBB,2,2,"[x*y^6 - x^2*y^3*z - y^5*z + x^3*y^2 - 4*x*y^4 + x*y^2*z^2 - x^2*y*z + 4*y^3*z + 3*x*y^2 - 3*y*z, y^7 - x^3*y^2*z + x^4*y - 6*y^5 + x*y^2*z - x^2*y + 11*y^3 - 6*y, y^6*z - 2/3*x*y^5 - x^3*y*z^2 - 5/3*x*y^3*z^2 + 1/3*x^2*y^2*z - 8/3*y^4*z + 5/3*y^2*z^3 + 4/3*x^3*y + 8/3*x*y^3 + 7/3*x*y*z^2 - 1/3*y^2*z - 4*x*y, x^3*y^2*z^2 - x^2*y^3*z - y^5*z - x^2*y*z^3 - 2/3*x^3*y^2 + 2/3*x*y^4 + x*y^2*z^2 + 5/3*x^2*y*z + 10/3*y^3*z - y*z^3 - 2/3*x*y^2 - 7/3*y*z, x^2*y^3*z^2 - 2*x^3*y^2*z - x*y^2*z^3 + x^4*y + x^2*y^3 + x^2*y*z^2 - y^3*z^2 - 3*x^2*y + 3*y*z^2, x*y^3*z^3 - x^4*y^2 - 2*y^6 + x^2*y^2*z^2 - y^4*z^2 - y^2*z^4 + 2*x^3*y*z + 2*x*y^3*z - 2*x*y*z^3 - x^2*y^2 + 8*y^4 - 6*y^2, x^5*y + x*y^5 - 2*y^4*z - 4*x^3*y - 2*x*y^3 + 4*y^2*z + 3*x*y, x^3*y^3 + x*y^5 - x*y^3*z^2 - 2*x^2*y^2*z + y^2*z^3 - x^3*y - 4*x*y^3 + 2*x*y*z^2 + 3*x*y, x^2*y^4 - 2*x*y^3*z - 2*x^2*y^2 + y^2*z^2 + 2*x*y*z, x^4*y*z + 2*x^2*y^3*z - y^5*z - 2*x^3*y^2 - 2*x*y^2*z^2 - 2*x^2*y*z + 2*y^3*z + 2*x*y^2 + y*z, x*y^4*z - x^2*y^3 - y^5 - y^3*z^2 + x^2*y + 4*y^3 - 3*y]"
14,aabbAAbbABBaBB,2,2,"[x^2*y - y, y^2]"
14,aabbAAbAABaaBB,2,2,"[x*y^4 - 2*x*y^2 + x, x^2]"
14,aabbAABaabAABB,2,2,"[x*y^4 - 3/2*x*y^2 + 1/2*x, x*y^3*z - 1/4*x^2*z^2 - 1/2*x*y*z - 1/8*x^2, x^2*y*z^2 - 4*x*y^2*z + 1/2*x^2*y + 2*x*z, x*y^2*z^2 - 1/2*x^2*y*z + 1/2*x*y^2 - 1/2*x*z^2 - 1/4*x, x^2*z^3 + 2*x*y^3 - 3/2*x^2*z - x*y, x^2*y^2 - x^2, x^3 - 4*x*y^2 + 2*x]"
14,aabbAABabaaBaB,2,2,"[x*y^2 - 1/2*x, x*z^2 - 3/2*x, x^2]"
14,aabbAABabAABaB,2,2,"[x^4 - x*y*z - x^2, x^3*y - x^2*z - x*y, x^3*z - x*z, x^2*y*z - x^3 + x, x*y^2 - x, x*z^2]"
14,aabbAABaBAAbaB,2,2,[x]
14,aabbAABAbaaBAB,2,2,[x]
14,aabbAABAbAABAB,2,2,"[x*z^3 + 2*x^2*y - 4*x*z, x^3 - x, x*y^2 + x*z^2 - 4*x, x*y*z - 2*x^2]"
14,aabbAABABaabAB,2,2,"[x*y^3 + x^2*z - 2*x*y, x^3 + x*y^2 - 2*x, x^2*y - x*z, x*z^2 - x]"
14,aabbAABBaabAAB,2,2,"[x*y^4 - x, x*y^3*z - 2/3*x^2*z^2 + x*y*z - 2/3*x^2, x*y^2*z^2 - 3/2*x^3 + x*y^2 + x*z^2 + x, x^2*z^3 + 3/8*x*y^3 - 5/4*x^2*z + 3/8*x*y, x^4 - 4/3*x^2*z^2 - 4/3*x^2, x^3*y - 1/2*x*y^3 - x^2*z - 1/2*x*y, x^2*y^2 - x^2, x^3*z - 2*x*y^2*z + x^2*y - 2*x*z, x^2*y*z - x^3 + 1/2*x*y^2 + 1/2*x]"
14,aabbAABBaaBAAb,2,2,"[x*y^2 + x, x^2]"
14,aabbABaabABaaB,2,2,[x]
14,aabbABBAbabbAb,2,2,[y]
14,aabbABBAbaBBAb,2,2,"[x^2*y + y^3 - 2*y, y*z]"
14,aabbABBAbABBab,2,2,[y]
14,aabbABBABabbAB,2,2,[y]
14,aabbABBABaBBAB,2,2,[y]
14,aabbABBABAbbaB,2,2,"[x^2*y - y*z^2, x*y^2 - y*z, y^3 - y, y^2*z - x*y]"
14,aabAbaaBAbaaBB,2,2,[x]
14,aabAbaaBBaabAB,2,2,"[x*y^2 - x, x*z^2 - 2*x, x^2]"
14,aabAbabaaBaBAB,2,2,"[x*y^2 - 1/3*x, x*z^2 - 3*x, x^2]"
14,aabAbabaaBAbab,2,2,"[x^6*z - x^2*y^4*z + z^7 - 7*x^4*z + x^2*y^2*z - 2*z^5 + 14*x^2*z - 2*y^2*z - z^3 - 6*z, x^4*y*z + x^2*y^3*z - 4*x^2*y*z + 2*y*z, x^2*z^2 + z^4 - 3*z^2, y*z^2]"
14,aabAbabaaBABaB,2,2,"[x*y*z^8 + x^8*z - 2*x^4*z^5 - x^2*z^7 - 2*x*y*z^6 - 8*x^6*z + 4*x^4*z^3 - 4*x^2*y^2*z^3 + 9*x^2*z^5 - x^5*y - 4*x^3*y^3 + 8*x^3*y*z^2 + x*y*z^4 + 18*x^4*z + 12*x^2*y^2*z - 15*x^2*z^3 - 12*x*y*z^2 - 9*x^2*z, x^9 - 2*x^5*z^4 + x*z^8 - 8*x^7 + 4*x^5*z^2 + 8*x^3*z^4 - 4*x*z^6 + 22*x^5 - 16*x^3*z^2 - 2*x*z^4 - 24*x^3 + 12*x*z^2 + 9*x, x^2*y*z^6 - x^3*z^5 - x*z^7 - 5*x^2*y*z^4 - x^3*y^2*z + 4*x^3*z^3 + x*y^2*z^3 + 7*x*z^5 - x^2*y^3 + 4*x^2*y*z^2 + 3*x*y^2*z - 12*x*z^3, x^7*y + x*y*z^6 - x^6*z - 2*x^4*z^3 - 4*x^2*y^2*z^3 - x^2*z^5 - 6*x^5*y - 2*x^3*y^3 + 8*x^3*y*z^2 + 3*x*y*z^4 + 4*x^4*z + 8*x^2*y^2*z + 4*x^2*z^3 + 8*x^3*y - 17*x*y*z^2 - 3*x^2*z - 3*x*y, x*y^4*z^3 - x^2*y^5 - 3*x^2*y*z^4 + 3*x*y^4*z + 3*x^3*z^3 - 4*x*y^2*z^3 + 3*x*z^5 - x^2*y^3 + 3*x^2*y*z^2 + 2*x*y^2*z - 9*x*z^3, x^2*y^2*z^4 - 3*x*y^3*z^3 - x*y*z^5 - 3*x^4*y^2 + 3*x^2*y^4 - x^4*z^2 + 6*x^2*y^2*z^2 - x^2*z^4 + x^3*y*z - 9*x*y^3*z + 5*x*y*z^3 + 5*x^2*y^2 + 3*x^2*z^2 - 6*x*y*z, x*y^3*z^4 - 4*x^2*y^2*z^3 + x^5*y - x^3*y^3 + x^3*y*z^2 + 2*x*y^3*z^2 + x*y*z^4 + x^4*z + 2*x^2*y^2*z + x^2*z^3 - 3*x^3*y + x*y^3 - 4*x*y*z^2 - 3*x^2*z + 3*x*y, x*y^2*z^5 + x^6*y - 5*x^2*y*z^4 - x^5*z - x^3*y^2*z + 2*x^3*z^3 + x*y^2*z^3 + 3*x*z^5 - 5*x^4*y + x^2*y^3 + 6*x^2*y*z^2 + 5*x^3*z - 2*x*y^2*z - 7*x*z^3 + 5*x^2*y - 6*x*z, x^5*y^2 + x*y^2*z^4 - 2*x^4*y*z - 6*x^2*y*z^3 - 4*x^3*y^2 + 4*x^3*z^2 + 2*x*y^2*z^2 + 4*x*z^4 + 10*x^2*y*z + x*y^2 - 12*x*z^2, x^4*y^3 - x^2*y*z^4 - 3*x^3*y^2*z + x^3*z^3 + x*y^2*z^3 + x*z^5 - x^2*y^3 + x^2*y*z^2 + 3*x*y^2*z - 3*x*z^3, x^3*y^4 - 4*x^2*y*z^3 - 4*x^3*y^2 + 4*x^3*z^2 + 4*x*z^4 + 4*x^2*y*z + 4*x*y^2 - 12*x*z^2, x^4*y^2*z - x^2*y^2*z^3 - x^5*y - x^3*y^3 + x^3*y*z^2 + x*y*z^4 - x^4*z + x^2*y^2*z - x^2*z^3 + 3*x^3*y - 2*x*y*z^2 + 3*x^2*z - 3*x*y, x^4*y*z^2 - x^2*y*z^4 - x^5*z + x*z^5 - x^4*y + 4*x^3*z - 2*x*z^3 + x^2*y - 3*x*z, x^3*y^2*z^2 - x^4*y*z - 3*x^2*y*z^3 - x^3*y^2 + 2*x^3*z^2 + 2*x*z^4 + 5*x^2*y*z - 6*x*z^2, x^3*y*z^3 - x*y^3*z^3 - x^4*y^2 + x^2*y^4 - x^4*z^2 + 2*x^2*y^2*z^2 - x^2*z^4 - 3*x*y^3*z + x*y*z^3 + 2*x^2*y^2 + 3*x^2*z^2 - 3*x*y*z, x^2*y^3*z - x^2*y*z^3 - x^3*y^2 + x^3*z^2 - x*y^2*z^2 + x*z^4 + x^2*y*z + x*y^2 - 3*x*z^2]"
14,aabAbabAABaBAB,2,2,[x^2*y*z - x^3 - x*z^2 + 2*x]
14,aabAbabAABABaB,2,2,"[x^2*y*z - x*z^2 + x, x^2*z^2 - x^2, x*z^3 - x^2*y - x*z, x^3]"
14,aabAbaBaabABaB,2,2,"[x*y*z^4 + x^4*z + x^2*z^3 - 4*x*y*z^2 - 3*x^2*z + 3*x*y, x^5 + 2*x^3*z^2 + x*z^4 - 6*x^3 - 6*x*z^2 + 9*x, x^2*y*z^2 - x^3*z - x*z^3 - x^2*y + 3*x*z, x^3*y + x*y*z^2 - 3*x*y, x*y^2]"
14,aabAbaBAAbaBAB,2,2,"[x^3 + x*z^2 - 2*x, x*y]"
14,aabAbaBAAbABaB,2,2,"[x^2*y^5 - x*y^4*z - x^4*y - 2*x^2*y^3 + x^3*z + x*y^2*z + 2*x^2*y, x*y^6 - 2*x^3*y^2 - 2*x*y^4 + x^3*z^2 - 2*x*y^2*z^2 + 2*x^3 + 3*x*y^2 + 2*x*z^2 - 2*x, x*y^5*z - x^2*y^4 + x^4*z^2 - 2*x*y*z^3 - 3*x^4 + 2*x^2*y^2 - 2*x^2*z^2 + 2*x*y*z + 2*x^2, x^4*y^2 - x^2*y^4 + x*y^3*z - 2*x^4 + x^2*y^2 - x^2*z^2 + x^2, x^3*y^3 - x*y^5 - x^4*z + x*y^3 + x*y*z^2 - x*y, x^5 - 2*x^3*y^2 + x*y^4, x^2*y*z - x^3 - x*z^2 + x]"
14,aabAbaBAABaBAb,2,2,[x^2*y*z - x^3 - x*y^2 - x*z^2 + y*z + 2*x]
14,aabAbbAbABBaBB,2,2,[x*y^2 - y*z - x]
14,aabAbbAABaaBAB,2,2,[x]
14,aabAbAbaaBaBaB,2,2,"[x^4*y^2 - 8/3*x^2*y^2*z^2 + x^3*y*z + 4/3*x*y^3*z + 8/3*x*y*z^3 - 3/4*x^4 + x^2*y^2 + x^2*z^2 - 8*x*y*z - 3*x^2, x^3*y^3 - 2*x^3*y*z^2 + 9/4*x^4*z - x^2*y^2*z + 2*x^2*z^3 - 3/4*x^3*y + x*y^3 + x*y*z^2 - 6*x^2*z - 3*x*y, x^2*y^4 - 2*x^2*y^2*z^2 + 3/2*x^3*y*z + 2*x*y*z^3 + 9/16*x^4 - 3/4*x^2*y^2 + 3/4*x^2*z^2 - 6*x*y*z - 9/4*x^2, x*y^5 - 3/2*x^3*y*z^2 + 9/4*x^4*z - 3/2*x^2*y^2*z + 3/2*x^2*z^3 + 9/16*x^3*y - 3/4*x*y^3 + 3/4*x*y*z^2 - 9/2*x^2*z - 9/4*x*y, x^4*y*z - 4*x^3*y^2 + 2*x*y^4 - x^3*z^2 - x^2*y*z + 45/8*x^3 + 1/2*x*y^2 + 3/2*x*z^2 - 9/2*x, x^3*y^2*z - 3/4*x^4*y - 3*x^2*y^3 + 2*x^2*y*z^2 - 15/4*x^3*z + x*y^2*z - 3*x*z^3 + 6*x^2*y + 9*x*z, x^2*y^3*z - 3/2*x^3*y^2 - 1/2*x*y^4 - x*y^2*z^2 - 3/4*x^2*y*z + 63/32*x^3 + 27/8*x*y^2 + 9/8*x*z^2 - 27/8*x, x^2*y*z^3 - 3/8*x^3*y^2 - 1/2*x*y^4 - 9/8*x^3*z^2 - 1/2*x*y^2*z^2 - x*z^4 + 9/16*x^3 + 9/4*x*y^2 + 15/4*x*z^2 - 9/4*x, x^5 - 8/3*x^3*y^2 + 16/9*x*y^4]"
14,aabAbAbaaBABAB,2,2,[x]
14,aabAbAbAABaBaB,2,2,"[x^3*y^6 - 2*x^3*y^4*z^2 + x^3*y^2*z^4 - 2*x^2*y^5*z + 4*x^2*y^3*z^3 - 2*x^2*y*z^5 - 2*x^3*y^4 - 2*x^3*y^2*z^2 + x*y^4*z^2 - 2*x*y^2*z^4 + x*z^6 + 4*x^2*y^3*z + 4*x^2*y*z^3 + x^3*y^2 - x*y^4 - 3*x*z^4 - 2*x^2*y*z + 2*x*y^2 + 3*x*z^2 - x, x^4*y^2*z^3 + 1/2*x^3*y^5 - 3/2*x^3*y^3*z^2 - 2*x^3*y*z^4 - x^4*y^2*z - x^2*y^4*z + 3*x^2*y^2*z^3 + x^2*z^5 - 1/2*x^3*y^3 + 2*x^3*y*z^2 + 1/2*x*y^3*z^2 - 3/2*x*y*z^4 + x^2*y^2*z - 2*x^2*z^3 - 1/2*x*y^3 + x*y*z^2 + x^2*z + 1/2*x*y, x^4*y^4 + x^4*y^2*z^2 - 4*x^3*y^3*z - 2*x^3*y*z^3 - x^4*y^2 + 5*x^2*y^2*z^2 + x^2*z^4 + 2*x^3*y*z - 2*x*y*z^3 - x^2*y^2 - 2*x^2*z^2 + 2*x*y*z + x^2, x^4*y^3*z - 1/2*x^3*y^4 - 5/2*x^3*y^2*z^2 + x^2*y^3*z + 2*x^2*y*z^3 + 1/2*x^3*y^2 - 1/2*x*y^2*z^2 - 1/2*x*z^4 - 2*x^2*y*z + 1/2*x*y^2 + x*z^2 - 1/2*x, x^5*y^2 - 2*x^4*y*z - x^3*y^2 + x^3*z^2 + 2*x^2*y*z - x^3 - x*z^2 + x]"
14,aabAbAbAABABAB,2,2,"[x^2*z^5 + 2*x^4*z - 2*x^2*z^3 - 4*x^2*z, x*z^6 - 4*x*z^4 - x^2*y*z + x^3 + 5*x*z^2 - 2*x, x^4*z^2 + x^2*z^4 - 4*x^2*z^2, x^3*z^3 - 2*x^2*y*z^2, x^2*y*z^3 - x^3*z^2 - x*z^4 - x^2*y*z + x^3 + 3*x*z^2 - 2*x, x*y*z^4 + x^4*z - x^3*y - 3*x*y*z^2 - x^2*z + 2*x*y, x^5 + x^3*z^2 + x*z^4 - x^2*y*z - 3*x^3 - 3*x*z^2 + 2*x, x^4*y + x^2*y*z^2 - x^3*z - 2*x^2*y, x^3*y*z - x^4 - x^2*z^2 + 2*x^2, x*y^2 - x]"
14,aabAbAAbaaBBAB,2,2,"[x^3*y^2 - x^3 - x*y^2 + x, x^4 - x^2, x*y^2*z - x*z, x^2*z]"
14,aabAbAABAbaaBB,2,2,[x]
14,aabAbABaabABAB,2,2,[x]
14,aabAAbabaaBaBB,2,2,"[x*y^2 - x, x*z^2 - x, x^2]"
14,aabAAbabAABaBB,2,2,[x]
14,aabAAbaBAAbaBB,2,2,"[x^3*y^2 - 2*x^3 - 2*x*y^2 - x*z^2 + 4*x, x^4 + x*y*z - 2*x^2, x*y^3 + x^2*z - 2*x*y, x^3*z + x*y^2*z - x^2*y - x*z, x^2*y*z - x^3 - x*y^2 - x*z^2 + 2*x]"
14,aabAAbbAABaaBB,2,2,"[x^3*y^4 - x^2*y^3*z - 2*x^3*y^2 - x*y^4 + x^2*y*z + x^3 + 3*x*y^2 - 2*x, x^4*y^2 - x^3*y*z - x^4 - x^2*y^2 + 2*x^2]"
14,aabAAbAbaBABaB,2,2,"[x^3*y - x^2*z - x*y + z, x*y*z - z^2]"
14,aabAAbABaabABB,2,2,[x]
14,aabAABABaBAbab,2,2,"[x^2*z - z, x*y*z - z^2, y^2*z - z^3, x*z^2 - y*z]"
14,aabABabaaBabAB,2,2,[x]
14,aabABabaaBAbaB,2,2,"[x^4*y*z + x^2*y^3*z - x^5 - 2*x^3*y^2 - x*y^4 - x^3*z^2 - x*y^2*z^2 - 3*x^2*y*z + 6*x^3 + 6*x*y^2 + 3*x*z^2 - 9*x, x^2*y*z^2 - x^3*z - x*y^2*z - x*z^3 + 3*x*z]"
14,aabABabAABabAB,2,2,[x^2*y*z - x^3 - x*y^2 - x*z^2 + 2*x]
14,aabABabAABAbaB,2,2,"[x^2*z^4 + x*y^3*z + x*y*z^3 - x*y*z - x^2, x*y^4 + 2*x*y^2*z^2 + x*z^4 - 2*x*y^2 - 2*x*z^2 + x, x^2*y*z^2 - x*y^2*z - x*z^3 + x^2*y + x*z, x^2*y^2 + x^2*z^2 - x^2, x^3]"
14,aabABaBaaBABaB,2,2,"[x^3*y + x*y*z^2 - x^2*z - z^3 - 3*x*y + 3*z, x*y^2 - y*z]"
14,aabABAbaaBabaB,2,2,"[x*y^8 + x*y^6*z^2 - 3/4*x*y^4*z^4 - 1/2*x*y^2*z^6 + 1/4*x*z^8 - 6*x*y^6 + 9/2*x*y^2*z^4 - 3/2*x*z^6 + 9*x*y^4 - 9*x*y^2*z^2 + 9/4*x*z^4, x^2*z^7 + 4*x*y^7 + 4*x*y^5*z^2 - 3*x*y^3*z^4 - 3*x*y*z^6 - 6*x^2*z^5 + 12*x^3*y^3 - 20*x*y^5 - 343/6*x^3*y*z^2 + 4*x*y^3*z^2 + 21*x*y*z^4 + 193/6*x^4*z + 343/6*x^2*y^2*z + 373/6*x^2*z^3 + 11/6*x^3*y + 12*x*y^3 - 48*x*y*z^2 - 319/2*x^2*z + 36*x*y, x^2*y^6 + 1/4*x^2*z^6 - 3/4*x*y^3*z^3 - 3/4*x*y*z^5 - 3*x^2*y^4 - 3/2*x^4*z^2 - 39/8*x^2*y^2*z^2 - 3/2*x^2*z^4 + 87/8*x^3*y*z + 63/8*x*y^3*z + 81/8*x*y*z^3 - 63/8*x^2*y^2 + 9/4*x^2*z^2 - 189/8*x*y*z, x^3*z^5 + 4*x^2*y^5 - 8*x^3*z^3 - 4*x*y^2*z^3 - 4*x*z^5 + 36*x^4*y - 8*x^2*y^3 - 183/2*x^2*y*z^2 + 123/2*x^3*z + 223/2*x*y^2*z + 247/2*x*z^3 - 247/2*x^2*y - 669/2*x*z, x^3*y^4 + 1/4*x^3*z^4 - 11/3*x^2*y*z^3 - 4/9*x^5 - x*y^4 + 5/3*x^3*z^2 + 5/3*x*y^2*z^2 + 8/3*x*z^4 - 11/3*x^2*y*z + 4*x^3 + 6*x*y^2 - 5*x*z^2 - 9*x, x^4*z^3 + 4*x^3*y^3 - 10*x^3*y*z^2 + 3*x^4*z + 5*x^2*y^2*z + 5*x^2*z^3 + x^3*y - 15*x^2*z, x^3*y*z^3 - x^4*z^2 - 4*x^2*y^2*z^2 - x^2*z^4 + 4*x^3*y*z + 3*x*y^3*z + 3*x*y*z^3 - 3*x^2*y^2 + 3*x^2*z^2 - 9*x*y*z, x^2*y^2*z^3 - 7/2*x^3*y*z^2 - x*y^3*z^2 - x*y*z^4 + 3/2*x^4*z + 7/2*x^2*y^2*z + 5/2*x^2*z^3 + 1/2*x^3*y + 3*x*y*z^2 - 15/2*x^2*z, x^2*y*z^4 - x^3*z^3 - x*y^2*z^3 - x*z^5 + 4*x^4*y - 25/2*x^2*y*z^2 + 15/2*x^3*z + 27/2*x*y^2*z + 33/2*x*z^3 - 27/2*x^2*y - 81/2*x*z, x^6 - 9/2*x^2*y^2*z^2 + 45/4*x^3*y*z + 9/2*x*y^3*z + 9/2*x*y*z^3 - 9*x^4 - 45/4*x^2*y^2 - 27/4*x^2*z^2 - 27/2*x*y*z + 81/4*x^2, x^5*y - 3/2*x^3*y*z^2 + 3/4*x^4*z + 3/2*x^2*y^2*z + 3/2*x^2*z^3 - 15/4*x^3*y - 9/2*x^2*z, x^4*y^2 + 1/4*x^4*z^2 - 3/2*x^2*y^2*z^2 - 3/4*x^3*y*z + 3/2*x*y^3*z + 3/2*x*y*z^3 - 3/2*x^2*y^2 - 9/2*x*y*z, x^5*z + 3*x^4*y - 9*x^2*y*z^2 + 9*x*y^2*z + 9*x*z^3 - 9*x^2*y - 27*x*z, x^4*y*z - x^2*y*z^3 - x^3*y^2 + x*y^2*z^2 + x*z^4 - x^2*y*z - 3*x*z^2, x^3*y^2*z - x^2*y^3 - 7/2*x^2*y*z^2 + 3/2*x^3*z + 5/2*x*y^2*z + 5/2*x*z^3 + 1/2*x^2*y - 15/2*x*z, x^2*y^3*z - 1/6*x^2*y*z^3 - 4/9*x^5 - x*y^4 + 1/6*x^3*z^2 - 5/6*x*y^2*z^2 + 1/6*x*z^4 - 25/6*x^2*y*z + 4*x^3 + 6*x*y^2 + 5/2*x*z^2 - 9*x]"
14,aabABAbaaBAbAB,2,2,[x]
14,aabABAbAABabaB,2,2,"[x^3*y^2*z^2 - 2*x^2*y^3*z - 2*x^2*y*z^3 + x*y^4 + 2*x*y^2*z^2 + x*z^4 + 2*x^2*y*z - 2*x*y^2 - 2*x*z^2 + x, x^3*y*z^3 - 2*x^2*y^2*z^2 - x^2*z^4 - x^3*y*z + x*y^3*z + x*y*z^3 + x^2*y^2 + 2*x^2*z^2 - x*y*z - x^2, x^2*y*z^4 - x^3*y^2*z - x*y^2*z^3 - x*z^5 + x^2*y^3 + x*y^2*z + 2*x*z^3 - x^2*y - x*z, x^4*y*z - x^2*y*z^3 - x^3*y^2 - x^3*z^2 + x*y^2*z^2 + x*z^4 + x^3 - x*z^2]"
14,aabABAbAABAbAB,2,2,[x]
14,aaBaaBaBAbABaB,2,2,"[x^3*y^2*z^2 - 2*x^2*y^3*z - 2*x^2*y*z^3 + x*y^4 + 3*x*y^2*z^2 + x*z^4 + 2*x^2*y*z - y^3*z - y*z^3 - 2*x*y^2 - 2*x*z^2 + 2*y*z, x^2*y^3*z^2 - x^3*y^2*z - x*y^4*z - 2*x*y^2*z^3 + x^2*y^3 + 2*x^2*y*z^2 + y^3*z^2 + y*z^4 + x*y^2*z - x*z^3 - 2*x^2*y - 2*y*z^2 + 2*x*z, x^2*y^2*z^3 - x*y^3*z^2 - 2*x*y*z^4 - x^2*y^2*z + y^2*z^3 + z^5 + x*y^3 + 4*x*y*z^2 - y^2*z - 3*z^3 - 2*x*y + 2*z, x^3*y^3 - x^2*y^2*z - 2*x^3*y - 2*x*y^3 - x*y*z^2 + 2*x^2*z + 2*y^2*z + z^3 + 4*x*y - 4*z, x^2*y^4 + 2*x^2*y^2*z^2 - 2*x^3*y*z - 4*x*y^3*z - 4*x*y*z^3 - 2*x^2*y^2 + 2*x^2*z^2 + 3*y^2*z^2 + 2*z^4 + 8*x*y*z - 6*z^2, x*y^5 - 2*x^3*y*z^2 + x^2*y^2*z - y^4*z + 2*x^2*z^3 - 5*x*y^3 - 2*x*y*z^2 + 5*y^2*z + z^3 + 6*x*y - 6*z, x^4*y - 1/2*x^2*y^3 - x^3*z + x*y^2*z - x^2*y - 1/2*y*z^2 + x*z]"
14,aaBaaBBaBaaBab,2,2,"[x^2*y^3 - x*y^2*z - x^2*y - y^3 + x*z + y, x^2*y*z - x*z^2 - y*z]"
14,aaBaaBBAbAAbAb,2,2,[x^2*y - x*z - y]
14,aaBabaaBabbAAB,2,2,"[x*y^2 + x*z^2 - 2*x, x^2]"
14,aaBababaaBaBab,2,2,"[x*z^2 - 2*x, x*y]"
14,aaBababaaBABAb,2,2,"[x^2*y^3*z - x^2*y*z^3 - x^3*y^2 - x*y^4 + x^2*y*z + x^3 + 2*x*y^2 + x*z^2 - 3*x, x^2*z^4 + x^3*y*z - x*y*z^3 - x^2*y^2 - 3*x^2*z^2 + 3*x*y*z, x*z^5 + x^4*y + 3*x^2*y*z^2 - 3*x^3*z - x*y^2*z - 6*x*z^3 - 3*x^2*y + 9*x*z, x^5 + x*z^4 + 4*x^2*y*z - 6*x^3 - 2*x*y^2 - 6*x*z^2 + 9*x, x^4*z + x^2*z^3 - x^3*y - x*y*z^2 - 3*x^2*z + 3*x*y, x^3*z^2 - 2*x^2*y*z + x*y^2]"
14,aaBababAAbABAB,2,2,[x^2*y*z - x*z^2 - y*z + x]
14,aaBababAABaBab,2,2,"[x*y^2 - x, x*z^2 - x, x^2]"
14,aaBababAABABAb,2,2,"[x^2*y*z - x*z^2 + x, x*y*z^2 - x*y, x*z^3 - x^2*y - x*z, x*y^2]"
14,aaBabaBaaBaBaB,2,2,"[x^2*y*z^2 - x*z^3 - 2*x^2*y - y*z^2 + 2*x*z + 2*y, x^2*y^2 - x*y*z - y^2]"
14,aaBabAbaaBaBAb,2,2,"[x*y*z^6 + x^4*z^3 + x^2*z^5 - 6*x*y*z^4 - 2*x^4*z - 5*x^2*z^3 + 10*x*y*z^2 + 6*x^2*z - 3*x*y, x^2*y*z^4 - x^3*z^3 - x*z^5 - 3*x^2*y*z^2 + 2*x^3*z + 5*x*z^3 + x^2*y - 6*x*z, x^5 + 2*x^3*z^2 + x*z^4 - 6*x^3 - 6*x*z^2 + 9*x, x^3*y + x*y*z^2 - 3*x*y, x*y^2]"
14,aaBabAbaaBABab,2,2,[x]
14,aaBabAbAAbABaB,2,2,[x^3*y^2 - 2*x^2*y*z - x*y^2 + x*z^2 + y*z]
14,aaBabAbAABaBAb,2,2,"[x^2*y^4 - x*y^3*z + 1/2*x^4 - 3/2*x^2*y^2, x*y^5 + x^4*z - 1/2*x^3*y - 5/2*x*y^3 - 2*x*y*z^2 + 2*x*y, x^5 + x*y^4 - 2*x^3 - 2*x*y^2 - 2*x*z^2 + 2*x, x^4*y + x^2*y^3 - x^3*z - x*y^2*z - 2*x^2*y, x^3*y^2 - x^3 - x*y^2 - x*z^2 + x, x^2*y*z - 1/2*x^3 - 1/2*x*y^2 - x*z^2 + x]"
14,aaBabAbAABABab,2,2,[x]
14,aaBabAAbaaBBab,2,2,[x]
14,aaBabAABabbAAB,2,2,[x]
14,aaBaBabaaBAbAb,2,2,"[x*y^8 + x^5*z^4 + 2*x^3*y^4 - 4*x*y^6 - 2*x^5*z^2 + 2*x*y^4*z^2 - 2*x^3*z^4 + 2*x*y^2*z^4 + 3*x^5 - 2*x^3*y^2 + x*y^4 + 6*x^3*z^2 - 10*x*y^2*z^2 - x*z^4 - 10*x^3 + 6*x*y^2 + 2*x*z^2 + 3*x, x^6*z^3 + x*y^7 - 2*x^6*z - 3*x^4*z^3 + x^5*y + 2*x^3*y^3 - 3*x*y^5 + 2*x*y^3*z^2 + 2*x*y*z^4 + 8*x^4*z + 2*x^2*z^3 - 6*x^3*y - 2*x*y^3 - 9*x*y*z^2 - 6*x^2*z + 9*x*y, x^4*y^4 + x^6 - 3*x^4*y^2 - 3*x^2*y^4 - x*y*z^3 - 3*x^4 + 8*x^2*y^2 + 3*x*y*z, x^3*y^5 + x^6*z - 3*x^3*y^3 - 2*x*y^5 - x*y^3*z^2 - 3*x^4*z + 3*x^3*y + 8*x*y^3 + 3*x*y*z^2 - 9*x*y, x^2*y^6 + x^6*z^2 - x*y^5*z - x^6 + x^4*y^2 - 2*x^2*y^4 - 3*x^4*z^2 + 3*x*y^3*z + 2*x*y*z^3 + 4*x^4 - x^2*y^2 + x^2*z^2 - 6*x*y*z - 3*x^2, x^7 + x^3*y^4 - 4*x^5 - 2*x^3*y^2 - 2*x*y^4 - x*y^2*z^2 + 5*x^3 + 6*x*y^2 + 2*x*z^2 - 6*x, x^6*y + x^4*y^3 - x^5*z - 6*x^4*y - 3*x^2*y^3 + 2*x^3*z - x*z^3 + 9*x^2*y + 3*x*z, x^5*y^2 - 2*x^5 - 4*x^3*y^2 - x^3*z^2 + 8*x^3 + 3*x*y^2 + 2*x*z^2 - 6*x, x^2*y*z - x^3 - x*y^2 - x*z^2 + 3*x]"
14,aaBaBabAAbAbAB,2,2,[x^3*y^2 - 2*x^2*y*z - x*y^2 + x*z^2 + y*z - x]
14,aaBaBabAABabab,2,2,"[x*z^4 - 4*x*z^2 + 8/3*x, x*y^2 - 1/2*x*z^2, x^2]"
14,aaBaBabAABAbAb,2,2,"[x^2*y*z - 1/2*x*z^2 + 1/2*x, x*y*z^2 - x*y, x*z^3 - 2*x^2*y - x*z, x*y^2]"
14,aaBaBAbaaBaBAB,2,2,"[x^5*y - x*y*z^4 - x^4*z + z^5 - 2*x^3*y - x*y^3 + 4*x*y*z^2 + 2*x^2*z + y^2*z - 4*z^3 - 3*x*y + 3*z, x^3*y*z^2 + x*y*z^4 - x^2*z^3 - z^5 - 2*x^3*y - 5*x*y*z^2 + 2*x^2*z + 5*z^3 + 6*x*y - 6*z, x^3*y^2 - x^2*y*z - 2*x*y^2 + 2*y*z, x^2*y^3 - 2*x*y^2*z + y*z^2, x*y^4 - y^3*z - x*y^2 + y*z, x^2*y^2*z - 2*x*y^3 - x*y*z^2 + 2*y^2*z, x*y^3*z - x^2*y^2 - y^2*z^2 + x*y*z, x*y^2*z^2 - y*z^3 - 2*x*y^2 + 2*y*z]"
14,aaBaBAbaaBAbab,2,2,"[x*y^4 - 2*x*y^2 + 2*x, x*z^2 - 2*x, x^2]"
14,aaBaBAbabAbAAB,2,2,"[x^5*y - x^4*z - 2*x^3*y + 2*x^2*z + x*y - z, x^4*y^2 - x*y^3*z - x^2*y^2 - x^2*z^2 + y^2*z^2 + x*y*z, x^2*y^3*z - x^3*y^2 - y*z^3 + x*y^2 + x*z^2 - y*z, x^3*y*z - x^2*z^2 - x*y*z + z^2, x*y*z^2 - z^3]"
14,aaBAbaaBAbbAAB,2,2,"[x^5 - 3*x^3 - x*y^2 + x*z^2 + 2*x, x*y^4 - x^3 - 3*x*y^2 + x*z^2 + 2*x, x^4*z - x*y^3 + x*y*z^2 - 3*x^2*z + 2*x*y, x*y^3*z - x^4 + x^2*z^2 - 3*x*y*z + 2*x^2, x^3*z^2 + x*y^2*z^2 - x^3 - x*y^2 - 2*x*z^2 + 2*x, x^2*y - x*z]"
14,aaBAbabaaBABab,2,2,"[x^5 + 2*x^3*z^2 + x*z^4 - 6*x^3 - 6*x*z^2 + 9*x, x*y*z^3 + x^4 + x^2*z^2 - 3*x*y*z - 3*x^2, x^3*y + x*y*z^2 - 3*x*y, x^2*y*z - x^3 - x*z^2 + 3*x, x*y^2]"
14,aaBAbabAAbaBAB,2,2,"[x^4*y*z - x^5 - x^3*z^2 - 2*x^2*y*z + 3*x^3 + x*z^2 + y*z - 2*x, x^3*y^2*z - x^4*y - 2*x^2*y*z^2 + x^3*z - x*y^2*z + x*z^3 + 2*x^2*y + y*z^2 - 2*x*z, x^2*y^3*z - x^3*y^2 - x*y^2*z^2 - x^2*y*z - y^3*z + x^3 + 2*x*y^2 + x*z^2 + y*z - 2*x, x^3*y*z^2 - x^4*z - x^2*y^2*z - x^2*z^3 + x^3*y + 2*x^2*z + y^2*z - 2*x*y, x^2*y^2*z^2 - 2*x^3*y*z - x*y*z^3 + x^4 + x^2*z^2 - y^2*z^2 + 3*x*y*z - 2*x^2, x^2*y*z^3 - x^3*z^2 - x*z^4 - x^2*y*z - y*z^3 + x^3 + 3*x*z^2 + y*z - 2*x]"
14,aaBAbabAABaBAb,2,2,"[x^3 + x*z^2 - 2*x, x*y]"
14,aaBAbabAABABab,2,2,"[x^2*y^3*z - x^3*y^2 - 4*x^2*y*z + 3*x^3 + x*y^2 + x*z^2 - x, x*y^4*z - x^2*y^3 - x^3*z - 3*x*y^2*z + x*z^3 + 4*x^2*y - x*z, x^5 - 2*x^3*y^2 + x*y^4, x^4*z - x^2*y^2*z - x^3*y + x*y^3, x^3*y*z - x*y^3*z - x^4 + x^2*y^2, x^3*z^2 - 2*x^2*y*z + x*y^2, x^2*y*z^2 - x^3*z - x*y^2*z + x^2*y, x*y^2*z^2 - 2*x^2*y*z + x^3, x^2*z^3 - x*y*z^2 - x^2*z + x*y, x*y*z^3 - x^2*z^2 - x*y*z + x^2, x*z^4 - 2*x*z^2 + x]"
14,aaBAbAbaaBABAb,2,2,[x]
14,ababababababab,2,2,[z^3 + z^2 - 2*z - 1]
14,aBaBaBaBaBaBaB,2,2,[x^3*y^3 - 3*x^2*y^2*z + x^2*y^2 + 3*x*y*z^2 - 2*x*y*z - z^3 - 2*x*y + z^2 + 2*z - 1]
15,aaaaaaaaaaaaaaa,2,2,[x^7 + x^6 - 6*x^5 - 5*x^4 + 10*x^3 + 6*x^2 - 4*x - 1]
15,aaaaaababaaaBAB,2,2,"[x*z^4 + z^4 + 3/2*x*y*z - x*z^2 + 3/2*y*z - z^2, x^4 + x^3 - x*y*z - 2*x*z^2 - 3*x^2 - y*z - 2*z^2 - 2*x + 1, x*y^2*z - 2*x*z^3 + y^2*z - 2*z^3 + 4*x*z + 4*z, x*y*z^2 + 2*x*z^3 + y*z^2 + 2*z^3 - 3*x*z - 3*z, x^2*z + 2*x*z + z]"
15,aaaaaababAAABAB,2,2,"[x^2*y^3 - 13*x*y^3 - 93/4*x*y^2*z - 18*x*y*z^2 + 33*x*z^3 + 87/4*x^2*y - 14*y^3 - 30*x^2*z - 93/4*y^2*z - 18*y*z^2 + 33*z^3 + 557/4*x*y - 199/2*x*z + 235/2*y - 139/2*z, x*y^4 - 1/10*x^2*y^2 + y^4 + 19/60*x^2*y*z + 32/45*x^3 - 329/90*x*y^2 + 379/360*x*y*z - 61/180*x*z^2 + 3/8*x^2 - 32/9*y^2 + 53/72*y*z - 61/180*z^2 + 7/24*x + 113/180, x^2*y^2*z + 20*x*y^3 + 33*x*y^2*z + 289/12*x*y*z^2 - 275/6*x*z^3 - 32*x^2*y + 20*y^3 + 481/12*x^2*z + 32*y^2*z + 289/12*y*z^2 - 275/6*z^3 - 580/3*x*y + 549/4*x*z - 484/3*y + 583/6*z, x*y^3*z + 1/2*x^2*y^2 + 7/6*x^2*y*z + y^3*z - 31/18*x^3 + 29/18*x*y^2 - 103/72*x*y*z - 35/36*x*z^2 - 11/8*x^2 + 10/9*y^2 - 187/72*y*z - 35/36*z^2 + 73/24*x + 97/36, x*y^2*z^2 - x^2*y^2 - x^2*y*z + y^2*z^2 + 4/3*x^3 - 11/3*x*y^2 - 5/12*x*y*z - 1/6*x*z^2 + 9/4*x^2 - 8/3*y^2 + 7/12*y*z - 1/6*z^2 + 3/4*x - 1/6, x*y*z^3 + 1/2*x^2*y^2 - 1/2*x^2*y*z + y*z^3 - 1/6*x^3 + 11/6*x*y^2 - 91/24*x*y*z - 11/12*x*z^2 + 3/8*x^2 + 4/3*y^2 - 79/24*y*z - 11/12*z^2 + 21/8*x + 25/12, x*z^4 - 1/4*x^2*y^2 + 1/4*x^2*y*z + z^4 + 1/12*x^3 - 11/12*x*y^2 + 19/48*x*y*z - 97/24*x*z^2 + 5/16*x^2 - 2/3*y^2 + 7/48*y*z - 97/24*z^2 + 67/16*x + 95/24, x^4 - 1/2*x^2*y^2 + 1/2*x^2*y*z + 7/6*x^3 - 11/6*x*y^2 + 19/24*x*y*z - 1/12*x*z^2 - 19/8*x^2 - 4/3*y^2 + 7/24*y*z - 1/12*z^2 - 13/8*x + 11/12, x^3*y + 10*x*y^3 + 16*x*y^2*z + 53/4*x*y*z^2 - 47/2*x*z^3 - 15*x^2*y + 10*y^3 + 79/4*x^2*z + 16*y^2*z + 53/4*y*z^2 - 47/2*z^3 - 100*x*y + 279/4*x*z - 84*y + 50*z, x^3*z + x*y^2*z + x*y*z^2 - 2*x*z^3 - 3*x^2*y + 3*x^2*z + y^2*z + y*z^2 - 2*z^3 - 9*x*y + 6*x*z - 6*y + 4*z, x^2*z^2 - x*y*z - x^2 - y*z - z^2 + x + 2]"
15,aaaaaabaBaaabAB,2,2,"[x*z^3 + z^3 - 3/2*x*y - 3/2*y, x*y^2 - 2*x*z^2 + y^2 - 2*z^2 - 6*x - 6, x*y*z + 2*x*z^2 + y*z + 2*z^2 + 3*x + 3, x^2 + 2*x + 1]"
15,aaaaaabaBAAAbAB,2,2,"[x*z^3 + z^3 + 1/18*x*y + 4/9*x*z + 1/18*y + 4/9*z, x*y^2 - 10*x*z^2 + y^2 - 10*z^2 - 10/3*x - 10/3, x*y*z + 2*x*z^2 + y*z + 2*z^2 + 1/3*x + 1/3, x^2 + 2*x + 1]"
15,aaaaaabbbaaaBBB,2,2,"[x*y^2*z^4 + y^2*z^4 - 5/4*x*y^2*z^2 - x*z^4 + 1/8*x^4 - 5/4*y^2*z^2 - z^4 + 1/8*x^3 + 1/4*x*y^2 + 5/4*x*z^2 - 3/8*x^2 + 1/4*y^2 + 5/4*z^2 - 1/2*x - 1/8, x^4*z^2 + x^3*z^2 - 1/4*x^4 - 3*x^2*z^2 - 1/4*x^3 - 3/4*x*y^2 - 2*x*z^2 + 3/4*x^2 - 3/4*y^2 + z^2 + 5/4*x + 1/2, x^5 + 2*x^4 - 2*x^3 - 5*x^2 - x + 1, x^4*y + 2*x^4*z + x^3*y + 2*x^3*z - 3*x^2*y - 6*x^2*z - 2*x*y - 4*x*z + y + 2*z, x^2*y^2 + 2*x*y^2 - x^2 + y^2 - 2*x - 1, x*y^3 + 2*x*y^2*z + y^3 + 2*y^2*z - x*y - 2*x*z - y - 2*z]"
15,aaaaaabbbAAABBB,2,2,"[x*z^6 + z^6 - 3/2*x*z^4 - 2095/72*x^2*y*z + 79/48*x^2*z^2 - 3/2*z^4 + 2207/64*x^3 + 1891/96*x*y^2 - 527/36*x*y*z + 1753/144*x*z^2 + 345/32*x^2 + 1891/96*y^2 + 347/24*y*z + 379/36*z^2 - 5247/64*x - 1865/32, x^3*z^2 - 20*x^2*y*z + 2*x^2*z^2 + 81/4*x^3 + 23/2*x*y^2 - 12*x*y*z + 11*x*z^2 + 27/4*x^2 + 23/2*y^2 + 8*y*z + 10*z^2 - 189/4*x - 135/4, x^2*y*z^2 - 33/32*x^3*z - 19/32*x*y^2*z + 1/2*x*y*z^2 - 5/8*x*z^3 - 1/32*x^2*y - 9/32*x^2*z - 19/32*y^2*z - 1/2*y*z^2 - 5/8*z^3 - 1/32*x*y + 83/32*x*z + 59/32*z, x*y^2*z^2 - 4*x*z^4 + 79*x^2*y*z - 3*x^2*z^2 + y^2*z^2 - 4*z^4 - 351/4*x^3 - 99/2*x*y^2 + 43*x*y*z - 38*x*z^2 - 117/4*x^2 - 99/2*y^2 - 36*y*z - 35*z^2 + 819/4*x + 585/4, x^2*z^3 + 61/64*x^3*z - 139/192*x*y^2*z - 25/12*x*y*z^2 + 35/48*x*z^3 - 289/192*x^2*y + 117/64*x^2*z - 139/192*y^2*z - 25/12*y*z^2 - 13/48*z^3 - 217/192*x*y + 875/192*x*z + 3/8*y + 707/192*z, x*y*z^3 + 2*x*z^4 - 51*x^2*y*z + y*z^3 + 2*z^4 + 891/16*x^3 + 489/16*x*y^2 - 117/4*x*y*z + 93/4*x*z^2 + 333/16*x^2 + 489/16*y^2 + 87/4*y*z + 93/4*z^2 - 2007/16*x - 1449/16, x^4 + 152/9*x^2*y*z - 4/3*x^2*z^2 - 16*x^3 - 26/3*x*y^2 + 104/9*x*y*z - 112/9*x*z^2 - 9*x^2 - 26/3*y^2 - 16/3*y*z - 100/9*z^2 + 34*x + 26, x^3*y + 1/2*x^3*z + 5/6*x*y^2*z + 4/3*x*y*z^2 - 2/3*x*z^3 + 5/6*x^2*y - 7/2*x^2*z + 5/6*y^2*z + 4/3*y*z^2 - 2/3*z^3 - 1/6*x*y - 37/6*x*z - 13/6*z, x^2*y^2 - 8*x^2*y*z + 9*x^3 + 7*x*y^2 - 4*x*y*z + 4*x*z^2 + 6*y^2 + 4*y*z + 4*z^2 - 27*x - 18, x*y^3 + 1/4*x^3*z + 17/12*x*y^2*z - 4/3*x*y*z^2 - 1/3*x*z^3 - 13/12*x^2*y + y^3 + 9/4*x^2*z + 17/12*y^2*z - 4/3*y*z^2 - 1/3*z^3 - 49/12*x*y - 1/12*x*z - 3*y - 25/12*z]"
15,aaaaaabAbaaaBaB,2,2,"[x^3*z^2 + x^2*y^2 + x^2*z^2 + x*y^2 - 3*x*z^2 - 3*z^2, x^2*z^3 - 3/2*x^3*z + x*y^2*z - 3*x*y*z^2 + x*z^3 - 3/2*x^2*z + y^2*z - 3*y*z^2 - 3/2*x*y + 9/2*x*z - 3/2*y + 9/2*z, x^4 + x^2*y^2 + 2/3*x^2*z^2 + x^3 + 5/3*x*y^2 - 3*x*y*z + 2/3*x*z^2 - 3*x^2 + 2/3*y^2 - 3*y*z - 2*x + 1, x^3*y + 2*x^2*y - x^2*z + x*y - 2*x*z - z, x*y^3 + 1/2*x^3*z - 3*x*y^2*z + x*z^3 - 3*x^2*y + y^3 + 1/2*x^2*z - 3*y^2*z + z^3 - 5/2*x*y + 3/2*x*z + 1/2*y + 3/2*z, x^2*y*z - 1/3*x^2*z^2 - 1/3*x*y^2 + 2*x*y*z - 4/3*x*z^2 - 1/3*y^2 + y*z - z^2]"
15,aaaaaabAbAAABaB,2,2,"[x^3*z^2 + 17/22*x^2*y*z + 43/22*x^2*z^2 - 29/22*x^3 + 1/22*x*y^2 - 14/11*x*y*z - 9/11*x*z^2 - 3/11*x^2 + 1/22*y^2 - 45/22*y*z - 39/22*z^2 + 57/22*x + 17/11, x^2*y*z^2 - 45/142*x^3*z - 156/71*x*y^2*z - 273/71*x*y*z^2 - 209/71*x*z^3 - 3/71*x^2*y + 307/142*x^2*z - 156/71*y^2*z - 344/71*y*z^2 - 209/71*z^3 - 73/142*x*y + 771/142*x*z - 67/142*y + 419/142*z, x*y^2*z^2 - 229/110*x^2*y*z + 73/110*x^2*z^2 + y^2*z^2 + 373/220*x^3 - 51/110*x*y^2 + 21/55*x*y*z + 74/55*x*z^2 - 3/44*x^2 - 51/110*y^2 + 271/110*y*z + 15/22*z^2 - 109/44*x - 157/220, x^2*z^3 + 507/710*x^3*z + 1147/355*x*y^2*z + 3587/355*x*y*z^2 + 541/71*x*z^3 + 119/355*x^2*y - 2711/710*x^2*z + 1147/355*y^2*z + 3587/355*y*z^2 + 470/71*z^3 + 813/710*x*y - 8573/710*x*z + 115/142*y - 1071/142*z, x*y*z^3 + 2889/1760*x^2*y*z - 2423/1760*x^2*z^2 + y*z^3 - 3409/1760*x^3 + 1741/1760*x*y^2 - 1131/880*x*y*z - 547/440*x*z^2 + 53/88*x^2 + 1741/1760*y^2 - 5151/1760*y*z + 47/352*z^2 + 791/352*x - 257/880, x*z^4 - 3629/1760*x^2*y*z + 2803/1760*x^2*z^2 + z^4 + 5189/1760*x^3 - 2561/1760*x*y^2 + 1831/880*x*y*z + 167/440*x*z^2 - 71/88*x^2 - 2561/1760*y^2 + 7291/1760*y*z - 427/352*z^2 - 1251/352*x + 177/880, x^4 + 5/8*x^2*y*z + 5/8*x^2*z^2 + 11/8*x^3 - 7/8*x*y^2 + 1/4*x*y*z + 1/2*x*z^2 - 5/2*x^2 - 7/8*y^2 - 3/8*y*z - 1/8*z^2 - 17/8*x + 3/4, x^3*y - 286/355*x^3*z + 308/355*x*y^2*z - 952/355*x*y*z^2 - 188/71*x*z^3 + 66/355*x^2*y - 537/355*x^2*z + 308/355*y^2*z - 952/355*y*z^2 - 188/71*z^3 - 759/355*x*y + 1104/355*x*z - 94/71*y + 271/71*z, x^2*y^2 + 41/44*x^2*y*z + 17/44*x^2*z^2 - 57/44*x^3 + 49/44*x*y^2 - 37/22*x*y*z - 17/11*x*z^2 - 24/11*x^2 + 5/44*y^2 - 115/44*y*z - 85/44*z^2 + 87/44*x + 63/22, x*y^3 - 333/710*x^3*z + 507/355*x*y^2*z + 2112/355*x*y*z^2 + 253/71*x*z^3 + 489/355*x^2*y + y^3 - 1761/710*x^2*z + 507/355*y^2*z + 2112/355*y*z^2 + 253/71*z^3 - 597/710*x*y - 4263/710*x*z - 315/142*y - 567/142*z]"
15,aaaaaabABaaabaB,2,2,"[x*z^3 + z^3 - 3/2*x*y - 3*x*z - 3/2*y - 3*z, x*y^2 + 2*x*z^2 + y^2 + 2*z^2 - 6*x - 6, x*y*z + y*z + 3*x + 3, x^2 + 2*x + 1]"
15,aaaaaabABAAAbaB,2,2,"[x*z^3 + z^3 - 7/18*x*y - 31/9*x*z - 7/18*y - 31/9*z, x*y^2 - 10/7*x*z^2 + y^2 - 10/7*z^2 + 10/21*x + 10/21, x*y*z + 8/7*x*z^2 + y*z + 8/7*z^2 - 1/21*x - 1/21, x^2 + 2*x + 1]"
15,aaaaaaBabaaaBAb,2,2,"[x*z^3 + z^3 - 3/2*x*y - 3*x*z - 3/2*y - 3*z, x*y^2 + 2*x*z^2 + y^2 + 2*z^2 - 6*x - 6, x*y*z + y*z + 3*x + 3, x^2 + 2*x + 1]"
15,aaaaaaBabAAABAb,2,2,"[x*z^3 + z^3 - 7/18*x*y - 31/9*x*z - 7/18*y - 31/9*z, x*y^2 - 10/7*x*z^2 + y^2 - 10/7*z^2 + 10/21*x + 10/21, x*y*z + 8/7*x*z^2 + y*z + 8/7*z^2 - 1/21*x - 1/21, x^2 + 2*x + 1]"
15,aaaaaaBaBaaabAb,2,2,"[x^3*z^2 + x^2*y^2 + x^2*z^2 + x*y^2 - 3*x*z^2 - 3*z^2, x^2*z^3 - 3/2*x^3*z + x*y^2*z - 3*x*y*z^2 + x*z^3 - 3/2*x^2*z + y^2*z - 3*y*z^2 - 3/2*x*y + 9/2*x*z - 3/2*y + 9/2*z, x^4 + x^2*y^2 + 2/3*x^2*z^2 + x^3 + 5/3*x*y^2 - 3*x*y*z + 2/3*x*z^2 - 3*x^2 + 2/3*y^2 - 3*y*z - 2*x + 1, x^3*y + 2*x^2*y - x^2*z + x*y - 2*x*z - z, x*y^3 + 1/2*x^3*z - 3*x*y^2*z + x*z^3 - 3*x^2*y + y^3 + 1/2*x^2*z - 3*y^2*z + z^3 - 5/2*x*y + 3/2*x*z + 1/2*y + 3/2*z, x^2*y*z - 1/3*x^2*z^2 - 1/3*x*y^2 + 2*x*y*z - 4/3*x*z^2 - 1/3*y^2 + y*z - z^2]"
15,aaaaaaBaBAAAbAb,2,2,"[x^3*z^2 - 37/7*x^2*y*z - 68/7*x^2*z^2 - 17/7*x^3 - 19/7*x*y^2 + 51/7*x*y*z - 83/7*x*z^2 - 39/7*x^2 - 19/7*y^2 + 88/7*y*z - 8/7*z^2 + 72/7*x + 94/7, x^2*y*z^2 + 2253/2098*x^3*z - 4280/1049*x*y^2*z - 895/1049*x*y*z^2 - 23/1049*x*z^3 + 517/1049*x^2*y + 5381/2098*x^2*z - 4280/1049*y^2*z - 1944/1049*y*z^2 - 23/1049*z^3 - 79/2098*x*y + 1197/2098*x*z - 1113/2098*y - 1931/2098*z, x*y^2*z^2 + 41/5*x^2*y*z + 126/5*x^2*z^2 + y^2*z^2 + 25/4*x^3 + 6*x*y^2 - 92/5*x*y*z + 136/5*x*z^2 + 251/20*x^2 + 6*y^2 - 133/5*y*z + 2*z^2 - 477/20*x - 603/20, x^2*z^3 + 177/2098*x^3*z + 1305/1049*x*y^2*z - 819/1049*x*y*z^2 + 1219/1049*x*z^3 - 127/1049*x^2*y + 135/2098*x^2*z + 1305/1049*y^2*z - 819/1049*y*z^2 + 170/1049*z^3 - 9/2098*x*y - 2599/2098*x*z + 245/2098*y - 2557/2098*z, x*y*z^3 - 4551/280*x^2*y*z - 12991/280*x^2*z^2 + y*z^3 - 631/56*x^3 - 627/56*x*y^2 + 4631/140*x*y*z - 3499/70*x*z^2 - 1621/70*x^2 - 627/56*y^2 + 13813/280*y*z - 201/56*z^2 + 12293/280*x + 7811/140, x*z^4 + 6371/280*x^2*y*z + 16771/280*x^2*z^2 + z^4 + 743/56*x^3 + 767/56*x*y^2 - 6031/140*x*y*z + 4269/70*x*z^2 + 4047/140*x^2 + 767/56*y^2 - 18433/280*y*z + 61/56*z^2 - 14813/280*x - 2399/35, x^4 + 47/14*x^2*y*z + 135/14*x^2*z^2 + 53/14*x^3 + 23/14*x*y^2 - 55/7*x*y*z + 74/7*x*z^2 + 19/7*x^2 + 23/14*y^2 - 157/14*y*z + 13/14*z^2 - 159/14*x - 79/7, x^3*y + 1510/1049*x^3*z - 1772/1049*x*y^2*z - 248/1049*x*y*z^2 + 364/1049*x*z^3 + 666/1049*x^2*y + 885/1049*x^2*z - 1772/1049*y^2*z - 248/1049*y*z^2 + 364/1049*z^3 - 2157/1049*x*y - 1536/1049*x*z - 1774/1049*y - 911/1049*z, x^2*y^2 + 10/7*x^2*y*z + 4/7*x^2*z^2 - 6/7*x^3 + 11/7*x*y^2 + 11/7*x*y*z + 2/7*x*z^2 - 15/7*x^2 + 4/7*y^2 + 1/7*y*z - 2/7*z^2 - 3/7*x + 6/7, x*y^3 - 5823/2098*x^3*z + 6993/1049*x*y^2*z + 4488/1049*x*y*z^2 + 79/1049*x*z^3 + 231/1049*x^2*y + y^3 - 8175/2098*x^2*z + 6993/1049*y^2*z + 4488/1049*y*z^2 + 79/1049*z^3 - 3651/2098*x*y + 267/2098*x*z - 4113/2098*y + 2619/2098*z]"
15,aaaaaaBAbaaaBab,2,2,"[x*z^3 + z^3 - 3/2*x*y - 3/2*y, x*y^2 - 2*x*z^2 + y^2 - 2*z^2 - 6*x - 6, x*y*z + 2*x*z^2 + y*z + 2*z^2 + 3*x + 3, x^2 + 2*x + 1]"
15,aaaaaaBAbAAABab,2,2,"[x*z^3 + z^3 + 1/18*x*y + 4/9*x*z + 1/18*y + 4/9*z, x*y^2 - 10*x*z^2 + y^2 - 10*z^2 - 10/3*x - 10/3, x*y*z + 2*x*z^2 + y*z + 2*z^2 + 1/3*x + 1/3, x^2 + 2*x + 1]"
15,aaaaaaBABaaabab,2,2,"[x*z^4 + z^4 + 3/2*x*y*z - x*z^2 + 3/2*y*z - z^2, x^4 + x^3 - x*y*z - 2*x*z^2 - 3*x^2 - y*z - 2*z^2 - 2*x + 1, x*y^2*z - 2*x*z^3 + y^2*z - 2*z^3 + 4*x*z + 4*z, x*y*z^2 + 2*x*z^3 + y*z^2 + 2*z^3 - 3*x*z - 3*z, x^2*z + 2*x*z + z]"
15,aaaaaaBABAAAbab,2,2,"[x^3*z^2 + x^2*y*z + 3*x^2*z^2 - 3*x^3 + x*y*z + x*z^2 - 7*x^2 - z^2 - 2*x + 2, x^2*y*z^2 - 1/5*x^3*z + 2/5*x*y^2*z + 13/5*x*y*z^2 - 2/5*x*z^3 - 2*x^2*y - 1/5*x^2*z + 2/5*y^2*z + 8/5*y*z^2 - 2/5*z^3 - 26/5*x*y + 4/5*x*z - 16/5*y + 4/5*z, x*y^2*z^2 - 2/9*x^2*y*z + 1/9*x^2*z^2 + y^2*z^2 + 1/3*x^3 - 20/9*x*y^2 + 7/9*x*y*z - 4/9*x*z^2 - 8/9*x^2 - 20/9*y^2 + y*z - 5/9*z^2 - 1/9*x + 10/9, x^2*z^3 - 2/5*x^3*z - 6/5*x*y^2*z - 14/5*x*y*z^2 + 6/5*x*z^3 + 2*x^2*y - 12/5*x^2*z - 6/5*y^2*z - 14/5*y*z^2 + 1/5*z^3 + 38/5*x*y - 12/5*x*z + 28/5*y - 2/5*z, x*y*z^3 - 8/9*x^2*y*z - 19/18*x^2*z^2 + y*z^3 + 1/3*x^3 + 10/9*x*y^2 - 61/18*x*y*z - 7/9*x*z^2 + 53/18*x^2 + 10/9*y^2 - 5/2*y*z + 5/18*z^2 + 37/18*x - 5/9, x*z^4 + 4/9*x^2*y*z + 1/36*x^2*z^2 + z^4 - 1/6*x^3 - 5/9*x*y^2 + 25/36*x*y*z - 37/9*x*z^2 - 17/36*x^2 - 5/9*y^2 + 1/4*y*z - 149/36*z^2 + 143/36*x + 77/18, x^4 + 8/9*x^2*y*z + 1/18*x^2*z^2 + 2/3*x^3 - 10/9*x*y^2 + 25/18*x*y*z - 2/9*x*z^2 - 71/18*x^2 - 10/9*y^2 + 1/2*y*z - 5/18*z^2 - 37/18*x + 14/9, x^3*y + 7/30*x^3*z - 3/10*x*y^2*z + 7/15*x*y*z^2 + 2/15*x*z^3 + 5/6*x^2*y - 23/30*x^2*z - 3/10*y^2*z + 7/15*y*z^2 + 2/15*z^3 - 21/10*x*y - 23/30*x*z - 29/15*y + 7/30*z, x^2*y^2 - 14/9*x^2*y*z - 17/36*x^2*z^2 + 4/3*x^3 + 13/9*x*y^2 - 23/9*x*y*z + 7/18*x*z^2 + 16/9*x^2 + 4/9*y^2 - y*z + 31/36*z^2 - 7/9*x - 11/9, x*y^3 + 8/75*x^3*z + 21/50*x*y^2*z + 79/300*x*y*z^2 + 67/150*x*z^3 - 19/30*x^2*y + y^3 + 68/75*x^2*z + 21/50*y^2*z + 79/300*y*z^2 + 67/150*z^3 - 213/50*x*y + 47/300*x*z - 272/75*y - 193/300*z]"
15,aaaaaaBBBaaabbb,2,2,"[x*y^2*z^4 + y^2*z^4 - 5/4*x*y^2*z^2 - x*z^4 + 1/8*x^4 - 5/4*y^2*z^2 - z^4 + 1/8*x^3 + 1/4*x*y^2 + 5/4*x*z^2 - 3/8*x^2 + 1/4*y^2 + 5/4*z^2 - 1/2*x - 1/8, x^4*z^2 + x^3*z^2 - 1/4*x^4 - 3*x^2*z^2 - 1/4*x^3 - 3/4*x*y^2 - 2*x*z^2 + 3/4*x^2 - 3/4*y^2 + z^2 + 5/4*x + 1/2, x^5 + 2*x^4 - 2*x^3 - 5*x^2 - x + 1, x^4*y + 2*x^4*z + x^3*y + 2*x^3*z - 3*x^2*y - 6*x^2*z - 2*x*y - 4*x*z + y + 2*z, x^2*y^2 + 2*x*y^2 - x^2 + y^2 - 2*x - 1, x*y^3 + 2*x*y^2*z + y^3 + 2*y^2*z - x*y - 2*x*z - y - 2*z]"
15,aaaaaaBBBAAAbbb,2,2,"[x*z^6 + z^6 - 3/2*x*z^4 - 2303/180*x^2*y*z + 79/48*x^2*z^2 - 3/2*z^4 + 4483/320*x^3 + 2813/480*x*y^2 - 445/36*x*y*z + 989/144*x*z^2 + 363/32*x^2 + 2813/480*y^2 + 13/30*y*z + 47/9*z^2 - 6219/320*x - 2683/160, x^3*z^2 + 26/5*x^2*y*z + 2*x^2*z^2 - 81/20*x^3 - 1/5*x*y^2 + 6*x*y*z - 7*x*z^2 - 27/4*x^2 - 1/5*y^2 + 4/5*y*z - 8*z^2 - 27/20*x + 27/20, x^2*y*z^2 - 7/8*x^3*z + 1/24*x*y^2*z + 5/3*x*y*z^2 - 5/6*x*z^3 + 5/24*x^2*y - 15/8*x^2*z + 1/24*y^2*z + 2/3*y*z^2 - 5/6*z^3 + 5/24*x*y - 37/24*x*z - 13/24*z, x*y^2*z^2 - 4*x*z^4 - 47/5*x^2*y*z - 3*x^2*z^2 + y^2*z^2 - 4*z^4 + 27/20*x^3 - 18/5*x*y^2 - 13*x*y*z + 20*x*z^2 + 45/4*x^2 - 18/5*y^2 - 18/5*y*z + 23*z^2 + 369/20*x + 171/20, x^2*z^3 + 109/48*x^3*z - 283/144*x*y^2*z - 49/9*x*y*z^2 - 37/36*x*z^3 - 425/144*x^2*y + 131/16*x^2*z - 283/144*y^2*z - 49/9*y*z^2 - 73/36*z^3 - 371/144*x*y + 2335/144*x*z + 3/8*y + 1483/144*z, x*y*z^3 + 2*x*z^4 + 93/10*x^2*y*z + y*z^3 + 2*z^4 - 351/80*x^3 + 51/80*x*y^2 + 45/4*x*y*z - 69/4*x*z^2 - 153/16*x^2 + 51/80*y^2 + 39/20*y*z - 69/4*z^2 - 477/80*x - 63/80, x^4 - 496/45*x^2*y*z - 4/3*x^2*z^2 + 46/5*x^3 + 32/15*x*y^2 - 104/9*x*y*z + 88/9*x*z^2 + 9*x^2 + 32/15*y^2 - 8/15*y*z + 100/9*z^2 - 28/5*x - 32/5, x^3*y - 2/3*x^3*z + 8/9*x*y^2*z + 20/9*x*y*z^2 + 8/9*x*z^3 + 13/9*x^2*y - 6*x^2*z + 8/9*y^2*z + 20/9*y*z^2 + 8/9*z^3 + 4/9*x*y - 80/9*x*z - 32/9*z, x^2*y^2 - 16/5*x^2*y*z + 9/5*x^3 + 11/5*x*y^2 - 4*x*y*z + 4*x*z^2 + 6/5*y^2 - 4/5*y*z + 4*z^2 - 27/5*x - 18/5, x*y^3 - 5/3*x^3*z + 29/9*x*y^2*z + 32/9*x*y*z^2 + 20/9*x*z^3 + 19/9*x^2*y + y^3 - 7*x^2*z + 29/9*y^2*z + 32/9*y*z^2 + 20/9*z^3 - 8/9*x*y - 173/9*x*z - 3*y - 125/9*z]"
15,aaaabaaaabaaaab,2,2,"[x^3*z^4 - x^2*y*z^3 - 1/8*x^4*z - 3/4*x^3*z^2 - 2*x*z^4 + 1/8*x^3*y + 3/4*x^2*y*z + y*z^3 + 1/4*x^2*z + 3/2*x*z^2 + z^3 - 1/8*x*y - 3/4*y*z - 1/8*x - 3/4*z, x^5*z + 4*x^3*z^3 - x^4*y - 4*x^2*y*z^2 - 6*x^3*z - 8*x*z^3 + 5*x^2*y + 4*y*z^2 + x^2 + 8*x*z + 4*z^2 - 4*y - 4, x^4*z^2 - 2*x^3*z^3 + 2*x^2*y*z^2 - x^2*y^2 + x^3*z - 2*x^2*z^2 + 4*x*z^3 - x^2*y - x*y*z - 2*y*z^2 + y^2 - x*z - 2*z^2 + 2*y + 1, x^3*y*z - x^2*y^2 - 2*x*y*z + y^2 + y]"
15,aaaabaaaBAbaaaB,2,2,"[x^2*z^4 + x*y^3*z - x*y^2*z^2 - 7/4*x^2*y^2 + 1/10*x^2*y*z + y^3*z - 11/4*x^2*z^2 - y^2*z^2 - z^4 - 3/20*x^3 - 1/10*x*y^2 + 17/20*x*y*z - 1/10*x*z^2 + 7/4*x^2 + 33/20*y^2 + 3/4*y*z + 53/20*z^2 + 2/5*x - 3/2, x^3*y^2 + 1/6*x^2*y^2 - 1/3*x^2*y*z + 1/6*x^2*z^2 - 1/6*x^3 - 5/3*x*y^2 - 1/2*x*y*z + 1/3*x*z^2 - 1/6*x^2 - 5/6*y^2 - 1/6*y*z + 1/6*z^2, x^2*y^3 - 166/199*x^2*z^3 - 127/199*x^3*y - 166/199*x*y^3 + 7/199*x^3*z + 166/199*x*y^2*z - x*y*z^2 + x*z^3 - x^2*y - 365/199*y^3 + 166/199*x^2*z + 166/199*y^2*z - y*z^2 + 365/199*z^3 + 420/199*x*y - 213/199*x*z + 492/199*y - 372/199*z, x*y^4 - x*y^3*z + x*y^2*z^2 - x*y*z^3 + x*z^4 - 55/24*x^2*y^2 + y^4 + 29/60*x^2*y*z - y^3*z - 55/24*x^2*z^2 + y^2*z^2 - y*z^3 + z^4 - 7/120*x^3 - 149/60*x*y^2 + 151/40*x*y*z - 149/60*x*z^2 + 55/24*x^2 - 23/120*y^2 + 79/24*y*z - 23/120*z^2 + 8/5*x - 3/4, x^3*y*z + 11/4*x^2*y^2 + x^2*y*z + 11/4*x^2*z^2 + 1/4*x^3 - x*y^2 - 15/4*x*y*z - x*z^2 - 11/4*x^2 - 15/4*y^2 - 15/4*y*z - 15/4*z^2 + 1/2*x + 7/2, x^2*y^2*z + 175/199*x^2*z^3 + 20/199*x^3*y - 24/199*x*y^3 + 13/199*x^3*z + 24/199*x*y^2*z - x*y*z^2 - 24/199*y^3 - 175/199*x^2*z - 175/199*y^2*z - y*z^2 - 175/199*z^3 - 16/199*x*y - 26/199*x*z + 4/199*y + 162/199*z, x^3*z^2 - 13/12*x^2*y^2 - 1/3*x^2*y*z - 13/12*x^2*z^2 - 11/12*x^3 + 1/3*x*y^2 + 3/4*x*y*z - 5/3*x*z^2 + 13/12*x^2 + 17/12*y^2 + 13/12*y*z + 5/12*z^2 + 3/2*x - 1/2, x^2*y*z^2 + 90/199*x^2*z^3 + 124/199*x^3*y + 90/199*x*y^3 + 1/199*x^3*z - 289/199*x*y^2*z + x*y*z^2 - x*z^3 + 90/199*y^3 - 90/199*x^2*z - 289/199*y^2*z - 289/199*z^3 - 338/199*x*y + 197/199*x*z - 214/199*y + 288/199*z, x^4 + 25/12*x^2*y^2 + 1/3*x^2*y*z + 25/12*x^2*z^2 + 11/12*x^3 - 1/3*x*y^2 - 7/4*x*y*z - 1/3*x*z^2 - 49/12*x^2 - 29/12*y^2 - 25/12*y*z - 29/12*z^2 - 5/2*x + 3/2]"
15,aaaabaaaBAbAAAB,2,2,[x + 1]
15,aaaabaaaBABaaab,2,2,"[x^5 - x^3*y^2 - 1/2*x^4 + 1/2*x^2*y^2 + 3/4*x^2*y*z - 3/2*x^2*z^2 - 15/4*x^3 + x*y^2 - 1/2*x*y*z + 5/4*x*z^2 + 3/2*x^2 - 1/2*y^2 - 5/4*y*z + 11/4*z^2 + 11/4*x - 1, x^4*y - x^2*y^3 - 14/3*x^2*z^3 - 4/3*x^3*z - x*y^2*z + 13/3*x*y*z^2 + 5/3*x*z^3 - 2/3*x^2*y + y^3 + 14/3*x^2*z - y^2*z + 13/3*y*z^2 + 19/3*z^3 - 16/3*x*y + x*z - 17/3*y - 5*z, x^4*z - 2/3*x^2*z^3 - x^3*y + 2/3*x^3*z + 1/3*x*y*z^2 - 1/3*x*z^3 - 2/3*x^2*y - 4/3*x^2*z + 1/3*y*z^2 + 1/3*z^3 + 2/3*x*y - 2*x*z + 1/3*y - z, x^3*y*z - x^4 + x^2*y*z - x^2*z^2 - x^3 - x*y*z + 3*x^2 - y*z + z^2 + 3*x, x^2*y^2*z - 4/3*x^2*z^3 - x^3*y - 2/3*x^3*z - 1/3*x*y*z^2 + 4/3*x*z^3 + 2/3*x^2*y + 4/3*x^2*z - y^2*z - 1/3*y*z^2 + 8/3*z^3 + 7/3*x*y + 2/3*y - 2*z, x^3*z^2 - 1/2*x^4 + 1/2*x^2*y^2 + 1/4*x^2*y*z + 1/2*x^2*z^2 - 5/4*x^3 + 1/2*x*y*z - 13/4*x*z^2 + 1/2*x^2 - 1/2*y^2 + 1/4*y*z - 11/4*z^2 + 17/4*x + 3, x^2*y*z^2 + 2/3*x^2*z^3 + 1/3*x^3*z + 2/3*x*y*z^2 - 5/3*x*z^3 - 4/3*x^2*y - 2/3*x^2*z - 1/3*y*z^2 - 7/3*z^3 - 2/3*x*y + x*z + 2/3*y + 2*z, x*y^2*z^2 + 5*x^4 - 5*x^2*y^2 - 11/2*x^2*y*z + 3*x^2*z^2 + y^2*z^2 + 11/2*x^3 - x*y^2 - 5*x*y*z + 1/2*x*z^2 - 13*x^2 + 4*y^2 + 1/2*y*z - 5/2*z^2 - 33/2*x - 3, x*y*z^3 + x^4 - x^2*y^2 - x^2*y*z + y*z^3 + x^3 - 2*x*y*z - 2*x^2 + y^2 - y*z - 3*x - 1, x*z^4 + z^4 - 2*x*z^2 - 2*z^2 + x + 1]"
15,aaaabaaaBABAAAb,2,2,"[x*y*z^3 + y*z^3 + 1/5*x^3 - 2/5*x*y^2 - 7/5*x*y*z + 1/5*x*z^2 + 3/5*x^2 - 2/5*y^2 - 7/5*y*z + 1/5*z^2 + 1/5*x - 1/5, x*z^4 + z^4 - 2*x*z^2 - 2*z^2 + x + 1, x^4 + 7/5*x^3 - 4/5*x*y^2 - 4/5*x*y*z + 2/5*x*z^2 - 9/5*x^2 - 4/5*y^2 - 4/5*y*z + 2/5*z^2 - 13/5*x - 2/5, x^3*y - 2*x*y*z^2 + x^2*y - x^2*z - 2*y*z^2 + x*y - 2*x*z + y - z, x^2*y^2 + 4/5*x^3 + 2/5*x*y^2 - 13/5*x*y*z - 6/5*x*z^2 + 7/5*x^2 - 3/5*y^2 - 13/5*y*z - 6/5*z^2 - 1/5*x - 4/5, x*y^3 - 5/2*x*y*z^2 - 2*x*z^3 + 3/4*x^2*y + y^3 - 5/2*y*z^2 - 2*z^3 + x*y + 3/4*x*z + 1/4*y + 3/4*z, x^3*z - x^2*y + 2*x^2*z - 2*x*y - y - z, x^2*y*z - 3/5*x^3 - 4/5*x*y^2 + 6/5*x*y*z - 3/5*x*z^2 - 4/5*x^2 - 4/5*y^2 + 1/5*y*z - 3/5*z^2 + 7/5*x + 8/5, x*y^2*z - 3/2*x*y*z^2 - 1/2*x*z^3 - 1/2*x^2*y - 1/2*x^2*z + y^2*z - 3/2*y*z^2 - 1/2*z^3 + 3/2*x*y - 1/2*x*z + 2*y, x^2*z^2 + x^3 - 2*x*y*z + x*z^2 + x^2 - 2*y*z - 2*x - 2]"
15,aaaabAAABAbaaaB,2,2,[x + 1]
15,aaaabAAABAbAAAB,2,2,"[x^2*z^4 + x*y^3*z - x*y^2*z^2 - 164/107*x^2*y^2 + 913/1070*x^2*y*z + y^3*z - 378/107*x^2*z^2 - y^2*z^2 - z^4 + 242/535*x^3 + 157/1070*x*y^2 + 413/1070*x*y*z + 1227/1070*x*z^2 + 3437/1070*x^2 + 1797/1070*y^2 - 50/107*y*z + 5007/1070*z^2 - 553/214*x - 2859/535, x^3*y^2 + 17/107*x^2*y^2 + 9/107*x^2*y*z + 17/107*x^2*z^2 - 70/107*x^3 - 223/107*x*y^2 - 8/107*x*y*z - 9/107*x*z^2 - 43/107*x^2 - 133/107*y^2 - 17/107*y*z - 26/107*z^2 + 166/107*x + 139/107, x^2*y^3 - 126/59*x^2*z^3 + 290/59*x^3*y - 126/59*x*y^3 + 81/59*x^3*z + 126/59*x*y^2*z - x*y*z^2 + x*z^3 - 244/59*x^2*y - 185/59*y^3 + 311/59*x^2*z + 126/59*y^2*z - y*z^2 + 185/59*z^3 - 395/59*x*y - 347/59*x*z + 139/59*y - 577/59*z, x*y^4 - x*y^3*z + x*y^2*z^2 - x*y*z^3 + x*z^4 + 185/214*x^2*y^2 + y^4 - 2111/2140*x^2*y*z - y^3*z + 185/214*x^2*z^2 + y^2*z^2 - y*z^3 + z^4 + 223/535*x^3 - 4309/2140*x*y^2 + 4599/2140*x*y*z - 4309/2140*x*z^2 - 1589/2140*x^2 - 6159/2140*y^2 + 671/214*y*z - 6159/2140*z^2 + 19/428*x + 644/535, x^3*y*z - 87/107*x^2*y^2 - 2/107*x^2*y*z - 87/107*x^2*z^2 + 75/107*x^3 + 2/107*x*y^2 - 129/107*x*y*z + 2/107*x*z^2 + 176/107*x^2 + 89/107*y^2 - 20/107*y*z + 89/107*z^2 - 239/107*x - 340/107, x^2*y^2*z + 175/59*x^2*z^3 - 429/59*x^3*y + 116/59*x*y^3 - 83/59*x^3*z - 116/59*x*y^2*z - x*y*z^2 + 116/59*x^2*y + 116/59*y^3 - 350/59*x^2*z - 175/59*y^2*z - y*z^2 - 175/59*z^3 + 742/59*x*y + 341/59*x*z + 197/59*y + 608/59*z, x^3*z^2 + 52/107*x^2*y^2 - 48/107*x^2*y*z + 52/107*x^2*z^2 - 233/107*x^3 + 48/107*x*y^2 - 100/107*x*y*z - 166/107*x*z^2 - 56/107*x^2 - 4/107*y^2 - 52/107*y*z - 111/107*z^2 + 470/107*x + 293/107, x^2*y*z^2 + 90/59*x^2*z^3 - 224/59*x^3*y + 90/59*x*y^3 - 100/59*x^3*z - 149/59*x*y^2*z + x*y*z^2 - x*z^3 + 90/59*x^2*y + 90/59*y^3 - 239/59*x^2*z - 149/59*y^2*z - 149/59*z^3 + 358/59*x*y + 349/59*x*z + 44/59*y + 488/59*z, x^4 - 25/107*x^2*y^2 + 56/107*x^2*y*z - 25/107*x^2*z^2 + 40/107*x^3 - 56/107*x*y^2 + 81/107*x*y*z - 56/107*x*z^2 - 220/107*x^2 - 31/107*y^2 + 25/107*y*z - 31/107*z^2 - 156/107*x - 3/107]"
15,aaaabAAABABaaab,2,2,"[x*y*z^3 + y*z^3 - 2/3*x*y^2 - x*y*z - 1/3*x*z^2 + 1/3*x^2 - 2/3*y^2 - y*z - 1/3*z^2 + 4/3*x + 1, x*z^4 + z^4 - 2*x*z^2 - 2*z^2 + x + 1, x^4 + 3*x^3 + 4/3*x*y^2 - 4*x*y*z + 14/3*x*z^2 + 1/3*x^2 + 4/3*y^2 - 4*y*z + 14/3*z^2 - 35/3*x - 10, x^3*y - 2*x*y*z^2 + 4*x*z^3 + 3*x^2*y - x^2*z - 2*y*z^2 + 4*z^3 + x*y - 8*x*z - y - 7*z, x^2*y^2 + 2/3*x*y^2 - x*y*z - 2/3*x*z^2 - 1/3*x^2 - 1/3*y^2 - y*z - 2/3*z^2 - 1/3*x, x*y^3 + 1/2*x*y*z^2 - 3*x*z^3 - 5/4*x^2*y + y^3 + 1/2*y*z^2 - 3*z^3 - 2*x*y + 15/4*x*z - 3/4*y + 15/4*z, x^3*z - x^2*y + 2*x^2*z - 2*x*y - y - z, x^2*y*z - x^3 - 4/3*x*y^2 + 2*x*y*z - 5/3*x*z^2 - 4/3*x^2 - 4/3*y^2 + y*z - 5/3*z^2 + 11/3*x + 4, x*y^2*z - 3/2*x*y*z^2 + 1/2*x*z^3 - 1/2*x^2*z + y^2*z - 3/2*y*z^2 + 1/2*z^3 + 3/2*x*y - 2*x*z + 3/2*y - 3/2*z, x^2*z^2 - x^3 - 4/3*x*y^2 + 2*x*y*z - 5/3*x*z^2 - 7/3*x^2 - 4/3*y^2 + 2*y*z - 8/3*z^2 + 14/3*x + 6]"
15,aaaabAAABABAAAb,2,2,"[x^4*z^2 - 3*x^3*y*z + x^3*z^2 + x*z^4 + x^4 + x^2*y^2 - 2*x^2*y*z - x^2*z^2 + z^4 + x^3 + 4*x*y*z - 5*x*z^2 - 3*x^2 - y^2 + 3*y*z - 4*z^2 - 2*x + 1, x^3*y*z^2 - x^4*z - x^2*y^2*z - x^2*z^3 - x*y*z^2 + 4*x^2*z + y^2*z + z^3 + x*y + y - 3*z, x^3*z^3 - 7*x^4*z - x^2*y*z^2 - 4*x^2*z^3 + 5*x^3*y - 9*x^3*z + 4*x*y*z^2 - 4*x*z^3 + 11*x^2*y + 20*x^2*z + 5*y*z^2 + z^3 - x*y + 23*x*z - 7*y + z, x^2*y*z^3 - 8*x^3*y*z + x^3*z^2 - x*y^2*z^2 + x*y*z^3 + 6*x*z^4 + 9*x^4 + x^2*y^2 - 8*x^2*y*z + 6*x^2*z^2 - y^2*z^2 + 6*z^4 + 9*x^3 - x*y^2 + 10*x*y*z - 17*x*z^2 - 27*x^2 - 2*y^2 + 10*y*z - 22*z^2 - 18*x + 9, x^2*z^4 + 2*x^3*y*z - x*y*z^3 - x^2*y^2 - 2*x^2*z^2 - y*z^3 - z^4 - 4*x*y*z + x*z^2 + y^2 - 2*y*z + 3*z^2, x*y*z^4 - x^2*y^3 - 16*x^4*z - x^2*y^2*z + x^2*y*z^2 - 14*x^2*z^3 + y*z^4 + 7*x^3*y - 14*x^3*z - x*y^2*z + 13*x*y*z^2 - 5*x*z^3 + 19*x^2*y + y^3 + 55*x^2*z + 12*y*z^2 + 9*z^3 + 7*x*y + 35*x*z - 5*y - 18*z, x*z^5 + x^4*z - x^2*y^2*z - x^2*y*z^2 + z^5 - x^3*y + 3*x^3*z - 2*x*z^3 - 2*x^2*y - x^2*z + y^2*z + y*z^2 - 2*z^3 + 2*x*y - 7*x*z + 3*y - 4*z, x^5 + x^3*z^2 - x^4 - x^2*y*z - x^2*z^2 - 5*x^3 - x*z^2 + 4*x^2 + y*z + z^2 + 5*x - 2, x^4*y + x^3*z - x*y*z^2 + x*z^3 - 5*x^2*y + x^2*z - y*z^2 + z^3 - x*y - 3*x*z + 3*y - 3*z, x^3*y^2 - 8*x^3*y*z + 2*x^3*z^2 - x*y*z^3 + 6*x*z^4 + 7*x^4 + 3*x^2*y^2 - 9*x^2*y*z + 6*x^2*z^2 - y*z^3 + 6*z^4 + 7*x^3 - x*y^2 + 11*x*y*z - 17*x*z^2 - 21*x^2 - 3*y^2 + 12*y*z - 21*z^2 - 14*x + 7]"
15,aaaaBaaaaBaaaaB,2,2,"[x^4*y*z^3 - x^3*z^4 + 1/8*x^5*y - 3/4*x^4*y*z - 3*x^2*y*z^3 - 1/8*x^4*z + 3/4*x^3*z^2 + 2*x*z^4 - 3/8*x^3*y + 9/4*x^2*y*z + y*z^3 + 1/4*x^2*z - 3/2*x*z^2 + z^3 + 1/8*x*y - 3/4*y*z + 1/8*x - 3/4*z, x^6*y + 4*x^4*y*z^2 - x^5*z - 4*x^3*z^3 - 7*x^4*y - 12*x^2*y*z^2 + 6*x^3*z + 8*x*z^3 + 13*x^2*y + 4*y*z^2 + x^2 - 8*x*z + 4*z^2 - 4*y - 4, x^5*y*z + 2*x^4*y*z^2 - x^4*z^2 - 2*x^3*z^3 - x^4*y - 3*x^3*y*z - 6*x^2*y*z^2 + x^3*z + 2*x^2*z^2 + 4*x*z^3 + 3*x^2*y + x*y*z + 2*y*z^2 - x*z + 2*z^2 - y - 1, x^4*y^2 - x^3*y*z - 3*x^2*y^2 + 2*x*y*z + y^2 + y]"
15,aaaaBaaabAbaaaB,2,2,"[x^2*y^4 - 4/3*x*y^4 + 7/2*x^3*y*z + 19/6*x*y^3*z + 11/6*x^3*z^2 - 11/6*x*y^2*z^2 + 43/6*x^4 - 79/4*x^2*y^2 - 7/3*y^4 - 125/12*x^2*y*z + 19/6*y^3*z - 35/6*x^2*z^2 - 11/6*y^2*z^2 + 59/12*x^3 + 35/12*x*y^2 - 16/3*x*y*z + 59/12*x*z^2 - 17/2*x^2 + 68/3*y^2 + 103/12*y*z + 151/12*z^2 - 307/12*x - 58/3, x*y^5 - 3*x*y^3*z^2 - 2*x^3*z^3 + 2*x*y^2*z^3 - 1/2*x^2*y^3 + y^5 - 14*x^4*z - 18*x^2*y^2*z + 67/2*x^2*y*z^2 - 3*y^3*z^2 + x^2*z^3 + 2*y^2*z^3 + 45/2*x^3*y + 11/2*x*y^3 - 29/2*x^3*z - 109/2*x*y^2*z + 131/2*x*y*z^2 - 53/2*x*z^3 + 11*x^2*y + 6*y^3 + 27*x^2*z - 73/2*y^2*z + 32*y*z^2 - 59/2*z^3 - 131/2*x*y + 147/2*x*z - 54*y + 46*z, x^2*y^3*z - 5/3*x*y^4 + 5/2*x^3*y*z + 23/6*x*y^3*z + 7/6*x^3*z^2 - 13/6*x*y^2*z^2 + 17/6*x^4 - 43/4*x^2*y^2 - 5/3*y^4 - 85/12*x^2*y*z + 17/6*y^3*z - 25/6*x^2*z^2 - 13/6*y^2*z^2 + 19/12*x^3 + 55/12*x*y^2 - 11/3*x*y*z + 31/12*x*z^2 - 3/2*x^2 + 46/3*y^2 + 71/12*y*z + 95/12*z^2 - 131/12*x - 32/3, x*y^4*z - 2*x*y^3*z^2 - x^3*z^3 + x*y^2*z^3 - 3/2*x^2*y^3 - 8*x^4*z - 15/2*x^2*y^2*z + y^4*z + 17*x^2*y*z^2 - 2*y^3*z^2 + x^2*z^3 + y^2*z^3 + 21/2*x^3*y + 9/2*x*y^3 - 8*x^3*z - 26*x*y^2*z + 65/2*x*y*z^2 - 14*x*z^3 + 6*x^2*y + 6*y^3 + 15*x^2*z - 37/2*y^2*z + 31/2*y*z^2 - 16*z^3 - 63/2*x*y + 40*x*z - 27*y + 25*z, x^4*z^2 - 2/3*x*y^4 - x^3*y*z + 1/3*x*y^3*z - 1/3*x^3*z^2 + 4/3*x*y^2*z^2 - x*y*z^3 - 8/3*x^4 + 3/2*x^2*y^2 - 2/3*y^4 - 11/6*x^2*y*z + 1/3*y^3*z - 11/3*x^2*z^2 + 4/3*y^2*z^2 - y*z^3 - 7/6*x^3 + 23/6*x*y^2 + 13/3*x*y*z - 1/6*x*z^2 + 7*x^2 + 7/3*y^2 + 31/6*y*z + 13/6*z^2 + 29/6*x - 2/3, x^3*y*z^2 + 1/2*x^2*y^3 - x^4*z - 3/2*x^2*y^2*z + x^2*y*z^2 - x^2*z^3 + 1/2*x^3*y + 1/2*x*y^3 - x^3*z - 2*x*y^2*z + 3/2*x*y*z^2 - x*z^3 + 3*x^2*z - 1/2*y^2*z + 3/2*y*z^2 - 3/2*x*y + 4*x*z - y + z, x^2*y^2*z^2 - 2/3*x*y^4 + 1/2*x^3*y*z + 5/6*x*y^3*z + 1/6*x^3*z^2 + 5/6*x*y^2*z^2 - x*y*z^3 + 11/6*x^4 - 23/4*x^2*y^2 - 2/3*y^4 - 49/12*x^2*y*z + 5/6*y^3*z - 13/6*x^2*z^2 - 1/6*y^2*z^2 - y*z^3 + 19/12*x^3 + 19/12*x*y^2 + 1/3*x*y*z + 31/12*x*z^2 - 3/2*x^2 + 22/3*y^2 + 59/12*y*z + 59/12*z^2 - 95/12*x - 20/3, x^2*y*z^3 - 2/3*x*y^4 + 1/2*x^3*y*z + 5/6*x*y^3*z - 5/6*x^3*z^2 - 1/6*x*y^2*z^2 + x*y*z^3 - x*z^4 - 1/6*x^4 - 11/4*x^2*y^2 - 2/3*y^4 - 37/12*x^2*y*z + 5/6*y^3*z - 13/6*x^2*z^2 - 1/6*y^2*z^2 - z^4 + 7/12*x^3 + 31/12*x*y^2 + 1/3*x*y*z + 55/12*x*z^2 + 5/2*x^2 + 16/3*y^2 + 47/12*y*z + 71/12*z^2 - 35/12*x - 14/3, x^5 + 1/2*x*y^4 + 1/2*x^3*y*z - x*y^3*z - 1/2*x^3*z^2 + 1/2*x*y^2*z^2 - 1/2*x^4 + 1/2*x^2*y^2 + 1/2*y^4 - 1/2*x^2*y*z - y^3*z + 1/2*y^2*z^2 - 3*x^3 - 5/2*x*y^2 - 1/2*x*y*z + x*z^2 - 3*y^2 + 1/2*y*z + 1/2*z^2 + 5/2*x + 1, x^4*y - 1/2*x^2*y^3 + 3*x^4*z + 5*x^2*y^2*z - 13/2*x^2*y*z^2 - 9/2*x^3*y - 5/2*x*y^3 + 7/2*x^3*z + 21/2*x*y^2*z - 29/2*x*y*z^2 + 13/2*x*z^3 - 5*x^2*y - 2*y^3 - 6*x^2*z + 11/2*y^2*z - 8*y*z^2 + 13/2*z^3 + 25/2*x*y - 33/2*x*z + 12*y - 10*z, x^3*y^2 + x^3*y*z - x^4 - x^2*y*z - x^2*z^2 - x^3 - x*y^2 - x*y*z + 3*x^2 + y*z + z^2 + 3*x]"
15,aaaaBaaabAbAAAB,2,2,"[x^3*z^2 + 7*x^2*z^2 - 4*x^3 - 37/2*x*y*z + 13/2*x*z^2 - 5/2*x^2 - 37/2*y*z + 1/2*z^2 + 39/2*x + 18, x^2*z^3 - 1/2*x^3*z - 5/4*x*z^3 - 17/16*x^2*y + 11/16*x^2*z - 9/4*z^3 - 53/16*x*y + 91/16*x*z - 9/4*y + 9/2*z, x*z^4 - x^2*z^2 + z^4 + 1/4*x^3 - 3*x*z^2 + 5/4*x^2 - 2*z^2 + 2*x + 1, x^4 + 4*x^2*z^2 - x^3 - 11*x*y*z + 5*x*z^2 - 4*x^2 - 11*y*z + z^2 + 8*x + 10, x^3*y - x^3*z + x*z^3 + 13/4*x^2*y - 15/4*x^2*z + z^3 + 13/4*x*y - 19/4*x*z + y - 2*z, x^2*y*z + x^2*z^2 - x^3 - 3*x*y*z + x*z^2 - x^2 - 4*y*z + 4*x + 4, x*y*z^2 - x*z^3 - 1/2*x^2*y + 1/2*x^2*z + y*z^2 - z^3 - 3/2*x*y + 3/2*x*z - y + z, x*y^2 - 2*x*y*z + x*z^2 + y^2 - 2*y*z + z^2]"
15,aaaaBaaabABaaab,2,2,"[x^2*z^4 + x*y^3*z - x*y^2*z^2 - 83/57*x^2*y^2 + 1337/570*x^2*y*z + y^3*z - 140/57*x^2*z^2 - y^2*z^2 - z^4 + 217/570*x^3 - 1337/570*x*y^2 + 1597/570*x*y*z - 1337/570*x*z^2 + 83/57*x^2 - 169/190*y^2 + 26/57*y*z + 21/190*z^2 + 301/190*x + 29/57, x^3*y^2 + 2/57*x^2*y^2 - 23/57*x^2*y*z + 2/57*x^2*z^2 - 10/57*x^3 - 91/57*x*y^2 - 25/57*x*y*z + 23/57*x*z^2 - 2/57*x^2 - 12/19*y^2 - 2/57*y*z + 7/19*z^2 - 1/19*x - 11/57, x^2*y^3 - 58/47*x^2*z^3 + 56/47*x^3*y - 58/47*x*y^3 - 101/94*x^3*z + 58/47*x*y^2*z - x*y*z^2 + x*z^3 - x^2*y - 105/47*y^3 + 58/47*x^2*z + 58/47*y^2*z - y*z^2 + 105/47*z^3 - 54/47*x*y + 54/47*x*z + 49/47*y - 109/94*z, x*y^4 - x*y^3*z + x*y^2*z^2 - x*y*z^3 + x*z^4 - 149/114*x^2*y^2 + y^4 + 4481/1140*x^2*y*z - y^3*z - 149/114*x^2*z^2 + y^2*z^2 - y*z^3 + z^4 - 359/1140*x^3 - 6761/1140*x*y^2 + 7111/1140*x*y*z - 6761/1140*x*z^2 + 149/114*x^2 - 1757/380*y^2 + 263/114*y*z - 1757/380*z^2 + 2113/380*x + 449/114, x^3*y*z - 4/19*x^2*y^2 - 11/19*x^2*y*z - 4/19*x^2*z^2 + 1/19*x^3 + 11/19*x*y^2 - 45/19*x*y*z + 11/19*x*z^2 + 4/19*x^2 + 15/19*y^2 - 15/19*y*z + 15/19*z^2 - 13/19*x - 16/19, x^2*y^2*z + 75/94*x^2*z^3 - 87/94*x^3*y - 19/94*x*y^3 + 13/47*x^3*z + 19/94*x*y^2*z - x*y*z^2 - 19/94*y^3 - 75/94*x^2*z - 75/94*y^2*z - y*z^2 - 75/94*z^3 + 193/94*x*y - 26/47*x*z + 53/47*y + 49/94*z, x^3*z^2 + 14/19*x^2*y^2 - 9/19*x^2*y*z + 14/19*x^2*z^2 - 13/19*x^3 + 9/19*x*y^2 - 23/19*x*y*z - 29/19*x*z^2 - 14/19*x^2 - 5/19*y^2 - 14/19*y*z - 24/19*z^2 + 17/19*x + 18/19, x^2*y*z^2 + 95/94*x^2*z^3 - 129/94*x^3*y + 95/94*x*y^3 + 29/47*x^3*z - 189/94*x*y^2*z + x*y*z^2 - x*z^3 + 95/94*y^3 - 95/94*x^2*z - 189/94*y^2*z - 189/94*z^3 + 163/94*x*y - 11/47*x*z + 17/47*y + 131/94*z, x^4 + 25/57*x^2*y^2 - 31/57*x^2*y*z + 25/57*x^2*z^2 + 46/57*x^3 + 31/57*x*y^2 - 56/57*x*y*z + 31/57*x*z^2 - 139/57*x^2 + 2/19*y^2 - 25/57*y*z + 2/19*z^2 - 60/19*x - 52/57]"
15,aaaaBaaabABAAAb,2,2,[x + 1]
15,aaaaBAAAbAbaaaB,2,2,"[x^3*z^2 + 3*x^2*z^2 - 2*x^3 - 9/2*x*y*z + 5/2*x*z^2 - 7/2*x^2 - 9/2*y*z + 1/2*z^2 + 5/2*x + 4, x^2*z^3 - 1/2*x^3*z - 1/4*x*z^3 - 7/16*x^2*y - 7/16*x^2*z - 5/4*z^3 - 27/16*x*y + 41/16*x*z - 5/4*y + 5/2*z, x*z^4 - x^2*z^2 + z^4 + 1/4*x^3 - 3*x*z^2 + 5/4*x^2 - 2*z^2 + 2*x + 1, x^4 + 4/3*x^2*z^2 + 1/3*x^3 - 5/3*x*y*z + 7/3*x*z^2 - 14/3*x^2 - 5/3*y*z + z^2 - 10/3*x + 2/3, x^3*y - x^3*z - x*z^3 + 9/4*x^2*y - 7/4*x^2*z - z^3 + 1/4*x*y + 5/4*x*z - y + 2*z, x^2*y*z - 1/3*x^2*z^2 - 1/3*x^3 - 1/3*x*y*z - 1/3*x*z^2 - 1/3*x^2 - 4/3*y*z + 4/3*x + 4/3, x*y*z^2 - x*z^3 - 1/2*x^2*y + 1/2*x^2*z + y*z^2 - z^3 - 3/2*x*y + 3/2*x*z - y + z, x*y^2 - 2*x*y*z + x*z^2 + y^2 - 2*y*z + z^2]"
15,aaaaBAAAbAbAAAB,2,2,"[x*y^7 - 2*x*y^6*z + x*y^5*z^2 - x^3*z^5 + y^7 - 2*y^6*z + y^5*z^2 + 2*x^2*y*z^4 + x^2*z^5 - 114/5*x^3*y^2*z + 10*x*y^4*z - 11/5*x^3*y*z^2 - 4*x*y^3*z^2 - 2*x^3*z^3 - 3*x*y^2*z^3 + x*y*z^4 + x*z^5 + 107/5*x^4*y + 101/5*x^2*y^3 + 19/5*x^4*z - 68/5*x^2*y^2*z + 10*y^4*z + 163/5*x^2*y*z^2 - 4*y^3*z^2 - 19/5*x^2*z^3 - 3*y^2*z^3 - y*z^4 - z^5 + 10*x^3*y + 41/5*x*y^3 - 34/5*x^3*z - 36/5*x*y^2*z + 164/5*x*y*z^2 - 39/5*x*z^3 - 417/5*x^2*y - 12*y^3 - 99/5*x^2*z - 82/5*y^2*z - 2*y*z^2 - 6*z^3 - 207/5*x*y + 114/5*x*z + 153/5*y + 32*z, x^2*y*z^5 - 7/2*x*y^6 + 9/2*x*y^5*z - 11/2*x^3*z^4 - x*y^2*z^4 + x*y*z^5 - x*z^6 - 7/2*y^6 - 499/134*x^2*y^3*z + 9/2*y^5*z + 1759/134*x^4*z^2 + 1927/134*x^2*y^2*z^2 + 1369/134*x^2*y*z^3 - 2*x^2*z^4 - y^2*z^4 - z^6 + 370/67*x^5 + 635/67*x^3*y^2 + 40/67*x*y^4 + 471/134*x^3*y*z - 5709/134*x*y^3*z + 3271/134*x^3*z^2 + 1191/134*x*y^2*z^2 - 145/67*x*y*z^3 + 421/67*x*z^4 - 675/67*x^4 - 599/134*x^2*y^2 + 40/67*y^4 - 3165/134*x^2*y*z - 2605/67*y^3*z - 2378/67*x^2*z^2 - 368/67*y^2*z^2 - 1659/134*y*z^3 + 373/134*z^4 - 2155/67*x^3 - 111/134*x*y^2 + 1227/134*x*y*z - 6319/134*x*z^2 + 2395/67*x^2 + 879/67*y^2 + 4863/134*y*z - 51/134*z^2 + 2460/67*x - 1045/67, x^3*y^2*z^2 - 39/67*x^2*y^3*z - 65/67*x^4*z^2 + 140/67*x^2*y^2*z^2 - 170/67*x^2*y*z^3 - 43/67*x^5 - 91/67*x^3*y^2 + 37/67*x*y^4 - 118/67*x^3*y*z - 112/67*x*y^3*z - 29/67*x^3*z^2 + 148/67*x*y^2*z^2 - 243/67*x*y*z^3 + 103/67*x*z^4 + 54/67*x^4 + 32/67*x^2*y^2 + 37/67*y^4 + 73/67*x^2*y*z - 73/67*y^3*z + 276/67*x^2*z^2 + 75/67*y^2*z^2 - 73/67*y*z^3 + 103/67*z^4 + 226/67*x^3 + 117/67*x*y^2 + 369/67*x*y*z - 34/67*x*z^2 - 205/67*x^2 - 6/67*y^2 + 178/67*y*z - 274/67*z^2 - 237/67*x + 97/67, x^2*y^3*z^2 - 3/7*x^2*y*z^4 + 4/7*x*y^5 - 11*x^3*y^2*z - x*y^4*z + x*y^3*z^2 - 1/7*x^3*z^3 - 4/7*x*y^2*z^3 - 3/7*x*y*z^4 + 3/7*x*z^5 + 55/7*x^4*y + 54/7*x^2*y^3 + 4/7*y^5 + 2*x^4*z - 61/7*x^2*y^2*z - y^4*z + 108/7*x^2*y*z^2 - 1/7*x^2*z^3 - 4/7*y^2*z^3 + 3/7*z^5 + 23/7*x^3*y + 31/7*x*y^3 - 2*x^3*z + 26/7*x*y^2*z + 93/7*x*y*z^2 - 6*x*z^3 - 215/7*x^2*y - 23/7*y^3 - 61/7*x^2*z + 10/7*y^2*z - 15/7*y*z^2 - 6*z^3 - 15*x*y + 51/7*x*z + 78/7*y + 12*z, x^4*z^3 - 2/7*x^2*y*z^4 + 5/7*x*y^5 - 29/5*x^3*y^2*z - x*y^4*z - 1/5*x^3*y*z^2 + 4/7*x^3*z^3 + 2/7*x*y^2*z^3 - 2/7*x*y*z^4 + 2/7*x*z^5 + 34/35*x^4*y + 82/35*x^2*y^3 + 5/7*y^5 + 4/5*x^4*z - 236/35*x^2*y^2*z - y^4*z + 241/35*x^2*y*z^2 - 113/35*x^2*z^3 + 2/7*y^2*z^3 + 2/7*z^5 + 6/7*x^3*y + 52/35*x*y^3 + 11/5*x^3*z + 208/35*x*y^2*z + 303/35*x*y*z^2 - 24/5*x*z^3 - 159/35*x^2*y - 6/7*y^3 - 33/35*x^2*z + 241/35*y^2*z + 11/7*y*z^2 - 2*z^3 - 17/5*x*y - 152/35*x*z + 36/35*y - 2*z, x^3*y*z^3 + 108/67*x^2*y^3*z - 88/67*x^4*z^2 - 197/67*x^2*y^2*z^2 + 43/67*x^2*y*z^3 - x^2*z^4 + 16/67*x^5 + 118/67*x^3*y^2 - 87/67*x*y^4 + 234/67*x^3*y*z + 238/67*x*y^3*z - 64/67*x^3*z^2 - 281/67*x*y^2*z^2 + 106/67*x*y*z^3 - 43/67*x*z^4 - 31/67*x^4 - 1/67*x^2*y^2 - 87/67*y^4 + 4/67*x^2*y*z + 130/67*y^3*z + 251/67*x^2*z^2 - 84/67*y^2*z^2 + 130/67*y*z^3 + 24/67*z^4 - 95/67*x^3 - 190/67*x*y^2 - 759/67*x*y*z + 223/67*x*z^2 + 109/67*x^2 - 71/67*y^2 - 529/67*y*z - 4/67*z^2 + 110/67*x - 47/67, x^2*y^2*z^3 - 5/7*x^2*y*z^4 + 2/7*x*y^5 - 28/5*x^3*y^2*z - 7/5*x^3*y*z^2 - x*y^3*z^2 + 3/7*x^3*z^3 + 12/7*x*y^2*z^3 - 12/7*x*y*z^4 + 5/7*x*z^5 + 113/35*x^4*y + 114/35*x^2*y^3 + 2/7*y^5 + 8/5*x^4*z - 142/35*x^2*y^2*z + 242/35*x^2*y*z^2 - y^3*z^2 + 29/35*x^2*z^3 + 5/7*y^2*z^3 - y*z^4 + 5/7*z^5 + 8/7*x^3*y + 74/35*x*y^3 - 3/5*x^3*z + 86/35*x*y^2*z + 376/35*x*y*z^2 - 23/5*x*z^3 - 443/35*x^2*y - 8/7*y^3 - 226/35*x^2*z + 32/35*y^2*z + 17/7*y*z^2 - 5*z^3 - 29/5*x*y + 96/35*x*z + 167/35*y + 7*z, x^6 - 11/67*x^2*y^3*z + 4/67*x^4*z^2 + 12/67*x^2*y^2*z^2 - 5/67*x^2*y*z^3 + 48/67*x^5 + 19/67*x^3*y^2 + 7/67*x*y^4 + 32/67*x^3*y*z - 23/67*x*y^3*z + 9/67*x^3*z^2 + 28/67*x*y^2*z^2 - 17/67*x*y*z^3 + 5/67*x*z^4 - 428/67*x^4 - 3/67*x^2*y^2 + 7/67*y^4 - 122/67*x^2*y*z - 12/67*y^3*z - 51/67*x^2*z^2 + 16/67*y^2*z^2 - 12/67*y*z^3 + 5/67*z^4 - 285/67*x^3 + 33/67*x*y^2 - 133/67*x*y*z + 66/67*x*z^2 + 729/67*x^2 + 55/67*y^2 + 21/67*y*z + 122/67*z^2 + 397/67*x - 208/67, x^5*y + 6/5*x^3*y^2*z - 6/5*x^3*y*z^2 - 3/5*x^4*y - 4/5*x^2*y^3 - 1/5*x^4*z + 7/5*x^2*y^2*z - 7/5*x^2*y*z^2 + 6/5*x^2*z^3 - 4*x^3*y + 1/5*x*y^3 - 4/5*x^3*z - 6/5*x*y^2*z + 4/5*x*y*z^2 + 1/5*x*z^3 + 8/5*x^2*y + y^3 - 9/5*x^2*z - 7/5*y^2*z + y*z^2 - z^3 + 18/5*x*y + 14/5*x*z - 2/5*y + 4*z, x^4*y^2 + 6/67*x^2*y^3*z + 10/67*x^4*z^2 - 37/67*x^2*y^2*z^2 + 21/67*x^2*y*z^3 - 14/67*x^5 + 14/67*x^3*y^2 - 16/67*x*y^4 - 54/67*x^3*y*z + 43/67*x*y^3*z - 11/67*x^3*z^2 - 64/67*x*y^2*z^2 + 58/67*x*y*z^3 - 21/67*x*z^4 + 2/67*x^4 - 175/67*x^2*y^2 - 16/67*y^4 + 30/67*x^2*y*z + 37/67*y^3*z - 27/67*x^2*z^2 - 27/67*y^2*z^2 + 37/67*y*z^3 - 21/67*z^4 + 58/67*x^3 - 85/67*x*y^2 + 36/67*x*y*z + 31/67*x*z^2 - 20/67*x^2 + 37/67*y^2 - 48/67*y*z + 37/67*z^2 - 46/67*x + 16/67, x^3*y^3 - 12/5*x^3*y^2*z + 7/5*x^3*y*z^2 + 6/5*x^4*y + 8/5*x^2*y^3 + 2/5*x^4*z - 24/5*x^2*y^2*z + 19/5*x^2*y*z^2 - 7/5*x^2*z^3 - 2/5*x*y^3 + 3/5*x^3*z - 3/5*x*y^2*z + 12/5*x*y*z^2 - 7/5*x*z^3 - 21/5*x^2*y - y^3 + 3/5*x^2*z + 9/5*y^2*z - 11/5*x*y - 8/5*x*z + 4/5*y - 2*z, x^2*y^4 - 295/67*x^2*y^3*z + 89/67*x^4*z^2 + 401/67*x^2*y^2*z^2 - 195/67*x^2*y*z^3 - 71/67*x^5 - 331/67*x^3*y^2 + 273/67*x*y^4 - 628/67*x^3*y*z - 763/67*x*y^3*z + 217/67*x^3*z^2 + 891/67*x*y^2*z^2 - 596/67*x*y*z^3 + 195/67*x*z^4 + 125/67*x^4 - 50/67*x^2*y^2 + 206/67*y^4 + 66/67*x^2*y*z - 468/67*y^3*z + 88/67*x^2*z^2 + 490/67*y^2*z^2 - 401/67*y*z^3 + 195/67*z^4 + 409/67*x^3 + 483/67*x*y^2 + 2049/67*x*y*z - 843/67*x*z^2 - 446/67*x^2 + 202/67*y^2 + 1355/67*y*z - 803/67*z^2 - 463/67*x + 196/67, x^5*z - 4/5*x^3*y^2*z - 6/5*x^3*y*z^2 - 8/5*x^4*y + 1/5*x^2*y^3 + 14/5*x^4*z - 8/5*x^2*y^2*z + 13/5*x^2*y*z^2 + 6/5*x^2*z^3 - x^3*y + 6/5*x*y^3 - 14/5*x^3*z - 16/5*x*y^2*z + 29/5*x*y*z^2 - 9/5*x*z^3 + 23/5*x^2*y + y^3 - 54/5*x^2*z - 12/5*y^2*z + 2*y*z^2 - 3*z^3 + 18/5*x*y + 9/5*x*z - 2/5*y + 8*z, x^4*y*z - 73/67*x^2*y^3*z - 10/67*x^4*z^2 + 171/67*x^2*y^2*z^2 - 88/67*x^2*y*z^3 - 53/67*x^5 - 148/67*x^3*y^2 + 83/67*x*y^4 - 214/67*x^3*y*z - 244/67*x*y^3*z + 11/67*x^3*z^2 + 332/67*x*y^2*z^2 - 259/67*x*y*z^3 + 88/67*x*z^4 + 65/67*x^4 + 41/67*x^2*y^2 + 83/67*y^4 - 164/67*x^2*y*z - 171/67*y^3*z + 161/67*x^2*z^2 + 161/67*y^2*z^2 - 171/67*y*z^3 + 88/67*z^4 + 277/67*x^3 + 219/67*x*y^2 + 634/67*x*y*z - 165/67*x*z^2 - 248/67*x^2 + 30/67*y^2 + 517/67*y*z - 305/67*z^2 - 289/67*x + 118/67]"
15,aaaaBAAAbABaaab,2,2,[x + 1]
15,aaaaBAAAbABAAAb,2,2,"[x^2*z^4 + x*y^3*z - x*y^2*z^2 + 3/2*x^2*y^2 + 12/5*x^2*y*z + y^3*z - 1/2*x^2*z^2 - y^2*z^2 - z^4 - 33/10*x^3 - 7/5*x*y^2 - 11/10*x*y*z - 2/5*x*z^2 - 22/5*x^2 - 29/10*y^2 - 7/2*y*z + 1/10*z^2 + 19/2*x + 53/5, x^3*y^2 - 17/38*x^2*y^2 - 3/38*x^2*y*z - 17/38*x^2*z^2 - 5/38*x^3 - 73/38*x*y^2 + 7/19*x*y*z + 3/38*x*z^2 + 37/38*x^2 - 9/19*y^2 + 17/38*y*z + 10/19*z^2 - 5/19*x - 26/19, x^2*y^3 - 53/47*x^2*z^3 - 63/47*x^3*y - 53/47*x*y^3 + 66/47*x^3*z + 53/47*x*y^2*z - x*y*z^2 + x*z^3 - 147/47*x^2*y - 100/47*y^3 + 153/47*x^2*z + 53/47*y^2*z - y*z^2 + 100/47*z^3 + 226/47*x*y - 232/47*x*z + 310/47*y - 319/47*z, x*y^4 - x*y^3*z + x*y^2*z^2 - x*y*z^3 + x*z^4 - 129/76*x^2*y^2 + y^4 - 91/190*x^2*y*z - y^3*z - 129/76*x^2*z^2 + y^2*z^2 - y*z^3 + z^4 + 919/380*x^3 - 479/190*x*y^2 + 1983/380*x*y*z - 479/190*x*z^2 + 368/95*x^2 - 313/380*y^2 + 433/76*y*z - 313/380*z^2 - 457/76*x - 1419/190, x^3*y*z - 29/19*x^2*y^2 - 4/19*x^2*y*z - 29/19*x^2*z^2 + 25/19*x^3 + 4/19*x*y^2 - 13/19*x*y*z + 4/19*x*z^2 + 62/19*x^2 + 33/19*y^2 + 10/19*y*z + 33/19*z^2 - 83/19*x - 120/19, x^2*y^2*z + 75/94*x^2*z^3 - 41/47*x^3*y - 19/94*x*y^3 - 13/47*x^3*z + 19/94*x*y^2*z - x*y*z^2 - 19/94*x^2*y - 19/94*y^3 - 75/47*x^2*z - 75/94*y^2*z - y*z^2 - 75/94*z^3 + 183/94*x*y + 127/94*x*z + 60/47*y + 251/94*z, x^3*z^2 + 39/19*x^2*y^2 + 8/19*x^2*y*z + 39/19*x^2*z^2 - 69/19*x^3 - 8/19*x*y^2 - 31/19*x*y*z - 46/19*x*z^2 - 86/19*x^2 - 47/19*y^2 - 39/19*y*z - 66/19*z^2 + 185/19*x + 202/19, x^2*y*z^2 + 95/94*x^2*z^3 + 17/47*x^3*y + 95/94*x*y^3 - 76/47*x^3*z - 189/94*x*y^2*z + x*y*z^2 - x*z^3 + 95/94*x^2*y + 95/94*y^3 - 142/47*x^2*z - 189/94*y^2*z - 189/94*z^3 - 163/94*x*y + 493/94*x*z - 112/47*y + 625/94*z, x^4 + 25/38*x^2*y^2 + 29/38*x^2*y*z + 25/38*x^2*z^2 - 15/38*x^3 - 29/38*x*y^2 + 2/19*x*y*z - 29/38*x*z^2 - 155/38*x^2 - 27/19*y^2 - 25/38*y*z - 27/19*z^2 + 23/19*x + 74/19]"
15,aaabaaabbaaaBBB,2,2,"[x*z^6 + z^6 - 3/2*x*z^4 - 3/2*z^4 + 5/8*x*z^2 + 5/8*z^2 - 1/32*x - 1/32, x^2 + 2*x + 1, x*y + 2*x*z + y + 2*z]"
15,aaabaaabbAAABBB,2,2,"[x*z^6 + z^6 + 21549863/22400*x*y^3*z + 6819447/22400*x^3*z^2 + 57577777/44800*x*y^2*z^2 - 3472421/1792*x*y*z^3 - 1184031/896*x*z^4 + 6103897/8960*x^4 + 1590839/11200*x^2*y^2 - 29756101/22400*x^2*y*z + 21549863/22400*y^3*z + 40969843/22400*x^2*z^2 + 57577777/44800*y^2*z^2 - 3472421/1792*y*z^3 - 1184031/896*z^4 + 36967929/44800*x^3 + 88335/256*x*y^2 - 125733309/44800*x*y*z + 24659907/11200*x*z^2 - 6002127/2800*x^2 + 9095269/44800*y^2 - 66221107/44800*y*z + 7584709/11200*z^2 - 180895311/44800*x - 15682567/8960, x^4*z^2 + 1206/7*x*y^3*z + 389/7*x^3*z^2 + 1612/7*x*y^2*z^2 - 2425/7*x*y*z^3 - 1650/7*x*z^4 + 851/7*x^4 + 176/7*x^2*y^2 - 1658/7*x^2*y*z + 1206/7*y^3*z + 2265/7*x^2*z^2 + 1612/7*y^2*z^2 - 2425/7*y*z^3 - 1650/7*z^4 + 1031/7*x^3 + 61*x*y^2 - 3505/7*x*y*z + 2713/7*x*z^2 - 2678/7*x^2 + 251/7*y^2 - 1847/7*y*z + 830/7*z^2 - 5045/7*x - 2187/7, x*y^3*z^2 + 8*x*z^5 + 919/25*x^2*y^3 + 463/25*x^4*z - 542/25*x^2*y*z^2 + y^3*z^2 - 628/25*x^2*z^3 + 8*z^5 - 778/25*x^3*y + 861/25*x*y^3 + 27*x^3*z - 1238/25*x*y^2*z + 651/25*x*y*z^2 - 26*x*z^3 - 1701/25*x^2*y - 58/25*y^3 - 68/5*x^2*z - 1238/25*y^2*z + 1193/25*y*z^2 - 22/25*z^3 - 506/25*x*y + 271/25*x*z + 417/25*y + 823/25*z, x^3*z^3 - 69/4*x^2*y^3 - 623/32*x^4*z + 33/8*x^2*y*z^2 + 143/8*x^2*z^3 + 129/8*x^3*y - 69/4*x*y^3 - 775/32*x^3*z + 733/32*x*y^2*z - 217/8*x*y*z^2 + 67/8*x*z^3 + 259/8*x^2*y + 1281/32*x^2*z + 733/32*y^2*z - 125/4*y*z^2 - 17/2*z^3 + 19/4*x*y + 1651/32*x*z - 23/2*y + 109/16*z, x^2*y*z^3 + 459/56*x*y^3*z + 99/56*x^3*z^2 + 1149/112*x*y^2*z^2 - 1825/112*x*y*z^3 - 675/56*x*z^4 + 723/112*x^4 + 29/28*x^2*y^2 - 621/56*x^2*y*z + 459/56*y^3*z + 855/56*x^2*z^2 + 1149/112*y^2*z^2 - 1937/112*y*z^3 - 675/56*z^4 + 855/112*x^3 + 49/16*x*y^2 - 2505/112*x*y*z + 585/28*x*z^2 - 1135/56*x^2 + 227/112*y^2 - 1263/112*y*z + 207/28*z^2 - 4213/112*x - 1811/112, x*y^2*z^3 - 4*x*z^5 - 197/25*x^2*y^3 + 249/100*x^4*z + 171/25*x^2*y*z^2 + 89/25*x^2*z^3 + y^2*z^3 - 4*z^5 + 139/25*x^3*y - 193/25*x*y^3 + 1/4*x^3*z + 901/100*x*y^2*z + 12/25*x*y*z^2 + 9*x*z^3 + 413/25*x^2*y + 4/25*y^3 - 399/20*x^2*z + 901/100*y^2*z - 159/25*y*z^2 + 136/25*z^3 + 328/25*x*y - 3717/100*x*z + 54/25*y - 973/50*z, x^2*z^4 - 3495/7*x*y^3*z - 1110/7*x^3*z^2 - 4671/7*x*y^2*z^2 + 7031/7*x*y*z^3 + 4800/7*x*z^4 - 2475/7*x^4 - 519/7*x^2*y^2 + 4836/7*x^2*y*z - 3495/7*y^3*z - 6654/7*x^2*z^2 - 4671/7*y^2*z^2 + 7031/7*y*z^3 + 4793/7*z^4 - 2998/7*x^3 - 180*x*y^2 + 10218/7*x*y*z - 7998/7*x*z^2 + 7788/7*x^2 - 741/7*y^2 + 5382/7*y*z - 2454/7*z^2 + 14670/7*x + 6359/7, x*y*z^4 + 2*x*z^5 + 103/10*x^2*y^3 + 2967/400*x^4*z - 489/100*x^2*y*z^2 - 823/100*x^2*z^3 + y*z^4 + 2*z^5 - 929/100*x^3*y + 459/50*x*y^3 + 3727/400*x^3*z - 6069/400*x*y^2*z + 1041/100*x*y*z^2 - 27/4*x*z^3 - 1771/100*x^2*y - 28/25*y^3 - 5049/400*x^2*z - 6069/400*y^2*z + 153/10*y*z^2 + 37/25*z^3 - 3/10*x*y - 3611/400*x*z + 203/25*y + 1099/200*z, x^5 + 2*x^4 + x^2*y^2 - 2*x^3 + 2*x*y^2 - 8*x^2 + y^2 - 7*x - 2, x^4*y + 2*x^4*z + x^3*y + x*y^3 + 2*x^3*z + 2*x*y^2*z - 3*x^2*y + y^3 - 6*x^2*z + 2*y^2*z - 5*x*y - 10*x*z - 2*y - 4*z, x^3*y^2 - 6571/14*x*y^3*z - 2089/14*x^3*z^2 - 17559/28*x*y^2*z^2 + 26475/28*x*y*z^3 + 9025/14*x*z^4 - 9337/28*x^4 - 486/7*x^2*y^2 + 9059/14*x^2*y*z - 6571/14*y^3*z - 12477/14*x^2*z^2 - 17559/28*y^2*z^2 + 26475/28*y*z^3 + 9025/14*z^4 - 11329/28*x^3 - 683/4*x*y^2 + 38287/28*x*y*z - 7509/7*x*z^2 + 14689/14*x^2 - 2809/28*y^2 + 20169/28*y*z - 2315/7*z^2 + 55395/28*x + 24025/28, x*y^4 - 2531/14*x*y^3*z - 813/14*x^3*z^2 - 6861/28*x*y^2*z^2 + 10225/28*x*y*z^3 + 3475/14*x*z^4 - 893/7*x^4 - 197/7*x^2*y^2 + y^4 + 3561/14*x^2*y*z - 2531/14*y^3*z - 4859/14*x^2*z^2 - 6861/28*y^2*z^2 + 10225/28*y*z^3 + 3475/14*z^4 - 1080/7*x^3 - 69*x*y^2 + 15021/28*x*y*z - 2895/7*x*z^2 + 11237/28*x^2 - 286/7*y^2 + 7899/28*y*z - 872/7*z^2 + 10573/14*x + 9161/28, x^3*y*z - 991/56*x*y^3*z - 351/56*x^3*z^2 - 2689/112*x*y^2*z^2 + 3925/112*x*y*z^3 + 1375/56*x*z^4 - 1479/112*x^4 - 113/28*x^2*y^2 + 1545/56*x^2*y*z - 991/56*y^3*z - 1947/56*x^2*z^2 - 2689/112*y^2*z^2 + 3925/112*y*z^3 + 1375/56*z^4 - 1835/112*x^3 - 141/16*x*y^2 + 6173/112*x*y*z - 1173/28*x*z^2 + 2311/56*x^2 - 535/112*y^2 + 3195/112*y*z - 375/28*z^2 + 8833/112*x + 3855/112, x^2*y^2*z - x^3*y - x*y^3 - y^3 - x^2*z - y^2*z + 4*x*y + 3*y + z]"
15,aaabaaaBBBaaabb,2,2,"[x*z^4 + z^4 - 3/4*x*z^2 - 3/4*z^2 + 1/8*x + 1/8, x^2 + 2*x + 1, x*y + 2*x*z + y + 2*z]"
15,aaabaaaBBBAAAbb,2,2,"[x^4*z^2 + 2025/2062*x^3*z^2 - 521/2062*x*y^2*z^2 - 975/4124*x*y*z^3 - 75/2062*x*z^4 - 163/1031*x^4 - 607/1031*x^2*y^2 + 7267/4124*x^2*y*z - 3254/1031*x^2*z^2 - 521/2062*y^2*z^2 - 975/4124*y*z^3 - 75/2062*z^4 - 1861/4124*x^3 - 4511/4124*x*y^2 + 15981/4124*x*y*z - 4303/1031*x*z^2 - 953/4124*x^2 - 2083/4124*y^2 + 4357/2062*y*z - 2135/2062*z^2 + 773/4124*x + 517/4124, x^2*y^2*z^2 + 527/2062*x^3*z^2 + 3241/2062*x*y^2*z^2 - 4225/4124*x*y*z^3 - 325/2062*x*z^4 - 19/1031*x^4 - 912/1031*x^2*y^2 - 127/4124*x^2*y*z - 354/1031*x^2*z^2 + 1179/2062*y^2*z^2 - 4225/4124*y*z^3 - 325/2062*z^4 - 1191/4124*x^3 - 5801/4124*x*y^2 + 3267/4124*x*y*z - 1463/1031*x*z^2 + 1369/4124*x^2 - 2153/4124*y^2 + 1697/2062*y*z - 1691/2062*z^2 + 6099/4124*x + 3615/4124, x^3*z^3 - 47/15*x^4*z - 12/5*x^2*y^2*z - 59/15*x^2*y*z^2 + 43/15*x^2*z^3 + 10/3*x^3*y + 8/5*x*y^3 - 53/15*x^3*z - 19/15*x*y^2*z - 37/5*x*y*z^2 + 7/3*x*z^3 + 64/15*x^2*y + 8/5*y^3 + 42/5*x^2*z + 17/15*y^2*z - 52/15*y*z^2 + 7/15*z^3 - 19/5*x*y + 51/5*x*z - 71/15*y + 7/5*z, x^2*y*z^3 - 134/1031*x^3*z^2 - 828/1031*x*y^2*z^2 + 5525/2062*x*y*z^3 + 425/1031*x*z^4 + 129/1031*x^4 + 6/1031*x^2*y^2 - 2689/2062*x^2*y*z - 581/1031*x^2*z^2 - 828/1031*y^2*z^2 + 3463/2062*y*z^3 + 425/1031*z^4 + 923/2062*x^3 + 2193/2062*x*y^2 - 6017/2062*x*y*z - 377/1031*x*z^2 + 589/2062*x^2 + 2181/2062*y^2 - 1664/1031*y*z + 70/1031*z^2 - 1631/2062*x - 1555/2062, x*y^2*z^3 - 1547/270*x^4*z - 317/90*x^2*y^2*z - 712/135*x^2*y*z^2 + 374/135*x^2*z^3 + y^2*z^3 + 259/54*x^3*y + 253/90*x*y^3 - 1373/270*x^3*z - 362/135*x*y^2*z - 536/45*x*y*z^2 + 77/27*x*z^3 + 1489/270*x^2*y + 253/90*y^3 + 1597/90*x^2*z + 227/270*y^2*z - 896/135*y*z^2 + 11/135*z^3 - 322/45*x*y + 311/15*x*z - 1063/135*y + 109/30*z, x^2*z^4 - 463/6186*x^3*z^2 - 1523/2062*x*y^2*z^2 - 52549/12372*x*y*z^3 - 3725/6186*x*z^4 + 3589/3093*x^4 - 1967/3093*x^2*y^2 + 33757/12372*x^2*y*z + 313/1031*x^2*z^2 - 1523/2062*y^2*z^2 - 52549/12372*y*z^3 - 9911/6186*z^4 + 3797/12372*x^3 - 15097/12372*x*y^2 + 35005/4124*x*y*z + 3108/1031*x*z^2 - 65203/12372*x^2 - 7229/12372*y^2 + 35629/6186*y*z + 16307/6186*z^2 - 79829/12372*x - 8395/4124, x*y*z^4 + 116459/13500*x^4*z + 19559/4500*x^2*y^2*z + 23927/3375*x^2*y*z^2 - 9259/3375*x^2*z^3 + y*z^4 - 18457/2700*x^3*y - 16291/4500*x*y^3 + 103541/13500*x^3*z + 10919/6750*x*y^2*z + 16801/1125*x*y*z^2 - 577/270*x*z^3 - 92803/13500*x^2*y - 16291/4500*y^3 - 124789/4500*x^2*z - 36839/13500*y^2*z + 26476/3375*y*z^2 + 4093/6750*z^3 + 27529/2250*x*y - 24947/750*x*z + 41423/3375*y - 9733/1500*z, x*z^5 - 274723/27000*x^4*z - 37183/9000*x^2*y^2*z - 29372/3375*x^2*y*z^2 + 11273/6750*x^2*z^3 + z^5 + 8029/1080*x^3*y + 34427/9000*x*y^3 - 235657/27000*x^3*z - 6673/13500*x*y^2*z - 21211/1125*x*y*z^2 - 691/540*x*z^3 + 186731/27000*x^2*y + 34427/9000*y^3 + 307313/9000*x^2*z + 98203/27000*y^2*z - 34261/3375*y*z^2 - 39821/13500*z^3 - 65273/4500*x*y + 62749/1500*x*z - 94411/6750*y + 27401/3000*z, x^5 + 276/1031*x^3*z^2 + 3552/1031*x*y^2*z^2 + 29175/4124*x*y*z^3 + 10175/2062*x*z^4 - 1943/1031*x^4 + 1588/1031*x^2*y^2 - 21561/4124*x^2*y*z - 2023/2062*x^2*z^2 + 3552/1031*y^2*z^2 + 29175/4124*y*z^3 + 10175/2062*z^4 - 21083/4124*x^3 + 3015/4124*x*y^2 - 66911/4124*x*y*z - 21883/2062*x*z^2 + 29627/4124*x^2 - 3337/4124*y^2 - 22675/2062*y*z - 9654/1031*z^2 + 73149/4124*x + 34335/4124, x^4*y + 1063/135*x^4*z + 178/45*x^2*y^2*z + 916/135*x^2*y*z^2 - 17/135*x^2*z^3 - 155/27*x^3*y - 152/45*x*y^3 + 832/135*x^3*z + 176/135*x*y^2*z + 638/45*x*y*z^2 + 10/27*x*z^3 - 1166/135*x^2*y - 152/45*y^3 - 1238/45*x^2*z - 358/135*y^2*z + 998/135*y*z^2 + 67/135*z^3 + 436/45*x*y - 458/15*x*z + 1564/135*y - 71/15*z, x^3*y^2 - x^2*y*z - x^3 - 2*x*y^2 - y^2 + y*z + 3*x + 2, x^2*y^3 - 2*x^4*z - 3*x^2*y^2*z - x^2*y*z^2 + 2*x^3*y + 2*x*y^3 - 3*x^3*z - 5*x*y^2*z + 2*x^2*y + y^3 + 6*x^2*z - 2*y^2*z + y*z^2 - 3*x*y + 11*x*z - 3*y + 4*z, x*y^4 - 2099/2062*x^3*z^2 - 521/2062*x*y^2*z^2 - 975/4124*x*y*z^3 - 75/2062*x*z^4 - 1194/1031*x^4 - 607/1031*x^2*y^2 + y^4 + 11391/4124*x^2*y*z - 2223/1031*x^2*z^2 - 521/2062*y^2*z^2 - 975/4124*y*z^3 - 75/2062*z^4 - 5985/4124*x^3 - 25131/4124*x*y^2 + 20105/4124*x*y*z - 2241/1031*x*z^2 + 15543/4124*x^2 - 22703/4124*y^2 + 4357/2062*y*z - 2135/2062*z^2 + 37889/4124*x + 21137/4124, x^3*y*z + 613/3093*x^3*z^2 - 3123/1031*x*y^2*z^2 - 17350/3093*x*y*z^3 - 10600/3093*x*z^4 + 6850/3093*x^4 - 6275/3093*x^2*y^2 + 19342/3093*x^2*y*z + 1899/1031*x^2*z^2 - 3123/1031*y^2*z^2 - 17350/3093*y*z^3 - 10600/3093*z^4 + 1832/3093*x^3 - 4666/3093*x*y^2 + 14904/1031*x*y*z + 8451/1031*x*z^2 - 32635/3093*x^2 + 1609/3093*y^2 + 28463/3093*y*z + 20269/3093*z^2 - 45038/3093*x - 5807/1031, x*y^3*z + 319/6186*x^3*z^2 + 12829/2062*x*y^2*z^2 + 38500/3093*x*y*z^3 + 25750/3093*x*z^4 - 16261/3093*x^4 + 6125/3093*x^2*y^2 - 66311/6186*x^2*y*z + y^3*z - 10267/2062*x^2*z^2 + 12829/2062*y^2*z^2 + 38500/3093*y*z^3 + 25750/3093*z^4 - 6668/3093*x^3 + 3544/3093*x*y^2 - 67645/2062*x*y*z - 45329/2062*x*z^2 + 151583/6186*x^2 - 2581/3093*y^2 - 68312/3093*y*z - 104867/6186*z^2 + 213331/6186*x + 13489/1031]"
15,aaabaabbaaaBBaB,2,2,"[x*z^6 + z^6 - 3077/2*x*y*z^3 - 1141/2*x*z^4 - 3077/2*y*z^3 - 1141/2*z^4 - 803/8*x*y*z - 3295/4*x*z^2 - 803/8*y*z - 3295/4*z^2 - 47/4*x - 47/4, x*y*z^4 + 35/94*x*z^5 + y*z^4 + 35/94*z^5 + 29/188*x*y*z^2 + 109/188*x*z^3 + 29/188*y*z^2 + 109/188*z^3 + 1/752*x*y + 13/376*x*z + 1/752*y + 13/376*z, x*y^2 - 5*x*y*z - 2*x*z^2 + y^2 - 5*y*z - 2*z^2 - 3*x - 3, x^2 + 2*x + 1]"
15,aaabaabbAAABBaB,2,2,"[x^4*y*z + 53/12*x^3*y*z - 49/12*x*y^3*z - 7/3*x^3*z^2 - 1/3*x*y^2*z^2 + 11/12*x*y*z^3 + 1/2*x*z^4 + 1/3*x^4 - 7/6*x^2*y^2 + 67/12*x^2*y*z - 49/12*y^3*z - 31/6*x^2*z^2 - 1/3*y^2*z^2 + 11/12*y*z^3 + 1/2*z^4 - 7/6*x^3 - 4/3*x*y^2 + 27/4*x*y*z - 35/12*x*z^2 - 7/6*x^2 - 1/6*y^2 + 55/12*y*z - 1/12*z^2 - 7/4*x - 25/12, x^2*y^3*z + 29/18*x^3*y*z - 19/18*x*y^3*z - 8/9*x^3*z^2 - 11/9*x*y^2*z^2 - 1/18*x*y*z^3 + 1/3*x*z^4 + 2/9*x^4 - 4/9*x^2*y^2 + 43/18*x^2*y*z - 37/18*y^3*z - 10/9*x^2*z^2 - 11/9*y^2*z^2 - 1/18*y*z^3 + 1/3*z^4 - 4/9*x^3 - 8/9*x*y^2 + 13/6*x*y*z - 11/18*x*z^2 - 7/9*x^2 - 4/9*y^2 + 25/18*y*z - 7/18*z^2 - 1/6*x - 1/18, x^4*z^2 + 5/36*x^3*y*z - 133/36*x*y^3*z - 19/9*x^3*z^2 + 20/9*x*y^2*z^2 + 83/36*x*y*z^3 + 1/6*x*z^4 + 16/9*x^4 - 19/18*x^2*y^2 + 175/36*x^2*y*z - 133/36*y^3*z - 133/18*x^2*z^2 + 20/9*y^2*z^2 + 83/36*y*z^3 + 1/6*z^4 - 19/18*x^3 - 10/9*x*y^2 + 139/12*x*y*z - 131/36*x*z^2 - 67/18*x^2 - 1/18*y^2 + 247/36*y*z + 23/36*z^2 - 19/12*x - 25/36, x^3*y*z^2 + x^2*y^3 - x^4*z - 2*x^2*y^2*z + 2*x^2*y*z^2 + 2*x^3*y + 2*x*y^3 - x^3*z - 4*x*y^2*z + x*y*z^2 + y^3 + 2*x^2*z - 2*y^2*z - 6*x*y + 3*x*z - 4*y + z, x^2*y^2*z^2 - 2*x^3*y*z + 2*x*y^2*z^2 + x^4 - 2*x^2*y*z + y^2*z^2 + 2*x*y*z - 2*x^2 + 2*y*z + 1, x*y^3*z^2 - 9/16*x^4*y + 3/4*x^2*y^3 - 1/48*x^4*z - 55/16*x^2*y^2*z + 31/24*x^2*y*z^2 + y^3*z^2 + 3/8*x^2*z^3 + 31/16*x^3*y + 9/4*x*y^3 - 13/12*x^3*z - 75/16*x*y^2*z + 35/16*x*y*z^2 + 5/24*x*z^3 + 19/8*x^2*y + 3/2*y^3 - 35/48*x^2*z - 5/4*y^2*z + 43/48*y*z^2 - 1/6*z^3 - 265/48*x*y + 161/48*x*z - 259/48*y + 145/48*z, x^3*z^3 - 2*x^2*y^3 + x^4*z + x^2*y^2*z - 3*x^2*y*z^2 - 3*x^3*y - 3*x*y^3 + 6*x*y^2*z - x*y*z^2 - x*z^3 + 2*x^2*y - y^3 - 3*x^2*z + 5*y^2*z + 2*y*z^2 + 10*x*y - 5*x*z + 5*y - 3*z, x^2*y*z^3 - 29/36*x^3*y*z + 37/36*x*y^3*z - 5/9*x^3*z^2 - 8/9*x*y^2*z^2 + 37/36*x*y*z^3 - 1/6*x*z^4 - 1/9*x^4 + 13/18*x^2*y^2 - 43/36*x^2*y*z + 37/36*y^3*z + 19/18*x^2*z^2 - 8/9*y^2*z^2 + 1/36*y*z^3 - 1/6*z^4 + 13/18*x^3 + 4/9*x*y^2 - 31/12*x*y*z + 83/36*x*z^2 - 11/18*x^2 - 5/18*y^2 - 79/36*y*z + 25/36*z^2 - 5/12*x + 37/36, x*y^2*z^3 + 9/16*x^4*y - 3/4*x^2*y^3 + 17/48*x^4*z + 7/16*x^2*y^2*z - 35/24*x^2*y*z^2 - 3/8*x^2*z^3 + y^2*z^3 - 15/16*x^3*y - 3/4*x*y^3 - 1/12*x^3*z + 27/16*x*y^2*z + 5/16*x*y*z^2 - 13/24*x*z^3 - 3/8*x^2*y - 29/48*x^2*z + 5/4*y^2*z + 85/48*y*z^2 - 1/6*z^3 + 89/48*x*y - 49/48*x*z + 35/48*y - 41/48*z, x^2*z^4 - 121/36*x^3*y*z + 29/36*x*y^3*z - 10/9*x^3*z^2 + 11/9*x*y^2*z^2 - 7/36*x*y*z^3 + 7/6*x*z^4 + 25/9*x^4 - 1/18*x^2*y^2 - 59/36*x^2*y*z + 29/36*y^3*z - 25/18*x^2*z^2 + 11/9*y^2*z^2 - 7/36*y*z^3 + 1/6*z^4 - 19/18*x^3 - 1/9*x*y^2 + 61/12*x*y*z + 67/36*x*z^2 - 121/18*x^2 - 1/18*y^2 + 121/36*y*z + 77/36*z^2 + 11/12*x + 137/36, x*y*z^4 - 9/16*x^4*y - 5/4*x^2*y^3 + 95/48*x^4*z - 15/16*x^2*y^2*z - 11/24*x^2*y*z^2 - 17/8*x^2*z^3 + y*z^4 - 33/16*x^3*y - 2*x*y^3 + 1/6*x^3*z + 53/16*x*y^2*z + 23/16*x*y*z^2 - 31/24*x*z^3 + 19/8*x^2*y - 3/4*y^3 - 203/48*x^2*z + 17/4*y^2*z + 91/48*y*z^2 + 5/6*z^3 + 359/48*x*y - 199/48*x*z + 173/48*y - 83/48*z, x*z^5 - 3/16*x^4*y - 1/4*x^2*y^3 + 173/48*x^4*z - 209/16*x^2*y^2*z + 23/12*x^2*y*z^2 - 13/8*x^2*z^3 + z^5 + 37/16*x^3*y + 47/8*x*y^3 - 161/24*x^3*z - 153/16*x*y^2*z + 327/16*x*y*z^2 - 115/24*x*z^3 + 65/8*x^2*y + 49/8*y^3 - 557/48*x^2*z + 7/2*y^2*z + 889/48*y*z^2 - 19/6*z^3 - 523/48*x*y + 479/48*x*z - 793/48*y + 541/48*z, x^5 + 27/4*x^3*y*z - 27/4*x*y^3*z - 3*x^3*z^2 + x*y^2*z^2 + 9/4*x*y*z^3 + 1/2*x*z^4 - 5/2*x^2*y^2 + 45/4*x^2*y*z - 27/4*y^3*z - 19/2*x^2*z^2 + y^2*z^2 + 9/4*y*z^3 + 1/2*z^4 - 9/2*x^3 - 2*x*y^2 + 51/4*x*y*z - 25/4*x*z^2 + 1/2*x^2 + 1/2*y^2 + 33/4*y*z + 1/4*z^2 - 7/4*x - 23/4, x^3*y^2 + 47/18*x^3*y*z - 55/18*x*y^3*z + 1/9*x^3*z^2 - 11/9*x*y^2*z^2 - 1/18*x*y*z^3 + 1/3*x*z^4 - 7/9*x^4 + 5/9*x^2*y^2 + 43/18*x^2*y*z - 55/18*y^3*z - 10/9*x^2*z^2 - 11/9*y^2*z^2 - 1/18*y*z^3 + 1/3*z^4 - 13/9*x^3 - 8/9*x*y^2 + 13/6*x*y*z - 29/18*x*z^2 + 11/9*x^2 - 4/9*y^2 + 43/18*y*z - 7/18*z^2 - 1/6*x - 37/18, x*y^4 + 1/3*x^3*y*z - 2/3*x*y^3*z - 2/3*x^3*z^2 + 1/3*x*y^2*z^2 - 2/3*x*y*z^3 - 1/3*x^4 + 2/3*x^2*y^2 + y^4 + 2/3*x^2*y*z - 2/3*y^3*z + 2/3*x^2*z^2 + 1/3*y^2*z^2 - 2/3*y*z^3 + 2/3*x^3 - 8/3*x*y^2 + 2/3*x*z^2 + 2/3*x^2 - 10/3*y^2 - 1/3*y*z - 2/3*z^2 + 1/3]"
15,aaabaaBBaaabbaB,2,2,"[x*y*z^3 + y*z^3 - 11/16*x*y^2 + 9/16*x*y*z - 15/8*x*z^2 + 9/16*x^2 - 11/16*y^2 + 9/16*y*z - 15/8*z^2 + 25/16*x + 1, x*z^4 + z^4 - 27/32*x*y^2 - 23/32*x*y*z - 7/16*x*z^2 + 9/32*x^2 - 27/32*y^2 - 23/32*y*z - 7/16*z^2 + 41/32*x + 1, x*y^3 + x*y*z^2 - 2*x*z^3 + y^3 + y*z^2 - 2*z^3 - x*y + x*z - y + z, x*y^2*z + 5*x*y*z^2 - 6*x*z^3 + 9*x^2*z + y^2*z + 5*y*z^2 - 6*z^3 + 4*x*y + 5*x*z + 4*y - 4*z, x^2*z^2 - 1/4*x*y^2 - 1/4*x*y*z + 3/2*x*z^2 - 1/4*x^2 - 1/4*y^2 - 1/4*y*z + 1/2*z^2 - 1/4*x, x^3 + 2*x^2 + x, x^2*y - x^2*z + 2*x*y - 2*x*z + y - z]"
15,aaabaaBBAAAbbaB,2,2,"[x^2*y^3 - 41/21*x*y^3 + 23/21*x^3*z - 13/7*x*y^2*z + 29/21*x*y*z^2 + 2/7*x*z^3 - 44/21*x^2*y - 62/21*y^3 + 41/21*x^2*z - 13/7*y^2*z + 29/21*y*z^2 + 2/7*z^3 + 10/7*x*y + 92/21*x*z + 74/21*y + 74/21*z, x*y^4 - 4/7*x^2*y^2 + y^4 - 8/21*x^2*y*z - 4/21*x^2*z^2 + 11/21*x^3 - 62/21*x*y^2 - 20/21*x*y*z - 8/21*x*z^2 + 5/3*x^2 - 50/21*y^2 - 4/7*y*z - 4/21*z^2 + 15/7*x + 1, x^2*y^2*z + 61/21*x*y^3 - 25/21*x^3*z + 12/7*x*y^2*z - 58/21*x*y*z^2 - 4/7*x*z^3 + 25/21*x^2*y + 61/21*y^3 - 61/21*x^2*z + 5/7*y^2*z - 58/21*y*z^2 - 4/7*z^3 - 20/7*x*y - 121/21*x*z - 85/21*y - 85/21*z, x*y^3*z + 19/7*x^2*y^2 + 115/21*x^2*y*z + y^3*z - 16/21*x^2*z^2 - 19/21*x^3 + 4/21*x*y^2 - 80/21*x*y*z - 116/21*x*z^2 - 1/3*x^2 - 53/21*y^2 - 65/7*y*z - 100/21*z^2 - 3/7*x - 1, x^3*z^2 + 4*x^2*y^2 + 21/2*x^2*y*z + 3/2*x^2*z^2 - 3/2*x^3 - 5/2*x*y^2 - 7/2*x*y*z - 7*x*z^2 + 1/2*x^2 - 13/2*y^2 - 14*y*z - 15/2*z^2 + 2*x, x^2*y*z^2 - 12/7*x*y^3 + 4/7*x^3*z - 8/7*x*y^2*z + 9/7*x*y*z^2 - 2/7*x*z^3 - 4/7*x^2*y - 12/7*y^3 + 12/7*x^2*z - 8/7*y^2*z + 2/7*y*z^2 - 2/7*z^3 + 11/7*x*y + 23/7*x*z + 15/7*y + 15/7*z, x*y^2*z^2 + 19/14*x^2*y^2 + 103/21*x^2*y*z - 1/21*x^2*z^2 + y^2*z^2 - 5/42*x^3 - 115/42*x*y^2 - 26/21*x*y*z - 86/21*x*z^2 + 5/3*x^2 - 86/21*y^2 - 43/7*y*z - 85/21*z^2 + 39/14*x + 1, x^2*z^3 - 58/3*x*y^3 + 19/3*x^3*z - 11*x*y^2*z + 40/3*x*y*z^2 + 6*x*z^3 - 4/3*x^2*y - 58/3*y^3 + 49/3*x^2*z - 11*y^2*z + 40/3*y*z^2 + 5*z^3 + 19*x*y + 91/3*x*z + 61/3*y + 61/3*z, x*y*z^3 - 9/28*x^2*y^2 - 179/84*x^2*y*z - 163/84*x^2*z^2 + y*z^3 + 1/42*x^3 + 65/42*x*y^2 - 59/84*x*y*z - 8/21*x*z^2 + 5/12*x^2 + 157/84*y^2 + 10/7*y*z + 131/84*z^2 - 17/28*x - 1, x*z^4 + 649/56*x^2*y^2 + 5057/168*x^2*y*z + 817/168*x^2*z^2 + z^4 - 101/42*x^3 - 164/21*x*y^2 - 1543/168*x*y*z - 715/42*x*z^2 + 13/24*x^2 - 3259/168*y^2 - 275/7*y*z - 3677/168*z^2 + 221/56*x + 1, x^4 - 6*x^2*y^2 - 13*x^2*y*z + x^2*z^2 + 4*x^3 + 2*x*y*z + 10*x*z^2 + x^2 + 6*y^2 + 15*y*z + 9*z^2 - 2*x, x^3*y + 10*x*y^3 - 3*x^3*z + 5*x*y^2*z - 7*x*y*z^2 - 2*x*z^3 + 2*x^2*y + 10*y^3 - 9*x^2*z + 5*y^2*z - 7*y*z^2 - 2*z^3 - 11*x*y - 18*x*z - 12*y - 12*z]"
15,aaababbaaaBBaaB,2,2,"[x*z^6 + z^6 + 241/64*x*y*z^3 + 7/32*x*z^4 + 241/64*y*z^3 + 7/32*z^4 - 11/8*x*y*z + 173/64*x*z^2 - 11/8*y*z + 173/64*z^2 + 1/16*x + 1/16, x*y*z^4 + 14*x*z^5 + y*z^4 + 14*z^5 + 52*x*y*z^2 + 5*x*z^3 + 52*y*z^2 + 5*z^3 - 16*x*y + 40*x*z - 16*y + 40*z, x*y^2 + 1/4*x*y*z - 1/2*x*z^2 + y^2 + 1/4*y*z - 1/2*z^2 - 3/4*x - 3/4, x^2 + 2*x + 1]"
15,aaababbAAABBaaB,2,2,"[x^4*y*z + 3*x^3*y*z + 5*x*y^3*z + 7*x*y^2*z^2 - 10*x*y*z^3 - 8*x*z^4 - 2*x^4 + 4*x^2*y^2 + 2*x^2*y*z + 5*y^3*z + 7*x^2*z^2 + 7*y^2*z^2 - 10*y*z^3 - 8*z^4 + 3*x^3 - 7*x*y^2 + x*y*z + 12*x*z^2 - 3*x^2 - 11*y^2 + y*z + 5*z^2 - 2*x + 6, x^2*y^3*z + 11*x^3*y*z + 31*x*y^3*z + 5*x^3*z^2 + 41*x*y^2*z^2 - 59*x*y*z^3 - 50*x*z^4 - 14*x^4 + 22*x^2*y^2 + 18*x^2*y*z + 30*y^3*z + 44*x^2*z^2 + 41*y^2*z^2 - 59*y*z^3 - 50*z^4 + 20*x^3 - 43*x*y^2 + 17*x*y*z + 74*x*z^2 - 5*x^2 - 65*y^2 + 10*y*z + 35*z^2 - 15*x + 24, x^4*z^2 - 10*x^3*y*z - 25*x*y^3*z - 4*x^3*z^2 - 36*x*y^2*z^2 + 50*x*y*z^3 + 44*x*z^4 + 11*x^4 - 20*x^2*y^2 - 17*x^2*y*z - 25*y^3*z - 40*x^2*z^2 - 36*y^2*z^2 + 50*y*z^3 + 44*z^4 - 17*x^3 + 35*x*y^2 - 14*x*y*z - 66*x*z^2 + 8*x^2 + 55*y^2 - 7*y*z - 31*z^2 + 15*x - 21, x^3*y*z^2 + 2*x^4*y + x^2*y^3 + 3/2*x^4*z - 2*x^2*y^2*z + 3/2*x^2*y*z^2 + 1/2*x^3*y + 2*x*y^3 - 2*x^3*z - 9/2*x*y^2*z + 1/2*x*y*z^2 + 3*x*z^3 - 9/2*x^2*y + y^3 - 13/2*x^2*z - 5/2*y^2*z + 3*z^3 - x*y - 11/2*x*z + 2*y - 5/2*z, x^2*y^2*z^2 + x*y^3*z + x^3*z^2 + 3*x*y^2*z^2 - 3*x*y*z^3 - 2*x*z^4 - x^4 - x^2*y*z + y^3*z + 2*x^2*z^2 + 2*y^2*z^2 - 3*y*z^3 - 2*z^4 - 3*x*y^2 + 2*x*z^2 + 2*x^2 - 3*y^2 + y*z + z^2 + 3*x + 2, x*y^3*z^2 - 7/3*x^4*y + 2/3*x^2*y^3 - 1/3*x^4*z - 2/3*x^2*y*z^2 + y^3*z^2 - 5/3*x^2*z^3 - 2*x^3*y - 4/3*x*y^3 + 8/3*x^3*z + 2/3*x*y^2*z - 4/3*x*y*z^2 - 10/3*x*z^3 + 10/3*x^2*y - 2*y^3 + 20/3*x^2*z + 2/3*y^2*z - 2/3*y*z^2 - 5/3*z^3 + 14/3*x*y + 14/3*x*z + 5/3*y + z, x^3*z^3 - 4*x^4*y - x^2*y^3 - 5/2*x^4*z + 2*x^2*y^2*z - 9/2*x^2*y*z^2 - 3*x^2*z^3 - 5/2*x^3*y - 2*x*y^3 + 4*x^3*z + 15/2*x*y^2*z - 3/2*x*y*z^2 - 8*x*z^3 + 21/2*x^2*y - y^3 + 33/2*x^2*z + 11/2*y^2*z + 3*y*z^2 - 4*z^3 + 2*x*y + 19/2*x*z - 7*y - 1/2*z, x^2*y*z^3 + 5*x^3*y*z + 15*x*y^3*z + 2*x^3*z^2 + 21*x*y^2*z^2 - 29*x*y*z^3 - 26*x*z^4 - 7*x^4 + 12*x^2*y^2 + 8*x^2*y*z + 15*y^3*z + 23*x^2*z^2 + 21*y^2*z^2 - 30*y*z^3 - 26*z^4 + 11*x^3 - 21*x*y^2 + 8*x*y*z + 39*x*z^2 - 4*x^2 - 33*y^2 + 5*y*z + 18*z^2 - 9*x + 13, x*y^2*z^3 + 13/6*x^4*y - 5/6*x^2*y^3 + 1/6*x^4*z + 4/3*x^2*y*z^2 + 17/6*x^2*z^3 + y^2*z^3 + x^3*y - 1/3*x*y^3 - 17/6*x^3*z - 10/3*x*y^2*z - 11/6*x*y*z^2 + 8/3*x*z^3 - 14/3*x^2*y + 1/2*y^3 - 41/6*x^2*z - 10/3*y^2*z - 19/6*y*z^2 - 1/6*z^3 + 1/6*x*y - 1/3*x*z + 11/3*y + 7/2*z, x^2*z^4 - 4*x^3*y*z - 11*x*y^3*z - 2*x^3*z^2 - 16*x*y^2*z^2 + 21*x*y*z^3 + 20*x*z^4 + 5*x^4 - 9*x^2*y^2 - 7*x^2*y*z - 11*y^3*z - 19*x^2*z^2 - 16*y^2*z^2 + 21*y*z^3 + 19*z^4 - 8*x^3 + 15*x*y^2 - 5*x*y*z - 29*x*z^2 + 4*x^2 + 24*y^2 - 2*y*z - 12*z^2 + 7*x - 10, x*y*z^4 - 19/12*x^4*y + 5/12*x^2*y^3 + 5/12*x^4*z - x^2*y^2*z - 7/6*x^2*y*z^2 - 23/12*x^2*z^3 + y*z^4 - 3/2*x^3*y + 1/6*x*y^3 + 23/12*x^3*z - 1/3*x*y^2*z - 13/12*x*y*z^2 - 4/3*x*z^3 + 10/3*x^2*y - 1/4*y^3 + 47/12*x^2*z + 2/3*y^2*z + 1/12*y*z^2 + 7/12*z^3 + 35/12*x*y + 1/6*x*z - 1/3*y - 9/4*z, x*z^5 + 55/24*x^4*y - 17/24*x^2*y^3 - 5/24*x^4*z + 1/2*x^2*y^2*z + 19/12*x^2*y*z^2 + 59/24*x^2*z^3 + z^5 + 5/4*x^3*y - 13/12*x*y^3 - 83/24*x^3*z - 4/3*x*y^2*z - 35/24*x*y*z^2 + 1/6*x*z^3 - 17/3*x^2*y - 3/8*y^3 - 143/24*x^2*z - 11/6*y^2*z - 73/24*y*z^2 - 55/24*z^3 - 11/24*x*y + 29/12*x*z + 25/6*y + 41/8*z, x^5 + 6*x^3*y*z + 17*x*y^3*z + 3*x^3*z^2 + 24*x*y^2*z^2 - 33*x*y*z^3 - 26*x*z^4 - 9*x^4 + 13*x^2*y^2 + 8*x^2*y*z + 17*y^3*z + 26*x^2*z^2 + 24*y^2*z^2 - 33*y*z^3 - 26*z^4 + 7*x^3 - 25*x*y^2 + 6*x*y*z + 38*x*z^2 - 2*x^2 - 38*y^2 + 4*y*z + 15*z^2 + 19, x^3*y^2 - 5*x^3*y*z - 13*x*y^3*z - 3*x^3*z^2 - 19*x*y^2*z^2 + 25*x*y*z^3 + 22*x*z^4 + 7*x^4 - 9*x^2*y^2 - 8*x^2*y*z - 13*y^3*z - 19*x^2*z^2 - 19*y^2*z^2 + 25*y*z^3 + 22*z^4 - 9*x^3 + 18*x*y^2 - 6*x*y*z - 30*x*z^2 - x^2 + 28*y^2 - 3*y*z - 14*z^2 + 5*x - 10, x*y^4 + 53/4*x^3*y*z + 297/8*x*y^3*z + 29/4*x^3*z^2 + 417/8*x*y^2*z^2 - 287/4*x*y*z^3 - 62*x*z^4 - 71/4*x^4 + 111/4*x^2*y^2 + y^4 + 171/8*x^2*y*z + 297/8*y^3*z + 109/2*x^2*z^2 + 417/8*y^2*z^2 - 287/4*y*z^3 - 62*z^4 + 195/8*x^3 - 109/2*x*y^2 + 18*x*y*z + 90*x*z^2 - 29/8*x^2 - 329/4*y^2 + 79/8*y*z + 171/4*z^2 - 67/4*x + 29]"
15,aaabaBBaaabbaaB,2,2,"[x*y*z^3 + y*z^3 - 23/4*x*y^2 - 41/4*x*y*z - 5/2*x*z^2 + 1/4*x^2 - 23/4*y^2 - 41/4*y*z - 5/2*z^2 - 3/4*x - 1, x*z^4 + z^4 + 25/8*x*y^2 + 19/8*x*y*z - 11/4*x*z^2 - 7/8*x^2 + 25/8*y^2 + 19/8*y*z - 11/4*z^2 + 1/8*x + 1, x*y^3 + 5*x*y*z^2 + 6*x*z^3 + y^3 - 5*x^2*z + 5*y*z^2 + 6*z^3 - 28*x*y - 33*x*z - 28*y - 28*z, x*y^2*z - x*y*z^2 - 2*x*z^3 + 2*x^2*z + y^2*z - y*z^2 - 2*z^3 + 11*x*y + 13*x*z + 11*y + 11*z, x^2*z^2 - 2*x*y^2 - 3*x*y*z - x^2 - 2*y^2 - 3*y*z - z^2 - x, x^3 + 2*x^2 + x, x^2*y + x^2*z + 2*x*y + 2*x*z + y + z]"
15,aaabaBBAAAbbaaB,2,2,"[x^5 + 5/2*x^4 - 11/2*x^2*y*z + x^2*z^2 + 5/2*x^3 + 3*x*y^2 - 13/2*x*y*z - x*z^2 + 3*x^2 + 3*y^2 - y*z - 2*z^2 + 2*x, x*y^4 + 1/3*x^4 + y^4 - 5*x^2*y*z + 16/7*x^2*z^2 + 12/7*x^3 - 4/21*x*y^2 - 23/3*x*y*z + 22/7*x*z^2 + 79/21*x^2 - 4/21*y^2 - 8/3*y*z + 6/7*z^2 + 71/21*x + 1, x^4*z - 3*x*y^3 + x*y^2*z + 2*x*y*z^2 + 4*x^2*y - 3*y^3 - 6*x^2*z + y^2*z + 2*y*z^2 + 11*x*y - 12*x*z + 7*y - 7*z, x*y^3*z + 1/3*x^4 - 4*x^2*y*z + y^3*z + 11/7*x^2*z^2 + 10/7*x^3 + 20/21*x*y^2 - 23/3*x*y*z + 16/7*x*z^2 + 67/21*x^2 + 20/21*y^2 - 11/3*y*z + 5/7*z^2 + 65/21*x + 1, x^3*z^2 - x^4 + x^2*y*z + x^2*z^2 - 3*x^3 + 2*x*y*z - x*z^2 - 3*x^2 + y*z - z^2 - x, x^2*y*z^2 - x*y^3 - x^3*z - 1/3*x*y^2*z + 5/3*x*y*z^2 + 2/3*x*z^3 + 2*x^2*y - y^3 - 4*x^2*z - 1/3*y^2*z + 2/3*y*z^2 + 2/3*z^3 + 5*x*y - 6*x*z + 3*y - 3*z, x*y^2*z^2 + 1/12*x^4 - 9/4*x^2*y*z + 9/14*x^2*z^2 + y^2*z^2 + 17/28*x^3 + 5/21*x*y^2 - 47/12*x*y*z + 1/14*x*z^2 + 43/21*x^2 + 5/21*y^2 - 5/3*y*z - 4/7*z^2 + 53/21*x + 1, x^2*z^3 + x*y^3 - x^3*z + 2/3*x*y^2*z - 16/3*x*y*z^2 + 14/3*x*z^3 + 2*x^2*y + y^3 - 4*x^2*z + 2/3*y^2*z - 16/3*y*z^2 + 11/3*z^3 + 4*x*y - 5*x*z + 2*y - 2*z, x*y*z^3 - 1/24*x^4 - 7/8*x^2*y*z + 1/28*x^2*z^2 + y*z^3 - 9/56*x^3 + 13/42*x*y^2 - 37/24*x*y*z - 45/28*x*z^2 + 16/21*x^2 + 13/42*y^2 - 2/3*y*z - 23/14*z^2 + 79/42*x + 1, x*z^4 - 11/48*x^4 + 11/16*x^2*y*z - 17/56*x^2*z^2 + z^4 - 155/112*x^3 + 17/84*x*y^2 + 73/48*x*y*z - 187/56*x*z^2 - 55/42*x^2 + 17/84*y^2 + 5/6*y*z - 85/28*z^2 + 71/84*x + 1, x^3*y - 2*x*y^3 - x^3*z - x*y^2*z + 5*x*y*z^2 - 2*x*z^3 + 3*x^2*y - 2*y^3 - 3*x^2*z - y^2*z + 5*y*z^2 - 2*z^3 + 4*x*y - 4*x*z + 2*y - 2*z, x^2*y^2 - 2*x^2*y*z + x^2*z^2 + 2*x*y^2 - 4*x*y*z + 2*x*z^2 + y^2 - 2*y*z + z^2]"
15,aaabbaaabbaaabb,2,2,"[x^3*y^3*z - x^4*y^2 - x^2*y^4 - x^2*y^3*z + x^3*y^2 + x*y^4 - 2*x^3*y*z - x*y^3*z + 2*x^4 + 5*x^2*y^2 + 2*x^2*y*z + y^3*z - 2*x^3 - 4*x*y^2 + 2*x*y*z - 6*x^2 - y^2 - 2*y*z + 4*x + 2, x^2*y^4*z - x^3*y^3 - x*y^5 - 2*x^2*y^2*z - y^4*z + 2*x^3*y + 5*x*y^3 + y^3 + 2*y^2*z - 6*x*y - 2*y, x^3*y^2*z^2 - 17/4*x^2*y^3*z + 4*x^2*y^2*z^2 - x^5 + 9/4*x^3*y^2 + 13/4*x*y^4 - 15/2*x^3*y*z - 4*x*y^3*z - x*y^2*z^2 + 7/2*x^4 + 7/2*x^2*y^2 + 9/2*x^2*y*z + 13/4*y^3*z - 4*y^2*z^2 + 1/2*x^3 - 49/4*x*y^2 + 33/2*x*y*z - 19/2*x^2 - 13/4*y^2 + 3/2*y*z + 4*x + 5/2, x^2*y^3*z^2 - 3/2*x^3*y^2*z - x*y^4*z + 2/3*x^3*y*z^2 + 1/2*x^4*y + 1/2*x^2*y^3 - 2/3*x^4*z - 4/3*x^2*y^2*z - 2/3*x^2*y*z^2 - y^3*z^2 + 2/3*x^3*y + 2/3*x*y^3 + 2/3*x^3*z + 25/6*x*y^2*z - 2/3*x*y*z^2 - 3/2*x^2*y + 2*x^2*z + 5/3*y^2*z + 2/3*y*z^2 - 5/2*x*y - 4/3*x*z - 2/3*y - 2/3*z, x^3*y*z^3 + 15/16*x^2*y^3*z - x^4*z^2 - 11/4*x^2*y^2*z^2 - x^2*y*z^3 - 15/16*x^3*y^2 - 15/16*x*y^4 + 11/8*x^3*y*z + 7/4*x*y^3*z + x^3*z^2 + x*y^2*z^2 - x*y*z^3 + 3/8*x^4 + 3/8*x^2*y^2 + 3/8*x^2*y*z - 15/16*y^3*z + 3*x^2*z^2 + 7/4*y^2*z^2 + y*z^3 - 3/8*x^3 + 39/16*x*y^2 - 39/8*x*y*z - 2*x*z^2 - 9/8*x^2 + 15/16*y^2 - 17/8*y*z - z^2 + 3/4*x + 3/8, x^2*y^2*z^3 + 1/8*x^3*y^2*z - 3/2*x^3*y*z^2 - x*y^3*z^2 - 1/8*x^4*y - 1/8*x^2*y^3 + 1/2*x^4*z - 1/4*x^2*y^2*z + 1/2*x^2*y*z^2 - y^2*z^3 + 3/4*x^3*y + 3/4*x*y^3 - 1/2*x^3*z - 5/8*x*y^2*z + 7/2*x*y*z^2 + 3/8*x^2*y - 3/2*x^2*z + 3/4*y^2*z + 1/2*y*z^2 - 17/8*x*y + x*z - 3/4*y + 1/2*z, x^4*y*z - 3/2*x^2*y^3*z + 2*x^2*y^2*z^2 - x^5 + 1/2*x^3*y^2 + 3/2*x*y^4 - 4*x^3*y*z - 2*x*y^3*z + 2*x^4 + 2*x^2*y^2 + 3/2*y^3*z - 2*y^2*z^2 + 2*x^3 - 11/2*x*y^2 + 8*x*y*z - 5*x^2 - 3/2*y^2 + y*z + x + 1]"
15,aaabbaaabAAABBB,2,2,"[x*z^6 + z^6 - 7/4*x*z^4 - 23539/15768*x^2*y*z + 16943/28032*x^2*z^2 - 7/4*z^4 + 297383/63072*x^3 + 791317/252288*x*y^2 + 5459/4672*x*y*z - 31069/14016*x*z^2 - 1537/2628*x^2 + 791317/252288*y^2 + 335705/126144*y*z - 79081/28032*z^2 - 17997/1168*x - 637567/63072, x^3*z^2 - 135/73*x^2*y*z + 131/73*x^2*z^2 + 32/73*x^3 + 32/73*x*y^2 - 201/73*x*y*z + 53/73*x*z^2 + 8/73*x^2 + 32/73*y^2 - 66/73*y*z - 5/73*z^2 - 80/73*x - 56/73, x^2*y*z^2 - 123/560*x^3*z - 163/280*x*y^2*z + 9/40*x*y*z^2 - 171/140*x*z^3 - 843/560*x^2*y + 759/560*x^2*z - 163/280*y^2*z - 31/40*y*z^2 - 171/140*z^3 - 1229/560*x*y + 2801/560*x*z - 193/280*y + 1919/560*z, x*y^2*z^2 - 4*x*z^4 + 1208/219*x^2*y*z - 1544/657*x^2*z^2 + y^2*z^2 - 4*z^4 - 2140/219*x^3 - 4376/657*x*y^2 + 1444/657*x*y*z + 312/73*x*z^2 - 8/73*x^2 - 4376/657*y^2 - 2180/657*y*z + 4352/657*z^2 + 2124/73*x + 4256/219, x^2*z^3 + 59/70*x^3*z - 16/35*x*y^2*z - 7/5*x*y*z^2 + 36/35*x*z^3 - 101/70*x^2*y + 73/70*x^2*z - 16/35*y^2*z - 7/5*y*z^2 + 1/35*z^3 - 123/70*x*y + 127/70*x*z - 11/35*y + 113/70*z, x*y*z^3 + 2*x*z^4 - 1432/657*x^2*y*z - 224/657*x^2*z^2 + y*z^3 + 2*z^4 + 2444/657*x^3 + 1568/657*x*y^2 - 1016/657*x*y*z - 336/73*x*z^2 + 76/73*x^2 + 1568/657*y^2 + 416/657*y*z - 2800/657*z^2 - 1988/219*x - 4204/657, x^4 + 102/73*x^2*y*z - 271/292*x^2*z^2 + 18/73*x^3 - 1/292*x*y^2 + 367/146*x*y*z - 351/146*x*z^2 - 251/73*x^2 - 1/292*y^2 + 163/146*y*z - 431/292*z^2 - 264/73*x - 68/73, x^3*y - 93/140*x^3*z + 27/70*x*y^2*z + 9/10*x*y*z^2 + 9/35*x*z^3 + 387/140*x^2*y - 611/140*x^2*z + 27/70*y^2*z + 9/10*y*z^2 + 9/35*z^3 + 341/140*x*y - 969/140*x*z + 47/70*y - 451/140*z, x^2*y^2 - 97/73*x^2*y*z - 27/73*x^2*z^2 + 116/73*x^3 + 189/73*x*y^2 - 99/73*x*y*z - 36/73*x*z^2 - 44/73*x^2 + 116/73*y^2 - 2/73*y*z - 9/73*z^2 - 436/73*x - 276/73, x*y^3 + 1273/560*x^3*z + 353/280*x*y^2*z - 99/40*x*y*z^2 - 279/140*x*z^3 - 2967/560*x^2*y + y^3 + 3891/560*x^2*z + 353/280*y^2*z - 99/40*y*z^2 - 279/140*z^3 - 5601/560*x*y + 4629/560*x*z - 1317/280*y + 2011/560*z]"
15,aaabbaaaBBBAAAb,2,2,"[x^3*z^2 + x^2*y*z + 2*x^2*z^2 + x*y^2 + 3*x*y*z - x*z^2 - 4*x^2 + y^2 + 2*y*z - 2*z^2 - 8*x - 4, x^2*y*z^2 - 83/605*x^3*z + 34/605*x*y^2*z + 1044/605*x*y*z^2 - 468/605*x*z^3 - 63/121*x^2*y - 381/605*x^2*z + 34/605*y^2*z + 439/605*y*z^2 - 468/605*z^3 - 511/605*x*y - 5/11*x*z - 196/605*y + 23/605*z, x*y^2*z^2 - 7/2*x^2*y*z - 7/8*x^2*z^2 + y^2*z^2 + 7/2*x^3 + 3/8*x*y^2 - 17/4*x*y*z - 11/4*x*z^2 + 4*x^2 + 3/8*y^2 - 3/4*y*z - 15/8*z^2 - x - 3/2, x^2*z^3 - 784/605*x^3*z - 313/605*x*y^2*z - 358/605*x*y*z^2 + 1746/605*x*z^3 + 128/121*x^2*y - 1208/605*x^2*z - 313/605*y^2*z - 358/605*y*z^2 + 1141/605*z^3 + 1092/605*x*y - 8/11*x*z + 452/605*y - 16/605*z, x*y*z^3 + 601/252*x^2*y*z - 43/48*x^2*z^2 + y*z^3 - 929/252*x^3 - 1597/1008*x*y^2 + 181/168*x*y*z - 19/56*x*z^2 - 6/7*x^2 - 1597/1008*y^2 - 659/504*y*z + 187/336*z^2 + 361/42*x + 1453/252, x*z^4 - 1315/168*x^2*y*z - 415/288*x^2*z^2 + z^4 + 1531/168*x^3 + 7325/2016*x*y^2 - 8447/1008*x*y*z - 461/112*x*z^2 + 167/21*x^2 + 7325/2016*y^2 - 557/1008*y*z - 5393/2016*z^2 - 929/84*x - 1663/168, x^4 - 9/7*x^2*y*z - 5/4*x^2*z^2 + 18/7*x^3 + 19/28*x*y^2 - 13/14*x*y*z - 27/14*x*z^2 - 5/7*x^2 + 19/28*y^2 + 5/14*y*z - 19/28*z^2 - 36/7*x - 20/7, x^3*y - x^2*z - 2*x*y - y + z, x^2*y^2 - 23/7*x^2*y*z + 4/7*x^3 + 10/7*x*y^2 - 45/7*x*y*z + 18/7*x*z^2 + 16/7*x^2 + 3/7*y^2 - 22/7*y*z + 18/7*z^2 + 20/7*x + 8/7, x*y^3 + 877/605*x^3*z + 1084/605*x*y^2*z - 666/605*x*y*z^2 - 828/605*x*z^3 - 279/121*x^2*y + y^3 + 1839/605*x^2*z + 1084/605*y^2*z - 666/605*y*z^2 - 828/605*z^3 - 3231/605*x*y + 3/11*x*z - 1836/605*y - 797/605*z]"
15,aaabbaabaaaBaBB,2,2,"[x*z^6 + z^6 - 37/4*x*y*z^3 - 11/2*x*z^4 - 37/4*y*z^3 - 11/2*z^4 + 13/8*x*y^2 + 17/4*x*y*z - 1/2*x*z^2 + 13/8*y^2 + 17/4*y*z - 1/2*z^2 - 5/2*x - 5/2, x*y*z^4 + 13/11*x*z^5 + y*z^4 + 13/11*z^5 - 21/22*x*y^2*z - 103/22*x*y*z^2 - 10/11*x*z^3 - 21/22*y^2*z - 103/22*y*z^2 - 10/11*z^3 + 2/11*x*y - 5/11*x*z + 2/11*y - 5/11*z, x*y^2*z^2 + 11/8*x*y*z^3 + 5/8*x*z^4 + y^2*z^2 + 11/8*y*z^3 + 5/8*z^4 - 5/16*x*y^2 + 1/16*x*y*z + 1/4*x*z^2 - 5/16*y^2 + 1/16*y*z + 1/4*z^2 + 3/8*x + 3/8, x*y^3 + 2*x*y^2*z + 2*x*y*z^2 + x*z^3 + y^3 + 2*y^2*z + 2*y*z^2 + z^3 - 3/2*x*y - 3/2*y, x^2 + 2*x + 1]"
15,aaabbaabAAABaBB,2,2,"[x*z^6 + z^6 - 27/4*x*y^4 + 288/11*x*y^3*z - 221/44*x^3*z^2 + 1351/66*x*y^2*z^2 + 631/33*x*y*z^3 - 19/22*x*z^4 - 131/66*x^4 - 893/33*x^2*y^2 - 27/4*y^4 - 65/12*x^2*y*z + 288/11*y^3*z - 811/66*x^2*z^2 + 1351/66*y^2*z^2 + 631/33*y*z^3 - 19/22*z^4 - 57/44*x^3 + 1399/132*x*y^2 - 2341/44*x*y*z + 415/132*x*z^2 + 115/2*x^2 + 1657/44*y^2 - 1577/33*y*z + 229/22*z^2 - 223/132*x - 117/2, x^2*y^4 + 2*x*y^4 - 2*x*y^3*z - 4/3*x*y^2*z^2 - 2/3*x*y*z^3 - 1/3*x^4 - 2/3*x^2*y^2 + y^4 + 5/3*x^2*y*z - 2*y^3*z + 1/3*x^2*z^2 - 4/3*y^2*z^2 - 2/3*y*z^3 - 11/3*x*y^2 + 6*x*y*z - 2/3*x*z^2 - 2*x^2 - 3*y^2 + 13/3*y*z - z^2 + 2/3*x + 3, x*y^5 + 1/5*x*z^5 - 14/5*x^2*y^3 + y^5 + 9/5*x^4*z + 11/2*x^2*y^2*z - 1/2*x^2*y*z^2 - 16/5*x^2*z^3 + 1/5*z^5 - 81/10*x^3*y - 44/5*x*y^3 + 3/2*x^3*z + 71/5*x*y^2*z + 7/2*x*y*z^2 - 26/5*x*z^3 - 11/10*x^2*y - 6*y^3 - x^2*z + 87/10*y^2*z + 4*y*z^2 - 2*z^3 + 191/10*x*y - 71/10*x*z + 121/10*y - 32/5*z, x^2*y^3*z - x*y^4 + 63/11*x*y^3*z - 12/11*x^3*z^2 + 28/11*x*y^2*z^2 + 20/11*x*y*z^3 + 6/11*x*z^4 - 3/11*x^4 - 43/11*x^2*y^2 - y^4 - 3*x^2*y*z + 52/11*y^3*z - 9/11*x^2*z^2 + 28/11*y^2*z^2 + 20/11*y*z^3 + 6/11*z^4 - 2/11*x^3 + 19/11*x*y^2 - 119/11*x*y*z + 32/11*x*z^2 + 8*x^2 + 62/11*y^2 - 86/11*y*z + 29/11*z^2 - 1/11*x - 8, x*y^4*z + 1/5*x*z^5 - 19/5*x^2*y^3 + 4/5*x^4*z + 5/2*x^2*y^2*z + y^4*z + 1/2*x^2*y*z^2 - 6/5*x^2*z^3 + 1/5*z^5 - 31/10*x^3*y - 29/5*x*y^3 + 3/2*x^3*z + 21/5*x*y^2*z + 7/2*x*y*z^2 - 16/5*x*z^3 + 39/10*x^2*y - 2*y^3 - 3*x^2*z + 17/10*y^2*z + 3*y*z^2 - 2*z^3 + 121/10*x*y - 71/10*x*z + 51/10*y - 17/5*z, x^4*z^2 + 12/11*x*y^3*z + 15/11*x^3*z^2 + 16/33*x*y^2*z^2 + 2/33*x*y*z^3 - 2/11*x*z^4 - 41/33*x^4 - 1/33*x^2*y^2 - 7/3*x^2*y*z + 12/11*y^3*z - 46/33*x^2*z^2 + 16/33*y^2*z^2 + 2/33*y*z^3 - 2/11*z^4 + 8/11*x^3 + 47/33*x*y^2 - 63/11*x*y*z - 43/33*x*z^2 + 5*x^2 + 16/11*y^2 - 112/33*y*z + 5/11*z^2 - 32/33*x - 4, x^2*y^2*z^2 - 20/11*x*y^3*z + 8/11*x^3*z^2 + 10/33*x*y^2*z^2 - 40/33*x*y*z^3 - 4/11*x*z^4 - 5/33*x^4 + 20/33*x^2*y^2 + 2/3*x^2*y*z - 20/11*y^3*z - 4/33*x^2*z^2 - 23/33*y^2*z^2 - 40/33*y*z^3 - 4/11*z^4 - 6/11*x^3 - 16/33*x*y^2 + 50/11*x*y*z - 64/33*x*z^2 - 2*x^2 - 12/11*y^2 + 128/33*y*z - 12/11*z^2 + 46/33*x + 3, x*y^3*z^2 + 1/5*x*z^5 + 1/5*x^2*y^3 - 1/5*x^4*z - 3/2*x^2*y^2*z - 1/2*x^2*y*z^2 + y^3*z^2 + 4/5*x^2*z^3 + 1/5*z^5 + 9/10*x^3*y + 1/5*x*y^3 + 1/2*x^3*z - 4/5*x*y^2*z - 5/2*x*y*z^2 + 4/5*x*z^3 - 1/10*x^2*y + x^2*z + 7/10*y^2*z - 2*y*z^2 - 9/10*x*y - 11/10*x*z + 1/10*y - 7/5*z, x^3*z^3 + x^2*y^3 - 2*x^2*y^2*z - 2*x^2*y*z^2 + 2*x^2*z^3 + 2*x^3*y + 2*x*y^3 - 4*x*y^2*z - 4*x*y*z^2 + x*z^3 + x^2*y + y^3 - 2*y^2*z - 2*y*z^2 - 4*x*y - 3*y, x^2*y*z^3 - x^3*z^2 + 2*x*y*z^3 - x^2*y*z - x^2*z^2 + y*z^3 + x^3 - 2*x*y*z + x*z^2 + x^2 - y*z + z^2 - x - 1, x*y^2*z^3 - x*z^5 + 7/2*x^2*y^3 + x^2*y^2*z - 5/2*x^2*z^3 + y^2*z^3 - z^5 - 2*x^3*y + 15/2*x*y^3 - 9/2*x^3*z + 3/2*x*y*z^2 + x*z^3 - 6*x^2*y + 4*y^3 + 9/2*x^2*z - y^2*z + 3/2*y*z^2 + 7/2*z^3 - 11*x*y + 31/2*x*z - 7*y + 13/2*z, x^2*z^4 + x*y^4 - 37/11*x*y^3*z + 17/11*x^3*z^2 - 36/11*x*y^2*z^2 - 32/11*x*y*z^3 + 8/11*x*z^4 + 7/11*x^4 + 38/11*x^2*y^2 + y^4 - 37/11*y^3*z - 1/11*x^2*z^2 - 36/11*y^2*z^2 - 32/11*y*z^3 - 3/11*z^4 + 1/11*x^3 - 15/11*x*y^2 + 65/11*x*y*z - 27/11*x*z^2 - 7*x^2 - 53/11*y^2 + 65/11*y*z - 9/11*z^2 + 6/11*x + 7, x*y*z^4 + 7/5*x*z^5 - 23/5*x^2*y^3 - 2/5*x^4*z - 5/2*x^2*y^2*z - x^2*y*z^2 + 18/5*x^2*z^3 + y*z^4 + 7/5*z^5 + 43/10*x^3*y - 48/5*x*y^3 + 6*x^3*z - 41/10*x*y^2*z - 9/2*x*y*z^2 - 2/5*x*z^3 + 54/5*x^2*y - 5*y^3 - 9/2*x^2*z - 8/5*y^2*z - 7/2*y*z^2 - 4*z^3 + 127/10*x*y - 106/5*x*z + 31/5*y - 103/10*z, x^5 - x*y^4 + 31/11*x*y^3*z - 30/11*x^3*z^2 + 56/33*x*y^2*z^2 + 40/33*x*y*z^3 + 4/11*x*z^4 + 5/33*x^4 - 152/33*x^2*y^2 - y^4 + 10/3*x^2*y*z + 31/11*y^3*z - 128/33*x^2*z^2 + 56/33*y^2*z^2 + 40/33*y*z^3 + 4/11*z^4 - 71/11*x^3 - 17/33*x*y^2 + 38/11*x*y*z + 64/33*x*z^2 + 3*x^2 + 45/11*y^2 + 4/33*y*z + 34/11*z^2 + 251/33*x - 1, x^4*y - 4*x^2*y^3 + 2*x^4*z + 2*x^2*y^2*z + x^2*y*z^2 - 3*x^2*z^3 - 5*x^3*y - 6*x*y^3 - 2*x^3*z + 8*x*y^2*z + 6*x*y*z^2 - 4*x*z^3 + x^2*y - 2*y^3 - 4*x^2*z + 6*y^2*z + 5*y*z^2 - z^3 + 14*x*y - 2*x*z + 7*y - 2*z, x^3*y^2 - x*y^4 + 31/11*x*y^3*z - 8/11*x^3*z^2 + 56/33*x*y^2*z^2 + 40/33*x*y*z^3 + 4/11*x*z^4 + 5/33*x^4 - 86/33*x^2*y^2 - y^4 - 5/3*x^2*y*z + 31/11*y^3*z - 29/33*x^2*z^2 + 56/33*y^2*z^2 + 40/33*y*z^3 + 4/11*z^4 - 16/11*x^3 + 16/33*x*y^2 - 72/11*x*y*z + 64/33*x*z^2 + 5*x^2 + 45/11*y^2 - 161/33*y*z + 23/11*z^2 + 53/33*x - 5, x^3*y*z - 10/11*x*y^3*z + 4/11*x^3*z^2 - 28/33*x*y^2*z^2 - 20/33*x*y*z^3 - 2/11*x*z^4 - 19/33*x^4 + 10/33*x^2*y^2 + 4/3*x^2*y*z - 10/11*y^3*z - 2/33*x^2*z^2 - 28/33*y^2*z^2 - 20/33*y*z^3 - 2/11*z^4 - 3/11*x^3 - 8/33*x*y^2 + 14/11*x*y*z - 32/33*x*z^2 - 6/11*y^2 + 31/33*y*z - 6/11*z^2 + 23/33*x + 1]"
15,aaabbaaBAAAbaBB,2,2,"[x*z^5 + z^5 + 7/13*x*y^3 + 73/78*x*y^2*z - 47/78*x*y*z^2 - 232/39*x*z^3 + 7/13*y^3 - 40/13*x^2*z + 73/78*y^2*z - 47/78*y*z^2 - 232/39*z^3 + 2/3*x*y + 1/3*x*z + 2/3*y + 133/39*z, x*y^4 + 5/7*x*z^4 + y^4 + 5/7*z^4 + 3/7*x^3 - 29/14*x*y^2 + 31/14*x*y*z - 22/7*x*z^2 + 6/7*x^2 - 29/14*y^2 + 31/14*y*z - 22/7*z^2 + 12/7*x + 9/7, x*y^3*z - x*z^4 + y^3*z - z^4 - 1/2*x*y^2 - 7/2*x*y*z + 4*x*z^2 - 1/2*y^2 - 7/2*y*z + 4*z^2, x*y^2*z^2 + 17/14*x*z^4 + y^2*z^2 + 17/14*z^4 + 10/7*x^3 + 19/28*x*y^2 + 55/28*x*y*z - 36/7*x*z^2 + 47/14*x^2 + 19/28*y^2 + 55/28*y*z - 36/7*z^2 + 31/14*x + 2/7, x*y*z^3 - 3/14*x*z^4 + y*z^3 - 3/14*z^4 - 10/7*x^3 - 19/28*x*y^2 - 69/28*x*y*z + 8/7*x*z^2 - 13/7*x^2 - 19/28*y^2 - 69/28*y*z + 8/7*z^2 + 11/14*x + 17/14, x^4 + 2*x^3 + x^2, x^3*z + 2/3*x*y^2*z + 2/3*x*y*z^2 + 2/3*x*z^3 + 3*x^2*z + 2/3*y^2*z + 2/3*y*z^2 + 2/3*z^3 - 1/3*x*y + 1/3*x*z - 1/3*y - 5/3*z, x^2*z^2 + x^3 + 2*x*z^2 + x^2 + z^2 - x - 1, x^2*y - x^2*z + 2*x*y - 2*x*z + y - z]"
15,aaabbabaaaBaaBB,2,2,"[x*z^6 + z^6 - 1/2*x*z^4 - 1/2*z^4 + 1/2*x*y^2 + 1/4*x*y*z - x*z^2 + 1/2*y^2 + 1/4*y*z - z^2 - x - 1, x*y*z^4 + 1/2*x*z^5 + y*z^4 + 1/2*z^5 - 1/2*x*y^3 + 1/2*x*y*z^2 + 3/4*x*z^3 - 1/2*y^3 + 1/2*y*z^2 + 3/4*z^3 + 5/8*x*y + 1/2*x*z + 5/8*y + 1/2*z, x*y^4 + 2*x*y*z^3 + 3/2*x*z^4 + y^4 + 2*y*z^3 + 3/2*z^4 - 11/4*x*y^2 + 1/4*x*y*z + x*z^2 - 11/4*y^2 + 1/4*y*z + z^2 + 3/2*x + 3/2, x*y^2*z + x*y*z^2 + x*z^3 + y^2*z + y*z^2 + z^3 + 3/2*x*y + 3/2*y, x^2 + 2*x + 1]"
15,aaabbabAAABaaBB,2,2,"[x*z^6 + z^6 - 52/45*x^3*y*z - 49/9*x*y^3*z + 229/45*x^3*z^2 - 11/18*x*y^2*z^2 - 11/18*x*y*z^3 - 11/3*x*z^4 - 61/30*x^4 + 71/90*x^2*y^2 - 283/30*x^2*y*z - 49/9*y^3*z + 689/90*x^2*z^2 - 11/18*y^2*z^2 - 11/18*y*z^3 - 11/3*z^4 + 109/45*x^3 + 9/5*x*y^2 + 289/90*x*y*z - 103/45*x*z^2 + 193/45*x^2 + 91/90*y^2 + 517/45*y*z - 437/90*z^2 - 172/45*x - 329/90, x^2*y^3*z + 104/45*x^3*y*z + 8/9*x*y^3*z + 37/45*x^3*z^2 - 16/9*x*y^2*z^2 - 16/9*x*y*z^3 - 2/3*x*z^4 - 14/15*x^4 - 26/45*x^2*y^2 + 13/15*x^2*y*z - 1/9*y^3*z - 14/45*x^2*z^2 - 16/9*y^2*z^2 - 16/9*y*z^3 - 2/3*z^4 + 7/45*x^3 - 3/5*x*y^2 - 19/45*x*y*z - 19/45*x*z^2 + 109/45*x^2 - 1/45*y^2 + 46/45*y*z + 32/45*z^2 + 29/45*x - 31/45, x^4*z^2 + 67/45*x^3*y*z - 8/9*x*y^3*z + 116/45*x^3*z^2 - 20/9*x*y^2*z^2 - 20/9*x*y*z^3 - 4/3*x*z^4 - 7/15*x^4 - 28/45*x^2*y^2 + 14/15*x^2*y*z - 8/9*y^3*z - 67/45*x^2*z^2 - 20/9*y^2*z^2 - 20/9*y*z^3 - 4/3*z^4 + 11/45*x^3 - 4/5*x*y^2 + 73/45*x*y*z - 62/45*x*z^2 + 62/45*x^2 - 8/45*y^2 + 98/45*y*z + 76/45*z^2 + 7/45*x - 23/45, x^3*y*z^2 - 1/3*x^2*y^3 - x^4*z + 2/3*x^2*y^2*z + 2/3*x^2*y*z^2 - 2/3*x^2*z^3 - 1/3*x^3*y - 2/3*x*y^3 + 4/3*x*y^2*z - 5/3*x*y*z^2 - 4/3*x*z^3 - 1/3*y^3 + 8/3*x^2*z + 2/3*y^2*z - 4/3*y*z^2 - 2/3*z^3 + x*y + 4/3*x*z + 2/3*y - 1/3*z, x^2*y^2*z^2 + 29/45*x^3*y*z - 4/9*x*y^3*z + 22/45*x^3*z^2 + 8/9*x*y^2*z^2 - 10/9*x*y*z^3 - 2/3*x*z^4 - 14/15*x^4 + 4/45*x^2*y^2 - 2/15*x^2*y*z - 4/9*y^3*z - 29/45*x^2*z^2 - 1/9*y^2*z^2 - 10/9*y*z^3 - 2/3*z^4 - 8/45*x^3 + 2/5*x*y^2 - 4/45*x*y*z - 4/45*x*z^2 + 94/45*x^2 + 14/45*y^2 + 31/45*y*z + 47/45*z^2 + 44/45*x - 16/45, x*y^3*z^2 - x*z^5 - 1/2*x^2*y^3 + 7/2*x^4*z - 5/2*x^2*y^2*z + 7/2*x^2*y*z^2 + y^3*z^2 - 3*x^2*z^3 - z^5 - x^3*y - x*y^3 - 9/2*x*y^2*z + 9/2*x*y*z^2 - x*z^3 - 1/2*y^3 - 5*x^2*z - 2*y^2*z + y*z^2 + 2*z^3 + 5/2*x*y + 3/2*y + 3/2*z, x^3*z^3 - x^2*y^3 + x^4*z - x^2*y^2*z - x^2*y*z^2 + x^2*z^3 - x^3*y - 2*x*y^3 + x^3*z - 2*x*y^2*z - 2*x*y*z^2 - x*z^3 - y^3 - y^2*z - y*z^2 - z^3 + 3*x*y + x*z + 2*y + z, x^2*y*z^3 + 4/15*x^3*y*z - 2/3*x*y^3*z - 13/15*x^3*z^2 - 2/3*x*y^2*z^2 + 4/3*x*y*z^3 - 4/5*x^4 - 1/15*x^2*y^2 - 2/5*x^2*y*z - 2/3*y^3*z - 19/15*x^2*z^2 - 2/3*y^2*z^2 + 1/3*y*z^3 + 2/15*x^3 + 1/5*x*y^2 + 16/15*x*y*z + 1/15*x*z^2 + 29/15*x^2 + 4/15*y^2 + 26/15*y*z + 7/15*z^2 + 4/15*x - 11/15, x*y^2*z^3 + 1/2*x*z^5 + 7/12*x^2*y^3 - 9/4*x^4*z + 13/12*x^2*y^2*z - 35/12*x^2*y*z^2 + 5/3*x^2*z^3 + y^2*z^3 + 1/2*z^5 - 1/6*x^3*y + 2/3*x*y^3 - 1/2*x^3*z + 17/12*x*y^2*z - 43/12*x*y*z^2 + 5/6*x*z^3 - 1/2*x^2*y + 1/12*y^3 + 23/6*x^2*z + 1/3*y^2*z - 2/3*y*z^2 - 5/6*z^3 + 1/4*x*y + 5/3*x*z + 7/12*y - 5/12*z, x^2*z^4 + 64/45*x^3*y*z - 2/9*x*y^3*z + 2/45*x^3*z^2 - 14/9*x*y^2*z^2 - 14/9*x*y*z^3 + 2/3*x*z^4 - 4/15*x^4 - 16/45*x^2*y^2 + 23/15*x^2*y*z - 2/9*y^3*z - 109/45*x^2*z^2 - 14/9*y^2*z^2 - 14/9*y*z^3 - 1/3*z^4 - 13/45*x^3 - 3/5*x*y^2 + 16/45*x*y*z + 16/45*x*z^2 + 29/45*x^2 - 11/45*y^2 + 11/45*y*z + 127/45*z^2 + 49/45*x + 19/45, x*y*z^4 + 1/2*x*z^5 - 7/6*x^2*y^3 - 1/4*x^4*z + 1/12*x^2*y^2*z + 1/12*x^2*y*z^2 - 7/12*x^2*z^3 + y*z^4 + 1/2*z^5 - 2/3*x^3*y - 11/6*x*y^3 - 1/4*x^3*z + 17/12*x*y^2*z - 25/12*x*y*z^2 - 13/6*x*z^3 + 1/2*x^2*y - 2/3*y^3 + 37/12*x^2*z + 4/3*y^2*z - 13/6*y*z^2 - 19/12*z^3 + 2*x*y + 29/12*x*z + 5/6*y - 2/3*z, x^5 + 7/15*x^3*y*z - 2/3*x*y^3*z - 4/15*x^3*z^2 - 2/3*x*y^2*z^2 - 2/3*x*y*z^3 + 3/5*x^4 - 13/15*x^2*y^2 - 1/5*x^2*y*z - 2/3*y^3*z + 8/15*x^2*z^2 - 2/3*y^2*z^2 - 2/3*y*z^3 - 34/15*x^3 - 7/5*x*y^2 + 13/15*x*y*z + 28/15*x*z^2 - 28/15*x^2 - 8/15*y^2 + 23/15*y*z + 16/15*z^2 + 7/15*x + 7/15, x^4*y + 2/3*x^2*y^3 - x^4*z - 1/3*x^2*y^2*z - 1/3*x^2*y*z^2 - 2/3*x^2*z^3 + 2/3*x^3*y + 4/3*x*y^3 - 3*x^3*z + 4/3*x*y^2*z + 4/3*x*y*z^2 + 2/3*x*z^3 - 2*x^2*y + 2/3*y^3 + 8/3*x^2*z + 5/3*y^2*z + 5/3*y*z^2 + 4/3*z^3 - 3*x*y + 7/3*x*z - 4/3*y - 7/3*z, x^3*y^2 - 77/45*x^3*y*z - 8/9*x*y^3*z + 44/45*x^3*z^2 - 2/9*x*y^2*z^2 - 2/9*x*y*z^3 + 2/3*x*z^4 + 2/15*x^4 + 53/45*x^2*y^2 - 79/15*x^2*y*z - 8/9*y^3*z + 167/45*x^2*z^2 - 2/9*y^2*z^2 - 2/9*y*z^3 + 2/3*z^4 - 16/45*x^3 - 1/5*x*y^2 - 98/45*x*y*z + 82/45*x*z^2 - 37/45*x^2 - 17/45*y^2 + 62/45*y*z - 41/45*z^2 - 2/45*x + 13/45, x*y^4 - 44/45*x^3*y*z + 5/18*x*y^3*z - 7/45*x^3*z^2 - 5/9*x*y^2*z^2 - 5/9*x*y*z^3 - 1/3*x*z^4 + 43/30*x^4 + 67/90*x^2*y^2 + y^4 + 2/15*x^2*y*z + 5/18*y^3*z + 43/90*x^2*z^2 - 5/9*y^2*z^2 - 5/9*y*z^3 - 1/3*z^4 + 68/45*x^3 - 29/10*x*y^2 + 203/90*x*y*z + 79/45*x*z^2 - 383/90*x^2 - 164/45*y^2 + 103/90*y*z + 101/90*z^2 - 253/90*x + 137/90]"
15,aaabbaBAAAbaaBB,2,2,"[x*z^5 + z^5 + 64/13*x*y^2*z + 53/26*x*y*z^2 - 7*x*z^3 + 191/26*x^2*y + 209/26*x^2*z + 64/13*y^2*z + 53/26*y*z^2 - 7*z^3 + 577/26*x*y + 26*x*z + 193/13*y + 467/26*z, x*y^2*z^2 + 1/30*x*z^4 + y^2*z^2 + 1/30*z^4 - 107/60*x^3 - 1/15*x*y^2 + 101/60*x*y*z - 11/15*x*z^2 - 193/60*x^2 - 1/15*y^2 + 101/60*y*z - 11/15*z^2 + 1/60*x + 29/20, x*y*z^3 + 8/15*x*z^4 + y*z^3 + 8/15*z^4 - 23/15*x^3 - 17/30*x*y^2 - 46/15*x*y*z - 26/15*x*z^2 - 89/30*x^2 - 17/30*y^2 - 46/15*y*z - 26/15*z^2 - 26/15*x - 3/10, x^4 + 2*x^3 + x^2, x^3*y + x^2*y - x^2*z - x*y - 2*x*z - y - z, x^2*y^2 + x^3 + 2*x*y^2 + x^2 + y^2 - x - 1, x*y^3 + 2*x*y^2*z + 2*x*y*z^2 + x*z^3 + 3*x^2*y + y^3 + 7/2*x^2*z + 2*y^2*z + 2*y*z^2 + z^3 + 5/2*x*y + 3*x*z - 1/2*y - 1/2*z, x^3*z + x^2*y + 3*x^2*z + 2*x*y + 3*x*z + y + z, x^2*y*z - 2*x^3 + 2*x*y*z - 3*x^2 + y*z + 1, x^2*z^2 + 3*x^3 + 2*x*z^2 + 5*x^2 + z^2 + x - 1]"
15,aaabbbaaaBaaaBB,2,2,"[x*z^6 + z^6 - 5/4*x*z^4 - 5/4*z^4 + 5/16*x*z^2 + 5/16*z^2 + 1/32*x + 1/32, x^2 + 2*x + 1, x*y + 2*x*z + y + 2*z]"
15,aaabbbaaaBAAABB,2,2,"[x*z^6 + z^6 - 7/4*x*z^4 - 7/4*z^4 + 13/16*x*z^2 + 13/16*z^2 - 1/32*x - 1/32, x^2 + 2*x + 1, x*y + 2*x*z + y + 2*z]"
15,aaabbbaaaBBaaaB,2,2,"[x*z^6 + z^6 - 3/2*x*z^4 - 3/2*z^4 + 5/8*x*z^2 + 5/8*z^2 - 1/32*x - 1/32, x^2 + 2*x + 1, x*y + 2*x*z + y + 2*z]"
15,aaabbbaaaBBAAAB,2,2,"[x*z^6 + z^6 - 3/2*x*z^4 - 3/2*z^4 + 1/2*x*z^2 + 1/2*z^2 + 1/32*x + 1/32, x^2 + 2*x + 1, x*y + 2*x*z + y + 2*z]"
15,aaabbbAbbbAABBB,2,2,"[y*z^6 + z^6 - 96829/284410*x*y^3*z + 68613/130016*x^2*y*z^2 - 16586103/22752800*y^3*z^2 - 168705/910112*x*y*z^3 - 1698107/455056*y*z^4 + 5895723/5688200*x^2*y^2 + 39849/334600*y^4 + 1030487/2844100*x*y^2*z + 68613/130016*x^2*z^2 - 1208417/812600*y^2*z^2 - 168705/910112*x*z^3 - 1698107/455056*z^4 + 682495/455056*x^2*y + 2572979/4550560*y^3 + 37202247/22752800*x*y*z + 36312333/22752800*y*z^2 + 5270929/11376400*x^2 - 326509/568820*y^2 + 21212031/22752800*x*z + 26780953/11376400*z^2 - 27293751/11376400*y - 31371979/22752800, x^2*y^2*z^2 + 71685/28441*x*y^3*z + 1/4063*x^2*y*z^2 - 16979/28441*y^3*z^2 - 278825/85323*x*y*z^3 + 124850/85323*y*z^4 - 234203/85323*x^2*y^2 - 12137/5019*y^4 + 130269/28441*x*y^2*z - 4062/4063*x^2*z^2 - 5993/12189*y^2*z^2 - 278825/85323*x*z^3 + 124850/85323*z^4 - 131435/28441*x^2*y - 84117/28441*y^3 + 190318/85323*x*y*z - 39919/28441*y*z^2 - 160102/85323*x^2 + 584729/85323*y^2 + 14566/85323*x*z - 128743/85323*z^2 + 367065/28441*y + 470444/85323, x*y^3*z^2 - 9455/9806*x^2*y^2*z - 6459/9806*y^4*z + 9032/4903*x*y^2*z^2 - 6221/9806*y^2*z^3 + 689/4903*x^3*y + 1987/9806*x*y^3 - 8833/4903*x^2*y*z - 4694/4903*y^3*z + 1466/4903*x*y*z^2 - 6975/4903*y*z^3 + 689/4903*x^3 - 325/9806*x*y^2 - 8211/9806*x^2*z + 18549/9806*y^2*z - 2663/4903*x*z^2 - 7729/9806*z^3 - 6129/9806*x*y + 20195/4903*y*z - 3817/9806*x + 9456/4903*z, y^4*z^2 + 56184/28441*x*y^3*z + 2325/4063*x^2*y*z^2 + 77130/28441*y^3*z^2 + 85100/85323*x*y*z^3 - 25100/85323*y*z^4 - 140920/85323*x^2*y^2 - 7204/5019*y^4 + 104728/28441*x*y^2*z + 2325/4063*x^2*z^2 - 42328/12189*y^2*z^2 + 85100/85323*x*z^3 - 25100/85323*z^4 - 121909/28441*x^2*y - 92969/28441*y^3 - 48547/85323*x*y*z - 317480/28441*y*z^2 - 224807/85323*x^2 + 352354/85323*y^2 - 194179/85323*x*z - 510077/85323*z^2 + 350519/28441*y + 542764/85323, x^2*y*z^3 - 4*y*z^5 - 1107842/122575*x^2*y^2*z - 184329/122575*y^4*z - 468083/122575*x*y^2*z^2 + x^2*z^3 + 491118/122575*y^2*z^3 - 4*z^5 + 109613/24515*x^3*y + 813446/122575*x*y^3 - 795464/122575*x^2*y*z + 169679/122575*y^3*z + 212521/122575*x*y*z^2 + 79330/4903*y*z^3 + 109613/24515*x^3 + 242026/122575*x*y^2 + 312378/122575*x^2*z + 366242/122575*y^2*z + 680604/122575*x*z^2 + 1492132/122575*z^3 - 2051312/122575*x*y - 703921/122575*y*z - 1479892/122575*x - 143231/24515*z, x*y^2*z^3 + 43667/28441*x*y^3*z - 4138/4063*x^2*y*z^2 - 30798/28441*y^3*z^2 - 12575/85323*x*y*z^3 - 18850/85323*y*z^4 - 92573/85323*x^2*y^2 - 6290/5019*y^4 + 50096/28441*x*y^2*z - 4138/4063*x^2*z^2 - 9644/12189*y^2*z^2 - 97898/85323*x*z^3 - 18850/85323*z^4 - 43906/28441*x^2*y - 21379/28441*y^3 + 15721/85323*x*y*z + 48250/28441*y*z^2 - 39145/85323*x^2 + 302009/85323*y^2 - 3566/85323*x*z + 119864/85323*z^2 + 122903/28441*y + 109493/85323, y^3*z^3 + 18931/9806*x^2*y^2*z + 2977/9806*y^4*z + 2256/4903*x*y^2*z^2 + 10645/9806*y^2*z^3 - 5695/4903*x^3*y - 12823/9806*x*y^3 + 2219/4903*x^2*y*z - 4638/4903*y^3*z - 9214/4903*x*y*z^2 - 10228/4903*y*z^3 - 5695/4903*x^3 - 459/9806*x*y^2 - 14493/9806*x^2*z - 13359/9806*y^2*z - 11470/4903*x*z^2 - 21295/9806*z^3 + 40555/9806*x*y + 9513/4903*y*z + 28191/9806*x + 10066/4903*z, x*y*z^4 + 2*y*z^5 + 592306/122575*x^2*y^2*z + 139934/122575*y^4*z + 267474/122575*x*y^2*z^2 - 449033/122575*y^2*z^3 + x*z^4 + 2*z^5 - 281049/122575*x^3*y - 89832/24515*x*y^3 + 409773/122575*x^2*y*z - 10629/24515*y^3*z - 139076/122575*x*y*z^2 - 55806/4903*y*z^3 - 281049/122575*x^3 - 177801/122575*x*y^2 - 182533/122575*x^2*z - 210487/122575*y^2*z - 16262/4903*x*z^2 - 946117/122575*z^3 + 1037289/122575*x*y + 389019/122575*y*z + 153186/24515*x + 406427/122575*z, y^2*z^4 + 136076/28441*x*y^3*z - 1838/4063*x^2*y*z^2 + 32003/28441*y^3*z^2 - 39973/28441*x*y*z^3 + 28400/28441*y*z^4 - 83151/28441*x^2*y^2 - 4533/1673*y^4 + 258200/28441*x*y^2*z - 1838/4063*x^2*z^2 - 14784/4063*y^2*z^2 - 39973/28441*x*z^3 - 41/28441*z^4 - 195348/28441*x^2*y - 152624/28441*y^3 + 49944/28441*x*y*z - 303257/28441*y*z^2 - 112197/28441*x^2 + 211499/28441*y^2 - 72180/28441*x*z - 167766/28441*z^2 + 572626/28441*y + 285564/28441, x^4*y - 180581/28441*x*y^3*z + 7673/4063*x^2*y*z^2 + 207441/28441*y^3*z^2 + 253675/28441*x*y*z^3 - 162550/28441*y*z^4 + x^4 + 105939/28441*x^2*y^2 + 11268/1673*y^4 - 260877/28441*x*y^2*z + 7673/4063*x^2*z^2 + 15146/4063*y^2*z^2 + 253675/28441*x*z^3 - 162550/28441*z^4 + 45546/28441*x^2*y + 67195/28441*y^3 - 215758/28441*x*y*z - 216445/28441*y*z^2 - 60393/28441*x^2 - 521090/28441*y^2 - 135462/28441*x*z - 115026/28441*z^2 - 477541/28441*y - 80812/28441, x^3*y^2 - 1814/4903*x^2*y^2*z - 3748/4903*y^4*z + 960/4903*x*y^2*z^2 + 3934/4903*y^2*z^3 + 6861/4903*x^3*y + 4887/4903*x*y^3 - 11887/4903*x^2*y*z - 4060/4903*y^3*z - 5277/4903*x*y*z^2 + 2950/4903*y*z^3 + 1958/4903*x^3 - 2497/4903*x*y^2 - 10073/4903*x^2*z + 9363/4903*y^2*z - 6237/4903*x*z^2 - 984/4903*z^3 - 15469/4903*x*y + 24286/4903*y*z - 8085/4903*x + 14611/4903*z, x^2*y^3 + 95105/28441*x*y^3*z - 5225/4063*x^2*y*z^2 - 28771/28441*y^3*z^2 - 43725/28441*x*y*z^3 + 58850/28441*y*z^4 - 18933/28441*x^2*y^2 - 3252/1673*y^4 + 120440/28441*x*y^2*z - 5225/4063*x^2*z^2 - 9519/4063*y^2*z^2 - 43725/28441*x*z^3 + 58850/28441*z^4 - 94149/28441*x^2*y - 68708/28441*y^3 - 8268/28441*x*y*z - 90779/28441*y*z^2 - 46775/28441*x^2 + 143690/28441*y^2 - 33603/28441*x*z - 52917/28441*z^2 + 272368/28441*y + 115254/28441, x*y^4 - 8249/4903*x^2*y^2*z + 6801/4903*y^4*z - 14787/4903*x*y^2*z^2 - 2955/4903*y^2*z^3 + 7747/4903*x^3*y + 9317/4903*x*y^3 + 9638/4903*x^2*y*z + 9523/4903*y^3*z + 1440/4903*x*y*z^2 + 13550/4903*y*z^3 + 7747/4903*x^3 - 7979/4903*x*y^2 + 17887/4903*x^2*z - 21813/4903*y^2*z + 16227/4903*x*z^2 + 16505/4903*z^3 - 30582/4903*x*y - 57561/4903*y*z - 18189/4903*x - 33026/4903*z, y^5 - 45364/28441*x*y^3*z + 5000/4063*x^2*y*z^2 + 1385/28441*y^3*z^2 + 195025/85323*x*y*z^3 - 29950/85323*y*z^4 + 185380/85323*x^2*y^2 + 16459/5019*y^4 - 67664/28441*x*y^2*z + 5000/4063*x^2*z^2 - 20690/12189*y^2*z^2 + 195025/85323*x*z^3 - 29950/85323*z^4 + 96510/28441*x^2*y - 27933/28441*y^3 - 131183/85323*x*y*z - 81385/28441*y*z^2 + 104150/85323*x^2 - 943030/85323*y^2 - 64283/85323*x*z - 95170/85323*z^2 - 314022/28441*y - 277315/85323, x^3*y*z + 127651/28441*x*y^3*z - 4224/4063*x^2*y*z^2 - 65788/28441*y^3*z^2 - 411625/85323*x*y*z^3 + 214150/85323*y*z^4 - 331123/85323*x^2*y^2 - 20800/5019*y^4 + x^3*z + 162417/28441*x*y^2*z - 4224/4063*x^2*z^2 - 6184/12189*y^2*z^2 - 411625/85323*x*z^3 + 214150/85323*z^4 - 157526/28441*x^2*y - 88528/28441*y^3 + 66956/85323*x*y*z + 76490/28441*y*z^2 - 141455/85323*x^2 + 1001902/85323*y^2 - 37342/85323*x*z + 75394/85323*z^2 + 462052/28441*y + 472270/85323]"
15,aaabbbAAbbbABBB,2,2,"[y*z^6 + z^6 - 3/2*y*z^4 - 20275/4608*x*y^2*z - 9539/768*y^2*z^2 - 3/2*z^4 + 17899/4608*x^2*y + 3551/1152*y^3 + 1177/192*x*y*z - 3799/384*y*z^2 + 17899/4608*x^2 + 387/32*y^2 + 48523/4608*x*z + 647/256*z^2 + 5701/384*y + 3361/576, x^2*y*z^2 - 4*y*z^4 + 1/12*x*y^2*z + x^2*z^2 + 9/2*y^2*z^2 - 4*z^4 - 3/4*x^2*y - 5/3*y^3 + 2/3*x*y*z + 13*y*z^2 - 3/4*x^2 - 8*y^2 + 7/12*x*z + 17/2*z^2 - 11*y - 14/3, x*y^2*z^2 - x^2*y*z + 16/21*y^3*z + 2/7*x*y*z^2 + 4/7*y*z^3 - 20/21*x*y^2 - x^2*z + 32/21*y^2*z - 5/7*x*z^2 + 4/7*z^3 - 68/21*x*y - 40/21*y*z - 16/7*x - 8/3*z, y^3*z^2 - 2*x*y^2*z - y^2*z^2 + x^2*y - y*z^2 + x^2 + 2*x*z + z^2, x*y*z^3 + 2*y*z^4 - 13/4*x*y^2*z - 19/2*y^2*z^2 + x*z^3 + 2*z^4 + 31/12*x^2*y + 7/3*y^3 + 8/3*x*y*z - 11*y*z^2 + 31/12*x^2 + 28/3*y^2 + 71/12*x*z - 3/2*z^2 + 35/3*y + 14/3, y^2*z^3 - 2/3*y^3*z - x*y*z^2 + 2/3*x*y^2 - 4/3*y^2*z - x*z^2 - z^3 + 2*x*y + 2/3*y*z + 4/3*x + 4/3*z, x^3*y + 2*x^2*y*z - 11/21*y^3*z - 4/7*x*y*z^2 - 8/7*y*z^3 + x^3 + 19/21*x*y^2 + 2*x^2*z - 1/21*y^2*z - 4/7*x*z^2 - 8/7*z^3 + 10/21*x*y - 25/21*y*z - 3/7*x - 5/3*z, x^2*y^2 - 5/8*x*y^2*z - 9/4*y^2*z^2 + 21/8*x^2*y + 1/2*y^3 + 3/2*x*y*z - 3/2*y*z^2 + 13/8*x^2 + 17/8*x*z + 3/4*z^2 - 3/2*y - 1, x*y^3 - 3/2*x^2*y*z + 26/7*y^3*z - 6/7*x*y*z^2 + 30/7*y*z^3 - 8/7*x*y^2 - 3/2*x^2*z + 41/14*y^2*z - 6/7*x*z^2 + 30/7*z^3 - 123/14*x*y - 86/7*y*z - 93/14*x - 23/2*z, y^4 + 45/16*x*y^2*z + 87/8*y^2*z^2 - 69/16*x^2*y + 3/4*y^3 - 21/2*x*y*z + 27/4*y*z^2 - 69/16*x^2 - 8*y^2 - 213/16*x*z - 33/8*z^2 - 57/4*y - 13/2]"
15,aaabbbAAABaaaBB,2,2,"[x*z^6 + z^6 - 7/4*x*z^4 - 257/216*x^2*y*z - 137/48*x^2*z^2 - 7/4*z^4 + 17/24*x^3 + 1201/1728*x*y^2 + 7/24*x*y*z - 7/3*x*z^2 + 95/36*x^2 + 1201/1728*y^2 + 40/27*y*z + 25/48*z^2 + 881/288*x + 325/288, x^3*z^2 - 2*x^2*y*z - x^2*z^2 + x*y^2 - x*z^2 + y^2 + 2*y*z + z^2, x^2*y*z^2 - 2/3*x^3*z - x*y^2*z - 3/2*x*y*z^2 - 3*x*z^3 + 5/3*x^2*y + 2*x^2*z - y^2*z - 5/2*y*z^2 - 3*z^3 + 11/3*x*y + 20/3*x*z + 2*y + 4*z, x*y^2*z^2 - 4*x*z^4 + 2/9*x^2*y*z + 49/9*x^2*z^2 + y^2*z^2 - 4*z^4 - 2*x^3 - 8/9*x*y^2 + 2/9*x*y*z + 14*x*z^2 - 28/3*x^2 - 8/9*y^2 + 77/9*z^2 - 38/3*x - 16/3, x^2*z^3 - 2/3*x^3*z - x*y*z^2 + 2/3*x^2*y - 4/3*x^2*z - y*z^2 - z^3 + 2*x*y + 2/3*x*z + 4/3*y + 4/3*z, x*y*z^3 + 2*x*z^4 - 8/9*x^2*y*z - 23/9*x^2*z^2 + y*z^3 + 2*z^4 + 2/3*x^3 + 2/9*x*y^2 - 16/9*x*y*z - 6*x*z^2 + 8/3*x^2 + 2/9*y^2 - 8/9*y*z - 31/9*z^2 + 10/3*x + 4/3, x^4 - 5/2*x^2*y*z - 19/4*x^2*z^2 + 9/2*x^3 + x*y^2 - 1/2*x*y*z - 9/2*x*z^2 + 7*x^2 + y^2 + 2*y*z + 1/4*z^2 + 9/2*x + 1, x^3*y - 1/3*x^3*z - 3/2*x*y^2*z - 27/4*x*y*z^2 - 15/2*x*z^3 + 41/6*x^2*y + 17/3*x^2*z - 3/2*y^2*z - 27/4*y*z^2 - 15/2*z^3 + 73/6*x*y + 46/3*x*z + 19/3*y + 28/3*z, x^2*y^2 + 2*x*y^2 - 2*x^2 + y^2 - 4*x - 2, x*y^3 + 2*x*y^2*z + y^3 + 2*y^2*z - 2*x*y - 4*x*z - 2*y - 4*z]"
15,aaabbbAAABBaaaB,2,2,"[x*z^6 + z^6 - 1314839/1102600*x*y^3*z + 144953/88208*x^3*z^2 - 1110149/8820800*x*y^2*z^2 + 993551/352832*x*y*z^3 - 865255/176416*x*z^4 + 236011/275650*x^4 + 5803607/4410400*x^2*y^2 + 13989281/4410400*x^2*y*z - 1314839/1102600*y^3*z - 3690917/1764160*x^2*z^2 - 1110149/8820800*y^2*z^2 + 993551/352832*y*z^3 - 865255/176416*z^4 - 10264053/8820800*x^3 + 942251/8820800*x*y^2 + 26362033/8820800*x*y*z - 720096/137825*x*z^2 - 26852527/8820800*x^2 - 10664963/8820800*y^2 - 1616529/8820800*y*z - 13136259/8820800*z^2 + 7020863/8820800*x + 21553/11840, x^4*z^2 - 12352/5513*x*y^3*z + 36172/5513*x^3*z^2 + 4896/5513*x*y^2*z^2 + 52025/5513*x*y*z^3 - 14350/5513*x*z^4 + 10676/5513*x^4 + 5334/5513*x^2*y^2 + 27150/5513*x^2*y*z - 12352/5513*y^3*z - 41521/5513*x^2*z^2 + 4896/5513*y^2*z^2 + 52025/5513*y*z^3 - 14350/5513*z^4 - 21532/5513*x^3 - 17646/5513*x*y^2 + 6862/5513*x*y*z - 151126/5513*x*z^2 - 29945/5513*x^2 - 22980/5513*y^2 - 20288/5513*y*z - 78946/5513*z^2 + 47410/5513*x + 303/37, x^2*y^2*z^2 + 19625/5513*x*y^3*z - 38441/5513*x^3*z^2 + 2176/5513*x*y^2*z^2 - 84075/5513*x*y*z^3 + 24250/5513*x*z^4 - 21595/5513*x^4 - 16006/5513*x^2*y^2 - 39388/5513*x^2*y*z + 19625/5513*y^3*z + 45252/5513*x^2*z^2 - 3337/5513*y^2*z^2 - 84075/5513*y*z^3 + 24250/5513*z^4 + 21058/5513*x^3 + 10534/5513*x*y^2 - 11039/5513*x*y*z + 171117/5513*x*z^2 + 62648/5513*x^2 + 26540/5513*y^2 + 28349/5513*y*z + 87424/5513*z^2 - 24258/5513*x - 297/37, x*y^3*z^2 + 8*x*z^5 + 279323/121175*x^4*z + 2114438/121175*x^2*y^2*z + 1013828/121175*x^2*y*z^2 + y^3*z^2 - 254204/121175*x^2*z^3 + 8*z^5 - 301577/24235*x^3*y - 1026936/121175*x*y^3 - 355067/121175*x^3*z + 208027/24235*x*y^2*z - 1825203/121175*x*y*z^2 - 146986/4847*x*z^3 - 141569/24235*x^2*y - 1026936/121175*y^3 - 13782/3275*x^2*z - 1074303/121175*y^2*z - 2839031/121175*y*z^2 - 3420446/121175*z^3 + 3715419/121175*x*y + 2377533/121175*x*z + 2915379/121175*y + 2253077/121175*z, x^3*z^3 + 2052/4847*x^4*z + 12027/4847*x^2*y^2*z + 5568/4847*x^2*y*z^2 + 5652/4847*x^2*z^3 - 7500/4847*x^3*y - 5844/4847*x*y^3 - 4521/4847*x^3*z + 4347/4847*x*y^2*z - 10707/4847*x*y*z^2 - 14847/4847*x*z^3 - 2187/4847*x^2*y - 5844/4847*y^3 - 211/131*x^2*z - 7680/4847*y^2*z - 16275/4847*y*z^2 - 15652/4847*z^3 + 21184/4847*x*y + 12273/4847*x*z + 15871/4847*y + 13507/4847*z, x^2*y*z^3 - 24447/5513*x*y^3*z + 40504/5513*x^3*z^2 - 2607/5513*x*y^2*z^2 + 88250/5513*x*y*z^3 - 30700/5513*x*z^4 + 22110/5513*x^4 + 14773/5513*x^2*y^2 + 46693/5513*x^2*y*z - 24447/5513*y^3*z - 49604/5513*x^2*z^2 - 2607/5513*y^2*z^2 + 82737/5513*y*z^3 - 30700/5513*z^4 - 25761/5513*x^3 - 15757/5513*x*y^2 + 22364/5513*x*y*z - 181552/5513*x*z^2 - 64659/5513*x^2 - 30530/5513*y^2 - 24329/5513*y*z - 91444/5513*z^2 + 36405/5513*x + 357/37, x*y^2*z^3 - 4*x*z^5 - 160049/121175*x^4*z - 1104344/121175*x^2*y^2*z - 714589/121175*x^2*y*z^2 + 174052/121175*x^2*z^3 + y^2*z^3 - 4*z^5 + 147976/24235*x^3*y + 490393/121175*x*y^3 + 196321/121175*x^3*z - 128436/24235*x*y^2*z + 538089/121175*x*y*z^2 + 77590/4847*x*z^3 + 71782/24235*x^2*y + 490393/121175*y^3 + 10016/3275*x^2*z + 462164/121175*y^2*z + 1252678/121175*y*z^2 + 1765698/121175*z^3 - 1805872/121175*x*y - 1096079/121175*x*z - 1424902/121175*y - 1110301/121175*z, x^2*z^4 - 44683/5513*x*y^3*z + 89559/5513*x^3*z^2 + 2986/5513*x*y^2*z^2 + 155166/5513*x*y*z^3 - 48050/5513*x*z^4 + 44949/5513*x^4 + 29021/5513*x^2*y^2 + 98267/5513*x^2*y*z - 44683/5513*y^3*z - 96098/5513*x^2*z^2 + 2986/5513*y^2*z^2 + 155166/5513*y*z^3 - 53563/5513*z^4 - 57173/5513*x^3 - 34422/5513*x*y^2 + 47699/5513*x*y*z - 388687/5513*x*z^2 - 132079/5513*x^2 - 63443/5513*y^2 - 50568/5513*y*z - 203030/5513*z^2 + 87157/5513*x + 786/37, x*y*z^4 + 2*x*z^5 + 86259/121175*x^4*z + 474472/121175*x^2*y^2*z + 298261/121175*x^2*y*z^2 - 217007/121175*x^2*z^3 + y*z^4 + 2*z^5 - 336788/121175*x^3*y - 219981/121175*x*y^3 - 85858/121175*x^3*z + 216343/121175*x*y^2*z - 346874/121175*x*y*z^2 - 46010/4847*x*z^3 - 35262/24235*x^2*y - 219981/121175*y^3 - 3831/3275*x^2*z - 258129/121175*y^2*z - 129027/24235*y*z^2 - 933243/121175*z^3 + 794526/121175*x*y + 118536/24235*x*z + 634048/121175*y + 112462/24235*z, x^5 + 38022/5513*x*y^3*z - 77692/5513*x^3*z^2 + 10563/11026*x*y^2*z^2 - 227675/11026*x*y*z^3 + 55375/5513*x*z^4 - 25811/5513*x^4 - 21659/5513*x^2*y^2 - 83293/5513*x^2*y*z + 38022/5513*y^3*z + 90325/11026*x^2*z^2 + 10563/11026*y^2*z^2 - 227675/11026*y*z^3 + 55375/5513*z^4 + 65197/11026*x^3 + 57373/11026*x*y^2 - 109069/11026*x*y*z + 259486/5513*x*z^2 + 146243/11026*x^2 + 100691/11026*y^2 + 57517/11026*y*z + 273263/11026*z^2 - 164723/11026*x - 1229/74, x^4*y + 5394/4847*x^4*z - 12816/4847*x^2*y^2*z - 20143/4847*x^2*y*z^2 - 2490/4847*x^2*z^3 + 11578/4847*x^3*y + 8533/4847*x*y^3 + 9077/4847*x^3*z + 5942/4847*x*y^2*z + 2170/4847*x*y*z^2 + 21900/4847*x*z^3 - 4856/4847*x^2*y + 8533/4847*y^3 - 506/131*x^2*z + 18758/4847*y^2*z + 22313/4847*y*z^2 + 24390/4847*z^3 - 33403/4847*x*y - 59789/4847*x*z - 21816/4847*y - 37384/4847*z, x^3*y^2 - 80459/5513*x*y^3*z + 147309/5513*x^3*z^2 - 2743/5513*x*y^2*z^2 + 274400/5513*x*y*z^3 - 83900/5513*x*z^4 + 77556/5513*x^4 + 57810/5513*x^2*y^2 + 160793/5513*x^2*y*z - 80459/5513*y^3*z - 155801/5513*x^2*z^2 - 2743/5513*y^2*z^2 + 274400/5513*y*z^3 - 83900/5513*z^4 - 92544/5513*x^3 - 52939/5513*x*y^2 + 75772/5513*x*y*z - 637077/5513*x*z^2 - 231208/5513*x^2 - 105236/5513*y^2 - 85021/5513*y*z - 333967/5513*z^2 + 125440/5513*x + 1252/37, x^2*y^3 - 3170/4847*x^4*z - 4308/4847*x^2*y^2*z - 6249/4847*x^2*y*z^2 - 483/4847*x^2*z^3 + 4500/4847*x^3*y + 7384/4847*x*y^3 - 1165/4847*x^3*z - 9394/4847*x*y^2*z - 1331/4847*x*y*z^2 + 6000/4847*x*z^3 - 1596/4847*x^2*y + 2537/4847*y^3 + 310/131*x^2*z - 5086/4847*y^2*z + 4918/4847*y*z^2 + 6483/4847*z^3 - 16588/4847*x*y + 13963/4847*x*z - 10492/4847*y + 4498/4847*z, x*y^4 + 8541/5513*x*y^3*z + 13149/5513*x^3*z^2 + 7055/5513*x*y^2*z^2 + 25675/5513*x*y*z^3 + 3250/5513*x*z^4 + 2903/5513*x^4 - 14251/5513*x^2*y^2 + y^4 - 11758/5513*x^2*y*z + 8541/5513*y^3*z - 11611/5513*x^2*z^2 + 7055/5513*y^2*z^2 + 25675/5513*y*z^3 + 3250/5513*z^4 - 9511/5513*x^3 - 40703/5513*x*y^2 - 47118/5513*x*y*z - 61069/5513*x*z^2 + 4304/5513*x^2 - 26452/5513*y^2 - 35360/5513*y*z - 36309/5513*z^2 + 48753/5513*x + 215/37, x^3*y*z + 14123/5513*x*y^3*z - 25603/5513*x^3*z^2 - 5483/11026*x*y^2*z^2 - 109975/11026*x*y*z^3 + 13975/5513*x*z^4 - 16736/5513*x^4 - 11111/5513*x^2*y^2 - 18584/5513*x^2*y*z + 14123/5513*y^3*z + 61125/11026*x^2*z^2 - 5483/11026*y^2*z^2 - 109975/11026*y*z^3 + 13975/5513*z^4 + 24055/11026*x^3 + 11607/11026*x*y^2 - 15997/11026*x*y*z + 117249/5513*x*z^2 + 93247/11026*x^2 + 33829/11026*y^2 + 32197/11026*y*z + 122167/11026*z^2 - 19559/11026*x - 371/74]"
15,aaabbAbaaaBAABB,2,2,"[x*z^6 + z^6 - x*y^2*z^2 - 21/4*x*z^4 - y^2*z^2 - 21/4*z^4 + 11/4*x*y^2 + 9/8*x*y*z + 19/2*x*z^2 + 11/4*y^2 + 9/8*y*z + 19/2*z^2 - 23/4*x - 23/4, x*y*z^3 - x*z^4 + y*z^3 - z^4 + 3/2*x*y^2 + 1/2*x*y*z + 4*x*z^2 + 3/2*y^2 + 1/2*y*z + 4*z^2 - 3*x - 3, x*y^3 + 2*x*y^2*z + 2*x*y*z^2 + x*z^3 + y^3 + 2*y^2*z + 2*y*z^2 + z^3 - 5/2*x*y - 2*x*z - 5/2*y - 2*z, x^2 + 2*x + 1]"
15,aaabbAbAAABAABB,2,2,"[x*y*z^5 + y*z^5 + 82/21*x^3*y^2 - 73/42*x*y^4 - 51/28*x^3*y*z - 81/28*x*y^3*z + 73/42*x^3*z^2 - 97/21*x*y^2*z^2 - 29/6*x*y*z^3 + 83/42*x*z^4 + 64/21*x^4 + 229/84*x^2*y^2 - 73/42*y^4 - 183/28*x^2*y*z - 81/28*y^3*z + 127/28*x^2*z^2 - 97/21*y^2*z^2 - 29/6*y*z^3 + 83/42*z^4 - 82/21*x^3 + 97/42*x*y^2 + 17/14*x*y*z + 2*x*z^2 - 823/84*x^2 + 293/84*y^2 + 83/14*y*z - 67/84*z^2 - 1/12*x + 58/21, x*z^6 + z^6 - 29/12*x^3*y^2 + 4/3*x*y^4 - 41/2*x^3*y*z + 63/4*x*y^3*z - 139/12*x^3*z^2 + 109/6*x*y^2*z^2 + 67/6*x*y*z^3 - 2/3*x*z^4 + 31/3*x^4 - 17/3*x^2*y^2 + 4/3*y^4 - 55/4*x^2*y*z + 63/4*y^3*z - 7/4*x^2*z^2 + 109/6*y^2*z^2 + 67/6*y*z^3 - 2/3*z^4 + 29/12*x^3 - 53/6*x*y^2 + x*y*z + 81/4*x*z^2 - 199/12*x^2 - 67/12*y^2 - 23/4*y*z + 125/12*z^2 + 41/3*x + 67/3, x^4*y^2 + 23/42*x^3*y^2 - 8/21*x*y^4 - 17/14*x^3*y*z + 4/7*x*y^3*z + 37/42*x^3*z^2 - 4/21*x*y^2*z^2 - 1/3*x*y*z^3 - 5/21*x*z^4 - 11/21*x^4 - 73/42*x^2*y^2 - 8/21*y^4 - 13/7*x^2*y*z + 4/7*y^3*z + 13/7*x^2*z^2 - 4/21*y^2*z^2 - 1/3*y*z^3 - 5/21*z^4 + 19/42*x^3 + 2/21*x*y^2 - 13/7*x*y*z + 1/2*x*z^2 + 11/21*x^2 + 29/21*y^2 - 17/14*y*z - 10/21*z^2 - 5/6*x - 8/21, x^3*y^3 + 2/25*x*y*z^4 + 14/125*x*z^5 + 112/125*x^4*y - 111/125*x^2*y^3 + 278/125*x^4*z - 27/125*x^2*y^2*z - 298/125*x^2*z^3 + 2/25*y*z^4 + 14/125*z^5 - 551/125*x^3*y - 277/125*x*y^3 - 19/125*x^3*z + 593/125*x*y^2*z + 593/125*x*y*z^2 - 64/25*x*z^3 - 294/125*x^2*y - 41/125*y^3 - 476/125*x^2*z + 124/25*y^2*z + 593/125*y*z^2 - 22/125*z^3 + 747/125*x*y - 397/125*x*z + 378/125*y - 218/125*z, x^2*y^4 + 17/14*x^3*y^2 + 2/7*x*y^4 + 25/14*x^3*y*z - 24/7*x*y^3*z + 3/14*x^3*z^2 - 20/7*x*y^2*z^2 - x*y*z^3 + 3/7*x*z^4 + 1/7*x^4 - 15/14*x^2*y^2 - 5/7*y^4 + 22/7*x^2*y*z - 24/7*y^3*z - 1/7*x^2*z^2 - 20/7*y^2*z^2 - y*z^3 + 3/7*z^4 - 17/14*x^3 - 11/7*x*y^2 + 29/7*x*y*z - 3/2*x*z^2 - 15/7*x^2 + 5/7*y^2 + 39/14*y*z - 8/7*z^2 - 1/2*x + 2/7, x*y^5 + 2/25*x*y*z^4 + 39/125*x*z^5 + 249/250*x^4*y - 211/125*x^2*y^3 + y^5 + 453/125*x^4*z - 579/250*x^2*y^2*z + 1/2*x^2*y*z^2 - 821/250*x^2*z^3 + 2/25*y*z^4 + 39/125*z^5 - 677/250*x^3*y - 352/125*x*y^3 - 713/250*x^3*z + 518/125*x*y^2*z + 2411/250*x*y*z^2 - 89/25*x*z^3 + 237/250*x^2*y - 141/125*y^3 - 1076/125*x^2*z + 323/50*y^2*z + 1143/125*y*z^2 - 69/250*z^3 + 1019/250*x*y - 319/250*x*z - 72/125*y + 107/125*z, x^4*y*z - 29/42*x^3*y^2 + 11/21*x*y^4 + 19/14*x^3*y*z + 5/7*x*y^3*z - 43/42*x^3*z^2 + 16/21*x*y^2*z^2 + 1/3*x*y*z^3 - 1/21*x*z^4 + 2/21*x^4 - 23/42*x^2*y^2 + 11/21*y^4 - 4/7*x^2*y*z + 5/7*y^3*z - 10/7*x^2*z^2 + 16/21*y^2*z^2 + 1/3*y*z^3 - 1/21*z^4 + 29/42*x^3 - 8/21*x*y^2 - 11/7*x*y*z + 1/2*x*z^2 - 2/21*x^2 - 11/21*y^2 - 9/14*y*z + 19/21*z^2 - 13/6*x - 31/21, x^3*y^2*z - 2/25*x*y*z^4 - 14/125*x*z^5 - 112/125*x^4*y - 14/125*x^2*y^3 - 28/125*x^4*z + 277/125*x^2*y^2*z - x^2*y*z^2 + 48/125*x^2*z^3 - 2/25*y*z^4 - 14/125*z^5 - 74/125*x^3*y - 98/125*x*y^3 + 144/125*x^3*z + 32/125*x*y^2*z - 343/125*x*y*z^2 + 14/25*x*z^3 + 169/125*x^2*y - 84/125*y^3 + 101/125*x^2*z - 24/25*y^2*z - 218/125*y*z^2 + 22/125*z^3 + 253/125*x*y - 228/125*x*z + 122/125*y - 157/125*z, x^2*y^3*z - 13/42*x^3*y^2 - 11/21*x*y^4 + 9/14*x^3*y*z + 9/7*x*y^3*z + 1/42*x^3*z^2 - 16/21*x*y^2*z^2 - 1/3*x*y*z^3 + 1/21*x*z^4 - 2/21*x^4 - 19/42*x^2*y^2 - 11/21*y^4 - 3/7*x^2*y*z + 2/7*y^3*z + 3/7*x^2*z^2 - 16/21*y^2*z^2 - 1/3*y*z^3 + 1/21*z^4 + 13/42*x^3 + 29/21*x*y^2 - 17/7*x*y*z + 1/2*x*z^2 + 2/21*x^2 + 32/21*y^2 - 19/14*y*z + 2/21*z^2 - 5/6*x - 11/21, x*y^4*z - 2/5*x*y*z^4 - 9/25*x*z^5 - 69/50*x^4*y + 16/25*x^2*y^3 - 68/25*x^4*z + 249/50*x^2*y^2*z + y^4*z - 1/2*x^2*y*z^2 + 101/50*x^2*z^3 - 2/5*y*z^4 - 9/25*z^5 - 13/50*x^3*y - 63/25*x*y^3 + 203/50*x^3*z - 8/25*x*y^2*z - 341/50*x*y*z^2 + 9/5*x*z^3 + 3/50*x^2*y - 79/25*y^3 + 156/25*x^2*z - 53/10*y^2*z - 158/25*y*z^2 - 11/50*z^3 + 261/50*x*y - 211/50*x*z + 157/25*y - 92/25*z, x^4*z^2 + 32/21*x^3*y^2 - 25/21*x*y^4 - 13/7*x^3*y*z - 19/7*x*y^3*z + 25/21*x^3*z^2 - 44/21*x*y^2*z^2 - 2/3*x*y*z^3 + 8/21*x*z^4 + 26/21*x^4 + 50/21*x^2*y^2 - 25/21*y^4 - 17/7*x^2*y*z - 19/7*y^3*z - 4/7*x^2*z^2 - 44/21*y^2*z^2 - 2/3*y*z^3 + 8/21*z^4 - 32/21*x^3 + 64/21*x*y^2 + 25/7*x*y*z - x*z^2 - 110/21*x^2 + 46/21*y^2 + 29/7*y*z - 5/21*z^2 - 5/3*x + 17/21, x^3*y*z^2 + 6/25*x*y*z^4 + 42/125*x*z^5 + 211/125*x^4*y - 83/125*x^2*y^3 + 209/125*x^4*z - 581/125*x^2*y^2*z + x^2*y*z^2 - 269/125*x^2*z^3 + 6/25*y*z^4 + 42/125*z^5 + 97/125*x^3*y + 294/125*x*y^3 - 432/125*x^3*z - 221/125*x*y^2*z + 654/125*x*y*z^2 - 42/25*x*z^3 - 132/125*x^2*y + 377/125*y^3 - 428/125*x^2*z + 72/25*y^2*z + 654/125*y*z^2 + 59/125*z^3 - 759/125*x*y + 434/125*x*z - 741/125*y + 221/125*z, x^2*y^2*z^2 - 2*x^3*y*z + 2*x*y^2*z^2 + x^4 - 2*x^2*y*z + y^2*z^2 + 2*x*y*z - 2*x^2 + 2*y*z + 1, x*y^3*z^2 - 2/25*x*y*z^4 + 11/125*x*z^5 + 51/250*x^4*y - 114/125*x^2*y^3 + 147/125*x^4*z - 721/250*x^2*y^2*z + 1/2*x^2*y*z^2 + y^3*z^2 - 129/250*x^2*z^3 - 2/25*y*z^4 + 11/125*z^5 + 27/250*x^3*y + 77/125*x*y^3 - 387/250*x^3*z - 43/125*x*y^2*z + 539/250*x*y*z^2 - 11/25*x*z^3 + 413/250*x^2*y + 191/125*y^3 - 374/125*x^2*z + 127/50*y^2*z + 207/125*y*z^2 + 19/250*z^3 - 219/250*x*y + 269/250*x*z - 328/125*y + 168/125*z, x^3*z^3 - 2/5*x*y*z^4 - 14/25*x*z^5 - 37/25*x^4*y + 11/25*x^2*y^3 - 53/25*x^4*z + 77/25*x^2*y^2*z - 2*x^2*y*z^2 + 73/25*x^2*z^3 - 2/5*y*z^4 - 14/25*z^5 + 1/25*x^3*y - 48/25*x*y^3 + 69/25*x^3*z + 7/25*x*y^2*z - 193/25*x*y*z^2 + 9/5*x*z^3 + 69/25*x^2*y - 59/25*y^3 + 101/25*x^2*z - 14/5*y^2*z - 143/25*y*z^2 - 3/25*z^3 + 128/25*x*y - 103/25*x*z + 97/25*y - 82/25*z, x^2*y*z^3 - 1/7*x^3*y^2 + 1/7*x*y^4 - 6/7*x^3*y*z + 9/7*x*y^3*z - 8/7*x^3*z^2 + 4/7*x*y^2*z^2 + 2*x*y*z^3 - 2/7*x*z^4 + 4/7*x^4 - 2/7*x^2*y^2 + 1/7*y^4 - 10/7*x^2*y*z + 9/7*y^3*z - 4/7*x^2*z^2 + 4/7*y^2*z^2 + y*z^3 - 2/7*z^4 + 8/7*x^3 - 2/7*x*y^2 - 17/7*x*y*z + 2*x*z^2 - 4/7*x^2 - 1/7*y^2 - 13/7*y*z + 10/7*z^2 - x + 1/7, x*y^2*z^3 + 4/5*x*y*z^4 + 3/25*x*z^5 + 73/50*x^4*y - 19/50*x^2*y^3 + 87/50*x^4*z - 83/50*x^2*y^2*z - x^2*y*z^2 - 117/50*x^2*z^3 + y^2*z^3 + 4/5*y*z^4 + 3/25*z^5 - 29/50*x^3*y + 67/50*x*y^3 - 101/50*x^3*z + 11/25*x*y^2*z + 197/50*x*y*z^2 - 8/5*x*z^3 - 101/50*x^2*y + 43/25*y^3 - 129/50*x^2*z + 21/10*y^2*z + 247/50*y*z^2 + 37/50*z^3 - 81/25*x*y + 87/50*x*z - 163/50*y + 14/25*z, x^2*z^4 + 12/7*x^3*y^2 - 5/7*x*y^4 - 12/7*x^3*y*z - 17/7*x*y^3*z + 5/7*x^3*z^2 - 20/7*x*y^2*z^2 - 2*x*y*z^3 + 10/7*x*z^4 + 15/7*x^4 + 17/7*x^2*y^2 - 5/7*y^4 - 20/7*x^2*y*z - 17/7*y^3*z + 6/7*x^2*z^2 - 20/7*y^2*z^2 - 2*y*z^3 + 3/7*z^4 - 12/7*x^3 + 10/7*x*y^2 + 22/7*x*y*z + x*z^2 - 50/7*x^2 + 5/7*y^2 + 30/7*y*z + 6/7*z^2 - x + 16/7, x^5 - 13/42*x^3*y^2 + 10/21*x*y^4 + 37/14*x^3*y*z - 12/7*x*y^3*z + 1/42*x^3*z^2 - 16/21*x*y^2*z^2 - 1/3*x*y*z^3 + 1/21*x*z^4 - 23/21*x^4 + 23/42*x^2*y^2 + 10/21*y^4 + 18/7*x^2*y*z - 12/7*y^3*z - 11/7*x^2*z^2 - 16/21*y^2*z^2 - 1/3*y*z^3 + 1/21*z^4 - 113/42*x^3 + 8/21*x*y^2 + 11/7*x*y*z - 3/2*x*z^2 + 23/21*x^2 - 10/21*y^2 + 23/14*y*z + 2/21*z^2 - 11/6*x - 74/21]"
15,aaabbAAbaaaBABB,2,2,"[x*z^6 + z^6 - 11/2*x*z^4 - 11/2*z^4 - 3/2*x*y^2 - 11/4*x*y*z + 6*x*z^2 - 3/2*y^2 - 11/4*y*z + 6*z^2 + x + 1, x*y*z^4 + 1/2*x*z^5 + y*z^4 + 1/2*z^5 + 1/2*x*y^3 - 5/2*x*y*z^2 - 7/4*x*z^3 + 1/2*y^3 - 5/2*y*z^2 - 7/4*z^3 - 7/8*x*y + 2*x*z - 7/8*y + 2*z, x*y^4 - 2*x*y*z^3 - 1/2*x*z^4 + y^4 - 2*y*z^3 - 1/2*z^4 - 17/4*x*y^2 + 11/4*x*y*z - 17/4*y^2 + 11/4*y*z + 3/2*x + 3/2, x*y^2*z + x*y*z^2 + x*z^3 + y^2*z + y*z^2 + z^3 + 1/2*x*y - 2*x*z + 1/2*y - 2*z, x^2 + 2*x + 1]"
15,aaabbAAbAAABABB,2,2,"[x*y*z^5 + y*z^5 + 257/18*x^3*y^2 - 47/9*x*y^4 - 131/6*x^3*y*z - 251/18*x*y^3*z - 152/9*x^3*z^2 - 173/18*x*y^2*z^2 - 91/9*x*y*z^3 + 29/9*x*z^4 + 253/18*x^4 + 341/18*x^2*y^2 - 47/9*y^4 - 295/18*x^2*y*z - 251/18*y^3*z + 91/9*x^2*z^2 - 173/18*y^2*z^2 - 91/9*y*z^3 + 29/9*z^4 - 70/9*x^3 + 35/18*x*y^2 + 54*x*y*z + 542/9*x*z^2 - 919/18*x^2 - 49/18*y^2 + 437/9*y*z + 299/9*z^2 - 137/9*x + 14, x*z^6 + z^6 - 47/18*x^3*y^2 + 44/9*x*y^4 + 22/3*x^3*y*z + 61/9*x*y^3*z + 68/9*x^3*z^2 + 35/18*x*y^2*z^2 + 35/18*x*y*z^3 - 53/9*x*z^4 - 38/9*x^4 - 41/18*x^2*y^2 + 44/9*y^4 + 37/18*x^2*y*z + 61/9*y^3*z - 35/18*x^2*z^2 + 35/18*y^2*z^2 + 35/18*y*z^3 - 53/9*z^4 + 19/9*x^3 - 95/18*x*y^2 - 51/2*x*y*z - 134/9*x*z^2 + 146/9*x^2 - 101/18*y^2 - 182/9*y*z - 97/18*z^2 + 26/9*x - 7, x^4*y^2 + 10/3*x^3*y^2 - 8/3*x*y^4 - 6*x^3*y*z - 10/3*x*y^3*z - 11/3*x^3*z^2 - 4/3*x*y^2*z^2 - 4/3*x*y*z^3 + 2/3*x*z^4 + 8/3*x^4 + 1/3*x^2*y^2 - 8/3*y^4 - 14/3*x^2*y*z - 10/3*y^3*z + 10/3*x^2*z^2 - 4/3*y^2*z^2 - 4/3*y*z^3 + 2/3*z^4 - 4/3*x^3 + 1/3*x*y^2 + 13*x*y*z + 41/3*x*z^2 - 32/3*x^2 + 7/3*y^2 + 35/3*y*z + 20/3*z^2 - 8/3*x + 4, x^3*y^3 + 4/13*x*y*z^4 + 2/13*x*z^5 + 7/13*x^4*y + 23/13*x^2*y^3 + 2/13*x^4*z - 5/13*x^2*y^2*z - 2/13*x^2*y*z^2 - 12/13*x^2*z^3 + 4/13*y*z^4 + 2/13*z^5 - 12/13*x^3*y + 5/13*x*y^3 - 5/13*x*y^2*z - 1/13*x*y*z^2 - 18/13*x*z^3 - 36/13*x^2*y - 5/13*y^3 + 9/13*x^2*z + 1/13*y*z^2 - 6/13*z^3 - 5/13*x*y + 8/13*x*z + 12/13*y - 3/13*z, x^2*y^4 + 17/3*x^3*y^2 - 4/3*x*y^4 - 8*x^3*y*z - 17/3*x*y^3*z - 19/3*x^3*z^2 - 8/3*x*y^2*z^2 - 8/3*x*y*z^3 + 4/3*x*z^4 + 16/3*x^4 + 14/3*x^2*y^2 - 7/3*y^4 - 22/3*x^2*y*z - 17/3*y^3*z + 14/3*x^2*z^2 - 8/3*y^2*z^2 - 8/3*y*z^3 + 4/3*z^4 - 8/3*x^3 - 4/3*x*y^2 + 18*x*y*z + 67/3*x*z^2 - 58/3*x^2 - 1/3*y^2 + 52/3*y*z + 34/3*z^2 - 13/3*x + 7, x*y^5 + 109/26*x*y*z^4 + 24/13*x*z^5 - 405/52*x^4*y + 253/26*x^2*y^3 + y^5 - 67/13*x^4*z + 109/13*x^2*y^2*z - 61/26*x^2*y*z^2 - 433/52*x^2*z^3 + 109/26*y*z^4 + 24/13*z^5 + 12/13*x^3*y + 773/52*x*y^3 + 19/2*x^3*z + 605/52*x*y^2*z - 168/13*x*y*z^2 - 575/26*x*z^3 + 166/13*x^2*y + 267/52*y^3 + 1225/52*x^2*z + 13/4*y^2*z - 275/26*y*z^2 - 717/52*z^3 - 164/13*x*y + 44/13*x*z - 867/52*y - 287/52*z, x^4*y*z - 37/9*x^3*y^2 + 26/9*x*y^4 + 25/3*x^3*y*z + 43/9*x*y^3*z + 41/9*x^3*z^2 + 22/9*x*y^2*z^2 + 22/9*x*y*z^3 - 8/9*x*z^4 - 38/9*x^4 - 34/9*x^2*y^2 + 26/9*y^4 + 41/9*x^2*y*z + 43/9*y^3*z - 49/9*x^2*z^2 + 22/9*y^2*z^2 + 22/9*y*z^3 - 8/9*z^4 + 19/9*x^3 - 7/9*x*y^2 - 19*x*y*z - 179/9*x*z^2 + 137/9*x^2 - 10/9*y^2 - 146/9*y*z - 89/9*z^2 + 26/9*x - 6, x^3*y^2*z - 32/13*x*y*z^4 - 16/13*x*z^5 + 48/13*x^4*y - 80/13*x^2*y^3 + 49/13*x^4*z - 77/13*x^2*y^2*z + 3/13*x^2*y*z^2 + 70/13*x^2*z^3 - 32/13*y*z^4 - 16/13*z^5 - 21/13*x^3*y - 144/13*x*y^3 - 6*x^3*z - 129/13*x*y^2*z + 86/13*x*y*z^2 + 196/13*x*z^3 - 63/13*x^2*y - 64/13*y^3 - 189/13*x^2*z - 3*y^2*z + 83/13*y*z^2 + 126/13*z^3 + 157/13*x*y - 12/13*x*z + 151/13*y + 50/13*z, x^2*y^3*z - x^3*y^2 + 2*x^3*y*z + 2*x*y^3*z - x^4 - x^2*y^2 + 2*x^2*y*z + y^3*z - 2*x^2*z^2 + x^3 + x*y^2 - 2*x*y*z - 4*x*z^2 + 3*x^2 + y^2 - 2*y*z - 2*z^2 - x - 2, x*y^4*z - 17/13*x*y*z^4 - 2/13*x*z^5 + 51/26*x^4*y - 23/13*x^2*y^3 + 11/13*x^4*z - 8/13*x^2*y^2*z + y^4*z + 2/13*x^2*y*z^2 + 63/26*x^2*z^3 - 17/13*y*z^4 - 2/13*z^5 - 1/13*x^3*y - 75/26*x*y^3 - 2*x^3*z - 107/26*x*y^2*z + 27/13*x*y*z^2 + 57/13*x*z^3 - 42/13*x^2*y - 29/26*y^3 - 135/26*x^2*z - 7/2*y^2*z + 25/13*y*z^2 + 51/26*z^3 + 18/13*x*y + 5/13*x*z + 67/26*y + 71/26*z, x^4*z^2 - 10/3*x^3*y^2 + 8/3*x*y^4 + 3*x^3*y*z + 10/3*x*y^3*z + 17/3*x^3*z^2 + 4/3*x*y^2*z^2 + 4/3*x*y*z^3 - 2/3*x*z^4 - 11/3*x^4 - 13/3*x^2*y^2 + 8/3*y^4 + 2/3*x^2*y*z + 10/3*y^3*z - 7/3*x^2*z^2 + 4/3*y^2*z^2 + 4/3*y*z^3 - 2/3*z^4 + 4/3*x^3 - 13/3*x*y^2 - 12*x*y*z - 41/3*x*z^2 + 44/3*x^2 - 10/3*y^2 - 29/3*y*z - 20/3*z^2 + 20/3*x - 3, x^3*y*z^2 + 16/13*x*y*z^4 + 8/13*x*z^5 - 11/13*x^4*y + 40/13*x^2*y^3 - 18/13*x^4*z + 32/13*x^2*y^2*z + 5/13*x^2*y*z^2 - 48/13*x^2*z^3 + 16/13*y*z^4 + 8/13*z^5 + 17/13*x^3*y + 72/13*x*y^3 + 2*x^3*z + 58/13*x*y^2*z - 43/13*x*y*z^2 - 98/13*x*z^3 - 1/13*x^2*y + 32/13*y^3 + 75/13*x^2*z + 2*y^2*z - 35/13*y*z^2 - 50/13*z^3 - 98/13*x*y - 20/13*x*z - 69/13*y - 51/13*z, x^2*y^2*z^2 - 5*x^3*y^2 + 4*x*y^4 + 7*x^3*y*z + 6*x*y^3*z + 8*x^3*z^2 + 4*x*y^2*z^2 + 2*x*y*z^3 - 2*x*z^4 - 5*x^4 - 6*x^2*y^2 + 4*y^4 + 4*x^2*y*z + 6*y^3*z - 3*x^2*z^2 + 3*y^2*z^2 + 2*y*z^3 - 2*z^4 + 2*x^3 - 5*x*y^2 - 22*x*y*z - 22*x*z^2 + 20*x^2 - 4*y^2 - 19*y*z - 11*z^2 + 8*x - 5, x*y^3*z^2 + 102/13*x*y*z^4 + 38/13*x*z^5 - 153/13*x^4*y + 216/13*x^2*y^3 - 118/13*x^4*z + 230/13*x^2*y^2*z - 38/13*x^2*y*z^2 + y^3*z^2 - 215/13*x^2*z^3 + 102/13*y*z^4 + 38/13*z^5 + 32/13*x^3*y + 381/13*x*y^3 + 16*x^3*z + 321/13*x*y^2*z - 305/13*x*y*z^2 - 524/13*x*z^3 + 213/13*x^2*y + 165/13*y^3 + 522/13*x^2*z + 7*y^2*z - 267/13*y*z^2 - 309/13*z^3 - 342/13*x*y + 35/13*x*z - 370/13*y - 161/13*z, x^3*z^3 - 80/13*x*y*z^4 - 40/13*x*z^5 + 120/13*x^4*y - 200/13*x^2*y^3 + 103/13*x^4*z - 212/13*x^2*y^2*z + 27/13*x^2*y*z^2 + 188/13*x^2*z^3 - 80/13*y*z^4 - 40/13*z^5 - 46/13*x^3*y - 360/13*x*y^3 - 14*x^3*z - 290/13*x*y^2*z + 228/13*x*y*z^2 + 451/13*x*z^3 - 151/13*x^2*y - 160/13*y^3 - 427/13*x^2*z - 6*y^2*z + 201/13*y*z^2 + 276/13*z^3 + 373/13*x*y - 4/13*x*z + 358/13*y + 138/13*z, x^2*y*z^3 + 23/3*x^3*y^2 - 16/3*x*y^4 - 12*x^3*y*z - 26/3*x*y^3*z - 34/3*x^3*z^2 - 14/3*x*y^2*z^2 - 8/3*x*y*z^3 + 4/3*x*z^4 + 25/3*x^4 + 29/3*x^2*y^2 - 16/3*y^4 - 28/3*x^2*y*z - 26/3*y^3*z + 14/3*x^2*z^2 - 14/3*y^2*z^2 - 11/3*y*z^3 + 4/3*z^4 - 8/3*x^3 + 20/3*x*y^2 + 30*x*y*z + 106/3*x*z^2 - 94/3*x^2 + 14/3*y^2 + 82/3*y*z + 58/3*z^2 - 40/3*x + 7, x*y^2*z^3 - 83/13*x*y*z^4 - 35/13*x*z^5 + 105/13*x^4*y - 363/26*x^2*y^3 + 177/26*x^4*z - 192/13*x^2*y^2*z + 57/26*x^2*y*z^2 + 184/13*x^2*z^3 + y^2*z^3 - 83/13*y*z^4 - 35/13*z^5 - 37/13*x^3*y - 315/13*x*y^3 - 23/2*x^3*z - 283/13*x*y^2*z + 425/26*x*y*z^2 + 419/13*x*z^3 - 124/13*x^2*y - 267/26*y^3 - 398/13*x^2*z - 7*y^2*z + 184/13*y*z^2 + 235/13*z^3 + 643/26*x*y - 7/26*x*z + 607/26*y + 313/26*z, x^2*z^4 + 8/3*x^3*y^2 + 2/3*x*y^4 - 4*x^3*y*z - 5/3*x*y^3*z - 7/3*x^3*z^2 - 8/3*x*y^2*z^2 - 8/3*x*y*z^3 + 4/3*x*z^4 + 7/3*x^4 + 11/3*x^2*y^2 + 2/3*y^4 - 10/3*x^2*y*z - 5/3*y^3*z + 2/3*x^2*z^2 - 8/3*y^2*z^2 - 8/3*y*z^3 + 1/3*z^4 - 5/3*x^3 - 10/3*x*y^2 + 9*x*y*z + 31/3*x*z^2 - 22/3*x^2 - 13/3*y^2 + 25/3*y*z + 22/3*z^2 - 4/3*x + 2, x^5 - 31/3*x^3*y^2 + 26/3*x*y^4 + 18*x^3*y*z + 37/3*x*y^3*z + 44/3*x^3*z^2 + 16/3*x*y^2*z^2 + 16/3*x*y*z^3 - 8/3*x*z^4 - 35/3*x^4 - 28/3*x^2*y^2 + 26/3*y^4 + 38/3*x^2*y*z + 37/3*y^3*z - 28/3*x^2*z^2 + 16/3*y^2*z^2 + 16/3*y*z^3 - 8/3*z^4 + 7/3*x^3 - 16/3*x*y^2 - 46*x*y*z - 146/3*x*z^2 + 125/3*x^2 - 19/3*y^2 - 122/3*y*z - 74/3*z^2 + 35/3*x - 15]"
15,aaabbAAAbaaaBBB,2,2,"[x*z^6 + z^6 - 7/4*x*z^4 - 7/4*z^4 + 13/16*x*z^2 + 13/16*z^2 - 1/32*x - 1/32, x^2 + 2*x + 1, x*y + 2*x*z + y + 2*z]"
15,aaabbAABaaabABB,2,2,"[x^2*z^4 + 2*x*z^4 - 2*x^2*z^2 + z^4 - 4*x*z^2 + x^2 - 2*z^2 + 2*x + 1, x*y*z^4 + 19/6*x^2*z^3 + y*z^4 - 1/3*x^3*y + 1/3*x*y^3 + 1/3*x^3*z - 11/6*x*y^2*z - 10/3*x*y*z^2 + 20/3*x*z^3 + 19/6*x^2*y + 1/3*y^3 - 19/3*x^2*z - 11/6*y^2*z - 10/3*y*z^2 + 7/2*z^3 + 19/2*x*y - 37/3*x*z + 6*y - 17/3*z, x*z^5 + 7/6*x^2*z^3 + z^5 - 5/6*x^3*y - 2/3*x*y^3 + 5/6*x^3*z + 2/3*x*y^2*z + 1/6*x*y*z^2 + 2/3*x*z^3 + 7/6*x^2*y - 2/3*y^3 - 7/3*x^2*z + 2/3*y^2*z + 1/6*y*z^2 - 1/2*z^3 + 5*x*y - 41/6*x*z + 3*y - 11/3*z, x^5 + x^4 - x^2*y*z - 2*x^3 - 2*x*y*z - 2*x^2 - y*z + x + 1, x^4*y + 5/3*x^2*z^3 + 2/3*x^3*y - 2/3*x*y^3 - 2/3*x^3*z - 4/3*x*y^2*z - 4/3*x*y*z^2 + 8/3*x*z^3 - 1/3*x^2*y - 2/3*y^3 - 10/3*x^2*z - 4/3*y^2*z - 4/3*y*z^2 + z^3 + 3*x*y - 10/3*x*z + 3*y - 2/3*z, x*y^4 + x*z^4 - 1/2*x^4 + y^4 - x^2*y*z + z^4 - 2*x*y^2 - 1/2*x*y*z - 2*x*z^2 + 2*x^2 - 2*y^2 + 1/2*y*z - 2*z^2 + 3*x + 3/2, x^4*z + 11/3*x^2*z^3 - 1/3*x^3*y - 2/3*x*y^3 + 1/3*x^3*z - 4/3*x*y^2*z - 4/3*x*y*z^2 + 20/3*x*z^3 + 11/3*x^2*y - 2/3*y^3 - 28/3*x^2*z - 4/3*y^2*z - 4/3*y*z^2 + 3*z^3 + 10*x*y - 43/3*x*z + 6*y - 17/3*z, x^3*y*z + 2*x^2*y*z - x^3 + x*y*z - 2*x^2 - x, x*y^3*z - x^4 - 2*x^2*y*z + y^3*z + x*y^2 - 6*x*y*z + 2*x*z^2 + 4*x^2 + y^2 - 4*y*z + 2*z^2 + 3*x, x^3*z^2 + 2/3*x*y*z^3 + 4/3*x*z^4 - x^4 + 2*x^2*y*z + 2/3*y*z^3 + 4/3*z^4 - x^3 + x*y^2 + 10/3*x*y*z - 13/3*x*z^2 + y^2 + 4/3*y*z - 10/3*z^2 - x - 1, x^2*y*z^2 - x^2*z^3 + 2*x*y*z^2 - 2*x*z^3 - x^2*y + x^2*z + y*z^2 - z^3 - 2*x*y + 2*x*z - y + z, x*y^2*z^2 + 2/3*x*y*z^3 - 1/6*x*z^4 + 1/4*x^4 - x^2*y*z + y^2*z^2 + 2/3*y*z^3 - 1/6*z^4 - x*y^2 - 23/12*x*y*z - 4/3*x*z^2 + 1/2*x^2 - y^2 - 11/12*y*z - 4/3*z^2 + 5/2*x + 7/4, x^2*y^2 - 2*x^2*y*z + x^2*z^2 + 2*x*y^2 - 4*x*y*z + 2*x*z^2 + y^2 - 2*y*z + z^2]"
15,aaabbABaaabAABB,2,2,"[x^2*z^4 + 2*x*z^4 - 2*x^4 - 4*x^2*y^2 + x^2*y*z - 2*x^2*z^2 + z^4 - 2*x^3 - 8*x*y^2 + 2*x*y*z - 4*x*z^2 + 8*x^2 - 4*y^2 + y*z - 2*z^2 + 14*x + 6, x*z^5 + 19/16*x^2*z^3 + z^5 - 9/8*x^3*y + x*y^3 - 7/8*x^3*z - 17/8*x*z^3 - 5/16*x^2*y + y^3 - 7/4*x^2*z - 53/16*z^3 + 3/2*x*y + 25/8*x*z + 11/16*y + 4*z, x^5 + 3/2*x^4 - 3/2*x^2*y^2 + x^2*y*z - 1/2*x^2*z^2 - 3*x^3 - 3*x*y^2 + 2*x*y*z - x*z^2 - 7/2*x^2 - 3/2*y^2 + y*z - 1/2*z^2 + 3*x + 3, x^4*y - 3/8*x^2*z^3 + 1/4*x^3*y - 5/4*x^3*z + x*y^2*z + x*y*z^2 + 1/4*x*z^3 - 19/8*x^2*y - 1/2*x^2*z + y^2*z + y*z^2 + 5/8*z^3 - x*y + 3/4*x*z + 5/8*y, x^3*y^2 + 2*x^2*y^2 - x^3 + x*y^2 - 2*x^2 - x, x^2*y^3 + 1/4*x^2*z^3 + 1/2*x^3*y + 2*x*y^3 + 1/2*x^3*z + 1/2*x*z^3 - 3/4*x^2*y + y^3 + 1/4*z^3 - 3*x*y - 3/2*x*z - 7/4*y - z, x*y^4 + x*z^4 - 1/2*x^4 + y^4 + 3/2*x^2*y*z + x^2*z^2 + z^4 - 3/2*x^3 - 11/2*x*y^2 - 1/2*x*y*z - 2*x*z^2 + 2*x^2 - 11/2*y^2 - 2*y*z - 3*z^2 + 15/2*x + 9/2, x^4*z + x^2*z^3 + 3*x^3*z - 2*x*y^2*z - 2*x*y*z^2 - x^2*z - 2*y^2*z - 2*y*z^2 - z^3 - x*y - 3*x*z - y, x^3*y*z - 1/2*x^4 - 1/2*x^2*y^2 + x^2*y*z - 1/2*x^2*z^2 - x*y^2 - x*y*z - x*z^2 + 3/2*x^2 - 1/2*y^2 - y*z - 1/2*z^2 + x, x^2*y^2*z - 1/4*x^2*z^3 - 1/2*x^3*y - 1/2*x^3*z + 2*x*y^2*z - 1/2*x*z^3 - 1/4*x^2*y - x^2*z + y^2*z - 1/4*z^3 + x*y - 1/2*x*z + 3/4*y, x*y^3*z - x*z^4 + 3/2*x^4 + x^2*y^2 + 3/2*x^2*y*z + y^3*z - x^2*z^2 - z^4 + 1/2*x^3 + 5/2*x*y^2 + 1/2*x*y*z - 5*x^2 + 3/2*y^2 - y*z + z^2 - 11/2*x - 3/2, x^3*z^2 + 3/2*x^4 + 1/2*x^2*y^2 - x^2*y*z + 3/2*x^2*z^2 + x^3 + x*y^2 - 2*x*y*z - 7/2*x^2 + 1/2*y^2 - y*z - 1/2*z^2 - 4*x - 1, x^2*y*z^2 + 5/8*x^2*z^3 + 1/4*x^3*y - 1/4*x^3*z - x*y^2*z + x*y*z^2 + 1/4*x*z^3 + 5/8*x^2*y - 3/2*x^2*z - y^2*z - 3/8*z^3 - 1/4*x*z - 3/8*y + z, x*y^2*z^2 - 1/2*x*z^4 - x^4 + 7/4*x^2*y^2 - 11/4*x^2*y*z - 3/4*x^2*z^2 + y^2*z^2 - 1/2*z^4 + 3/4*x^3 + 21/4*x*y^2 - 3/4*x*y*z + 3/2*x*z^2 + 3/4*x^2 + 7/2*y^2 + 2*y*z + 9/4*z^2 - 21/4*x - 17/4, x*y*z^3 + 3/2*x*z^4 + 1/4*x^4 - 5/2*x^2*y^2 + 5/4*x^2*y*z + 3/2*x^2*z^2 + y*z^3 + 3/2*z^4 - 1/4*x^3 - 27/4*x*y^2 - 7/4*x*y*z - 2*x*z^2 + 5/2*x^2 - 17/4*y^2 - 3*y*z - 7/2*z^2 + 29/4*x + 17/4]"
15,aaabAbbaaaBBAAB,2,2,"[x*z^5 + z^5 + 283/24*x*y*z^2 + 49/12*x*z^3 + 283/24*y*z^2 + 49/12*z^3 + 1/3*x*y - 167/24*x*z + 1/3*y - 167/24*z, x*y*z^3 + 7/8*x*z^4 + y*z^3 + 7/8*z^4 + 23/64*x*y*z - 43/32*x*z^2 + 23/64*y*z - 43/32*z^2 - 3/64*x - 3/64, x*y^2 + 3*x*y*z + 2*x*z^2 + y^2 + 3*y*z + 2*z^2 - 3*x - 3, x^2 + 2*x + 1]"
15,aaabAbbAAABBAAB,2,2,"[x*z^6 + z^6 - 32/7*x*y^3*z + 439/56*x^3*z^2 + 611/112*x*y^2*z^2 - 311/112*x*y*z^3 - 29/8*x*z^4 + 137/28*x^4 + 1305/112*x^2*y^2 - 2629/112*x^2*y*z - 32/7*y^3*z + 2227/112*x^2*z^2 + 611/112*y^2*z^2 - 311/112*y*z^3 - 29/8*z^4 + 727/28*x^3 + 9/28*x*y^2 - 1695/56*x*y*z - 197/112*x*z^2 - 1595/56*x^2 - 1269/112*y^2 - 761/112*y*z - 773/56*z^2 - 2427/56*x + 87/14, x^4*z^2 - 3/7*x*y^3*z + 9/7*x^3*z^2 - 1/7*x*y^2*z^2 - 2/7*x*y*z^3 - 1/7*x^4 - 12/7*x^2*y^2 + 2/7*x^2*y*z - 3/7*y^3*z - 25/7*x^2*z^2 - 1/7*y^2*z^2 - 2/7*y*z^3 - 19/7*x^3 + 3/7*x*y^2 + 22/7*x*y*z - 31/7*x*z^2 + 27/7*x^2 + 15/7*y^2 + 20/7*y*z - 4/7*z^2 + 26/7*x - 19/7, x^2*y^2*z^2 - 12/7*x*y^3*z + 8/7*x^3*z^2 + 10/7*x*y^2*z^2 - 8/7*x*y*z^3 + 3/7*x^4 + 8/7*x^2*y^2 - 20/7*x^2*y*z - 12/7*y^3*z + 12/7*x^2*z^2 + 3/7*y^2*z^2 - 8/7*y*z^3 + 22/7*x^3 - 2/7*x*y^2 - 10/7*x*y*z - 12/7*x*z^2 - 18/7*x^2 - 10/7*y^2 + 10/7*y*z - 16/7*z^2 - 36/7*x + 1/7, x*y^3*z^2 + 1/8*x*z^5 - 303/320*x^4*z - 31/40*x^2*y^2*z - 79/64*x^2*y*z^2 + y^3*z^2 + 23/40*x^2*z^3 + 1/8*z^5 - 9/20*x^3*y + 333/320*x*y^3 - 7/16*x^3*z + 389/320*x*y^2*z - 57/32*x*y*z^2 + 19/20*x*z^3 + 49/160*x^2*y + 333/320*y^3 + 177/80*x^2*z + 637/320*y^2*z - 35/64*y*z^2 + 3/8*z^3 - 73/160*x*y + 69/40*x*z - 97/80*y + 7/320*z, x^3*z^3 - 2/5*x^4*z + 1/10*x^2*y^2*z - 5/2*x^2*y*z^2 + 17/10*x^2*z^3 - 7/10*x^3*y + 12/5*x*y^3 + 7/10*x*y^2*z - 7/2*x*y*z^2 + 1/5*x*z^3 + 7/5*x^2*y + 12/5*y^3 + 9/10*x^2*z + 3/5*y^2*z - y*z^2 - 1/2*z^3 - 23/10*x*y + 11/10*x*z - 22/5*y + 3/5*z, x^2*y*z^3 + 6/7*x*y^3*z - 40/21*x^3*z^2 - 3/14*x*y^2*z^2 + 101/42*x*y*z^3 - 1/3*x*z^4 - 5/7*x^4 - 59/42*x^2*y^2 + 95/42*x^2*y*z + 6/7*y^3*z - 155/42*x^2*z^2 - 3/14*y^2*z^2 + 59/42*y*z^3 - 1/3*z^4 - 61/21*x^3 - 11/21*x*y^2 + 19/7*x*y*z + 19/14*x*z^2 + 76/21*x^2 + 37/42*y^2 + 19/42*y*z + 22/7*z^2 + 131/21*x + 3/7, x*y^2*z^3 + 7/8*x*z^5 - 149/64*x^4*z - 21/8*x^2*y^2*z - 201/64*x^2*y*z^2 + 21/8*x^2*z^3 + y^2*z^3 + 7/8*z^5 + 5/4*x^3*y + 447/64*x*y^3 - 1/16*x^3*z - 217/64*x*y^2*z - 15/32*x*y*z^2 + 1/4*x*z^3 + 171/32*x^2*y + 447/64*y^3 + 75/16*x^2*z - 49/64*y^2*z + 171/64*y*z^2 - 19/8*z^3 - 435/32*x*y + 47/8*x*z - 283/16*y + 221/64*z, x^2*z^4 + 18/7*x*y^3*z - 12/7*x^3*z^2 - 9/14*x*y^2*z^2 + 17/14*x*y*z^3 + x*z^4 - 8/7*x^4 - 73/14*x^2*y^2 + 95/14*x^2*y*z + 18/7*y^3*z - 127/14*x^2*z^2 - 9/14*y^2*z^2 + 17/14*y*z^3 - 68/7*x^3 - 4/7*x*y^2 + 64/7*x*y*z - 27/14*x*z^2 + 76/7*x^2 + 65/14*y^2 + 33/14*y*z + 38/7*z^2 + 117/7*x - 19/7, x*y*z^4 - 5/8*x*z^5 + 187/320*x^4*z - 21/40*x^2*y^2*z + 219/64*x^2*y*z^2 - 107/40*x^2*z^3 + y*z^4 - 5/8*z^5 + 1/20*x^3*y - 177/320*x*y^3 - 61/16*x^3*z - 521/320*x*y^2*z + 77/32*x*y*z^2 - 11/20*x*z^3 + 59/160*x^2*y - 177/320*y^3 + 107/80*x^2*z - 353/320*y^2*z - 65/64*y*z^2 + 17/8*z^3 + 157/160*x*y + 199/40*x*z + 53/80*y - 243/320*z, x^5 - 9/7*x*y^3*z + 6/7*x^3*z^2 - 3/7*x*y^2*z^2 - 6/7*x*y*z^3 + 11/7*x^4 + 20/7*x^2*y^2 - 29/7*x^2*y*z - 9/7*y^3*z + 30/7*x^2*z^2 - 3/7*y^2*z^2 - 6/7*y*z^3 + 27/7*x^3 - 5/7*x*y^2 - 46/7*x*y*z + 12/7*x*z^2 - 66/7*x^2 - 25/7*y^2 - 17/7*y*z - 12/7*z^2 - 69/7*x + 20/7, x^4*y + 8/5*x^4*z - 19/10*x^2*y^2*z + 3/2*x^2*y*z^2 - 3/10*x^2*z^3 + 23/10*x^3*y - 3/5*x*y^3 - 43/10*x*y^2*z + 5/2*x*y*z^2 - 4/5*x*z^3 - 8/5*x^2*y - 3/5*y^3 - 41/10*x^2*z - 12/5*y^2*z + y*z^2 - 1/2*z^3 - 43/10*x*y - 9/10*x*z - 7/5*y + 8/5*z, x^3*y^2 - 6/7*x*y^3*z + 47/21*x^3*z^2 - 11/14*x*y^2*z^2 - 31/42*x*y*z^3 - 1/3*x*z^4 + 12/7*x^4 + 115/42*x^2*y^2 - 193/42*x^2*y*z - 6/7*y^3*z + 169/42*x^2*z^2 - 11/14*y^2*z^2 - 31/42*y*z^3 - 1/3*z^4 + 68/21*x^3 - 17/21*x*y^2 - 54/7*x*y*z + 9/14*x*z^2 - 146/21*x^2 - 107/42*y^2 - 131/42*y*z - 8/7*z^2 - 145/21*x + 11/7, x^2*y^3 - 2/5*x^4*z - 2/5*x^2*y^2*z + 6/5*x^2*z^3 + 9/5*x^3*y + 7/5*x*y^3 + x^3*z - 14/5*x*y^2*z - x*y*z^2 + 6/5*x*z^3 - 3/5*x^2*y + 2/5*y^3 - 3/5*x^2*z - 12/5*y^2*z - y*z^2 - 24/5*x*y - 2/5*x*z - 12/5*y + 8/5*z, x*y^4 - 47/21*x*y^3*z + 43/21*x^3*z^2 - 4/21*x*y^2*z^2 - 12/7*x*y*z^3 + 31/21*x^4 + 33/7*x^2*y^2 + y^4 - 125/21*x^2*y*z - 47/21*y^3*z + 124/21*x^2*z^2 - 4/21*y^2*z^2 - 12/7*y*z^3 + 54/7*x^3 - 10/7*x*y^2 - 143/21*x*y*z + 3/7*x*z^2 - 69/7*x^2 - 43/7*y^2 - 6/7*y*z - 24/7*z^2 - 281/21*x + 19/7, x^3*y*z - 6/7*x*y^3*z + 4/7*x^3*z^2 - 2/7*x*y^2*z^2 - 4/7*x*y*z^3 - 2/7*x^4 + 4/7*x^2*y^2 - 3/7*x^2*y*z - 6/7*y^3*z + 6/7*x^2*z^2 - 2/7*y^2*z^2 - 4/7*y*z^3 + 11/7*x^3 - 1/7*x*y^2 - 12/7*x*y*z - 6/7*x*z^2 - 2/7*x^2 - 5/7*y^2 - 2/7*y*z - 8/7*z^2 - 18/7*x - 3/7]"
15,aaabAAbbaaaBBAB,2,2,"[x*z^5 + z^5 + 1/3*x*y^3 - 29/6*x*z^3 + 1/3*y^3 - 29/6*z^3 - 35/24*x*y + 61/12*x*z - 35/24*y + 61/12*z, x*y^4 - 7*x*z^4 + y^4 - 7*z^4 + 13/8*x*y^2 + 22*x*z^2 + 13/8*y^2 + 22*z^2 - 33/2*x - 33/2, x*y*z + 2*x*z^2 + y*z + 2*z^2 - 3*x - 3, x^2 + 2*x + 1]"
15,aaabAAbbAAABBAB,2,2,"[x*z^6 + z^6 - 3877/448*x*y^3*z + 10685/1792*x^3*z^2 + 5389/1792*x*y^2*z^2 + 9519/1792*x*y*z^3 - 4173/896*x*z^4 + 6367/1792*x^4 - 29/7*x^2*y^2 - 15021/1792*x^2*y*z - 3877/448*y^3*z - 1117/1792*x^2*z^2 + 5389/1792*y^2*z^2 + 9519/1792*y*z^3 - 4173/896*z^4 - 487/1792*x^3 - 473/224*x*y^2 + 12925/1792*x*y*z - 335/28*x*z^2 - 835/896*x^2 + 65/32*y^2 + 13973/896*y*z - 4819/896*z^2 - 9033/1792*x - 2031/256, x^4*z^2 - 33/14*x*y^3*z + 97/56*x^3*z^2 - 135/56*x*y^2*z^2 - 93/56*x*y*z^3 - 9/28*x*z^4 - 69/56*x^4 - 8/7*x^2*y^2 - 89/56*x^2*y*z - 33/14*y^3*z - 1/56*x^2*z^2 - 135/56*y^2*z^2 - 93/56*y*z^3 - 9/28*z^4 - 43/56*x^3 - 1/7*x*y^2 + 209/56*x*y*z + 9/7*x*z^2 + 129/28*x^2 + y^2 + 149/28*y*z + 57/28*z^2 + 99/56*x - 19/8, x^2*y^2*z^2 - 53/56*x*y^3*z + 93/224*x^3*z^2 + 109/224*x*y^2*z^2 - 241/224*x*y*z^3 - 45/112*x*z^4 - 65/224*x^4 - 10/7*x^2*y^2 - 109/224*x^2*y*z - 53/56*y^3*z - 61/224*x^2*z^2 - 115/224*y^2*z^2 - 241/224*y*z^3 - 45/112*z^4 - 103/224*x^3 - 33/28*x*y^2 + 541/224*x*y*z + 6/7*x*z^2 + 253/112*x^2 + 1/4*y^2 + 325/112*y*z + 173/112*z^2 + 215/224*x - 47/32, x*y^3*z^2 - 8/23*x*z^5 + 84/31*x^4*z - 130/23*x^2*y^2*z + 1584/713*x^2*y*z^2 + y^3*z^2 - 1119/713*x^2*z^3 - 8/23*z^5 - 86/713*x^3*y - 156/713*x*y^3 - 355/713*x^3*z - 5355/713*x*y^2*z + 3424/713*x*y*z^2 + 258/713*x*z^3 - 156/713*x^2*y - 156/713*y^3 - 1143/713*x^2*z - 1325/713*y^2*z + 80/31*y*z^2 + 1377/713*z^3 + 328/713*x*y + 173/713*x*z + 398/713*y - 971/713*z, x^3*z^3 + 61/31*x^4*z - 5*x^2*y^2*z - 22/31*x^2*y*z^2 + 22/31*x^2*z^3 + 21/31*x^3*y + 28/31*x*y^3 + 20/31*x^3*z - 193/31*x*y^2*z + 42/31*x*y*z^2 - 1/31*x*z^3 + 28/31*x^2*y + 28/31*y^3 - 19/31*x^2*z - 38/31*y^2*z + 64/31*y*z^2 + 8/31*z^3 - 70/31*x*y - 70/31*x*z - 77/31*y - 92/31*z, x^2*y*z^3 + 41/56*x*y^3*z - 241/224*x^3*z^2 + 127/224*x*y^2*z^2 + 533/224*x*y*z^3 + 1/112*x*z^4 + 101/224*x^4 + 1/7*x^2*y^2 + 97/224*x^2*y*z + 41/56*y^3*z - 591/224*x^2*z^2 + 127/224*y^2*z^2 + 309/224*y*z^3 + 1/112*z^4 + 67/224*x^3 - 3/28*x*y^2 - 241/224*x*y*z - 16/7*x*z^2 - 145/112*x^2 - 1/4*y^2 - 169/112*y*z - 81/112*z^2 - 179/224*x + 11/32, x*y^2*z^3 + 4/23*x*z^5 - 35/31*x^4*z + 88/23*x^2*y^2*z - 1528/713*x^2*y*z^2 + 939/713*x^2*z^3 + y^2*z^3 + 4/23*z^5 - 486/713*x^3*y - 152/713*x*y^3 + 879/713*x^3*z + 2022/713*x*y^2*z - 3483/713*x*y*z^2 + 32/713*x*z^3 - 152/713*x^2*y - 152/713*y^3 - 1004/713*x^2*z - 706/713*y^2*z - 85/31*y*z^2 - 907/713*z^3 + 1124/713*x*y - 581/713*x*z + 790/713*y + 2107/713*z, x^2*z^4 - 1/28*x*y^3*z + 25/112*x^3*z^2 - 167/112*x*y^2*z^2 - 125/112*x*y*z^3 + 71/56*x*z^4 - 109/112*x^4 + 30/7*x^2*y^2 - 57/112*x^2*y*z - 1/28*y^3*z - 73/112*x^2*z^2 - 167/112*y^2*z^2 - 125/112*y*z^3 + 15/56*z^4 + 53/112*x^3 + 67/14*x*y^2 - 423/112*x*y*z - 4/7*x*z^2 - 103/56*x^2 + 1/2*y^2 - 183/56*y*z + 17/56*z^2 - 53/112*x + 45/16, x*y*z^4 + 10/23*x*z^5 - 95/31*x^4*z + 105/23*x^2*y^2*z - 485/713*x^2*y*z^2 + 82/713*x^2*z^3 + y*z^4 + 10/23*z^5 + 625/713*x^3*y + 172/713*x*y^3 - 1126/713*x^3*z + 6343/713*x*y^2*z - 3958/713*x*y*z^2 - 1875/713*x*z^3 + 172/713*x^2*y + 172/713*y^3 + 3125/713*x^2*z + 3088/713*y^2*z - 151/31*y*z^2 - 1957/713*z^3 - 1422/713*x*y + 1802/713*x*z - 969/713*y - 264/713*z, x^5 - 5/28*x*y^3*z - 99/112*x^3*z^2 + 61/112*x*y^2*z^2 + 47/112*x*y*z^3 + 19/56*x*z^4 + 127/112*x^4 - 11/7*x^2*y^2 - 61/112*x^2*y*z - 5/28*y^3*z - 29/112*x^2*z^2 + 61/112*y^2*z^2 + 47/112*y*z^3 + 19/56*z^4 - 295/112*x^3 - 29/14*x*y^2 + 13/112*x*y*z + 8/7*x*z^2 - 123/56*x^2 - 1/2*y^2 + 37/56*y*z + 29/56*z^2 + 71/112*x + 1/16, x^4*y + 92/31*x^4*z - 8*x^2*y^2*z + 9/31*x^2*y*z^2 - 40/31*x^2*z^3 + 52/31*x^3*y + 28/31*x*y^3 - 11/31*x^3*z - 255/31*x*y^2*z + 197/31*x*y*z^2 + 30/31*x*z^3 - 34/31*x^2*y + 28/31*y^3 + 12/31*x^2*z - 7/31*y^2*z + 188/31*y*z^2 + 70/31*z^3 - 163/31*x*y - 70/31*x*z - 108/31*y - 185/31*z, x^3*y^2 - 2/7*x*y^3*z - 3/14*x^3*z^2 + 1/14*x*y^2*z^2 + 1/14*x*y*z^3 + 1/7*x*z^4 + 3/14*x^4 + 2/7*x^2*y^2 - 15/14*x^2*y*z - 2/7*y^3*z - 3/14*x^2*z^2 + 1/14*y^2*z^2 + 1/14*y*z^3 + 1/7*z^4 - 17/14*x^3 - 5/7*x*y^2 - 3/14*x*y*z + 3/7*x*z^2 + 2/7*x^2 + 6/7*y*z + 3/7*z^2 + 17/14*x - 1/2, x^2*y^3 + 10/31*x^4*z - x^2*y^2*z + 3/31*x^2*y*z^2 - 3/31*x^2*z^3 + 7/31*x^3*y + 30/31*x*y^3 - 14/31*x^3*z - 54/31*x*y^2*z + 14/31*x*y*z^2 + 10/31*x*z^3 - 32/31*x^2*y - 1/31*y^3 + 4/31*x^2*z - 23/31*y^2*z + 11/31*y*z^2 + 13/31*z^3 - 13/31*x*y + 18/31*x*z + 26/31*y - 10/31*z, x*y^4 + 3/28*x*y^3*z + 1/56*x^3*z^2 - 19/56*x*y^2*z^2 - 33/56*x*y*z^3 - 5/28*x*z^4 + 83/56*x^4 - 47/14*x^2*y^2 + y^4 + 19/56*x^2*y*z + 3/28*y^3*z + 1/56*x^2*z^2 - 19/56*y^2*z^2 - 33/56*y*z^3 - 5/28*z^4 + 43/56*x^3 - 199/28*x*y^2 + 197/56*x*y*z + 12/7*x*z^2 - 5/14*x^2 - 15/4*y^2 + 89/28*y*z + 12/7*z^2 - 71/56*x - 13/8, x^3*y*z + 2/7*x*y^3*z + 3/14*x^3*z^2 - 1/14*x*y^2*z^2 - 1/14*x*y*z^3 - 1/7*x*z^4 - 3/14*x^4 - 16/7*x^2*y^2 + 15/14*x^2*y*z + 2/7*y^3*z - 11/14*x^2*z^2 - 1/14*y^2*z^2 - 1/14*y*z^3 - 1/7*z^4 - 11/14*x^3 - 16/7*x*y^2 + 3/14*x*y*z - 3/7*x*z^2 + 19/7*x^2 + 1/7*y*z + 4/7*z^2 + 25/14*x - 3/2]"
15,aaabAAAbbaaaBBB,2,2,"[x*z^6 + z^6 - 3/2*x*z^4 - 3/2*z^4 + 1/2*x*z^2 + 1/2*z^2 + 1/32*x + 1/32, x^2 + 2*x + 1, x*y + 2*x*z + y + 2*z]"
15,aaaBaabbaaaBBab,2,2,"[x*y*z^3 + y*z^3 - 23/4*x*y^2 - 41/4*x*y*z - 5/2*x*z^2 + 1/4*x^2 - 23/4*y^2 - 41/4*y*z - 5/2*z^2 - 3/4*x - 1, x*z^4 + z^4 + 25/8*x*y^2 + 19/8*x*y*z - 11/4*x*z^2 - 7/8*x^2 + 25/8*y^2 + 19/8*y*z - 11/4*z^2 + 1/8*x + 1, x*y^3 + 5*x*y*z^2 + 6*x*z^3 + y^3 - 5*x^2*z + 5*y*z^2 + 6*z^3 - 28*x*y - 33*x*z - 28*y - 28*z, x*y^2*z - x*y*z^2 - 2*x*z^3 + 2*x^2*z + y^2*z - y*z^2 - 2*z^3 + 11*x*y + 13*x*z + 11*y + 11*z, x^2*z^2 - 2*x*y^2 - 3*x*y*z - x^2 - 2*y^2 - 3*y*z - z^2 - x, x^3 + 2*x^2 + x, x^2*y + x^2*z + 2*x*y + 2*x*z + y + z]"
15,aaaBaabbAAABBab,2,2,"[x^5 + 2*x^4 - 3*x^2*y*z + x^3 + 2*x*y^2 - 3*x*y*z - 2*x*z^2 + x^2 + 2*y^2 - 2*z^2 + x, x*y^4 + 4/21*x^4 + y^4 - 92/21*x^2*y*z + 44/21*x^2*z^2 + 9/7*x^3 - 10/21*x*y^2 - 48/7*x*y*z + 64/21*x*z^2 + 67/21*x^2 - 10/21*y^2 - 52/21*y*z + 20/21*z^2 + 65/21*x + 1, x^4*z - x*y^3 + 2*x*y^2*z - 3*x*y*z^2 + 2*x*z^3 + x^2*y - y^3 - 3*x^2*z + 2*y^2*z - 3*y*z^2 + 2*z^3 + 4*x*y - 5*x*z + 3*y - 3*z, x*y^3*z + 1/21*x^4 - 65/21*x^2*y*z + y^3*z + 32/21*x^2*z^2 + 4/7*x^3 + 8/21*x*y^2 - 47/7*x*y*z + 58/21*x*z^2 + 43/21*x^2 + 8/21*y^2 - 76/21*y*z + 26/21*z^2 + 53/21*x + 1, x^3*z^2 - x^4 + 2*x^2*z^2 - 3*x^3 + x*z^2 - 3*x^2 - x, x^2*y*z^2 - x*y^3 - x^3*z - 1/3*x*y^2*z + 5/3*x*y*z^2 + 2/3*x*z^3 + x^2*y - y^3 - 3*x^2*z - 1/3*y^2*z + 2/3*y*z^2 + 2/3*z^3 + 3*x*y - 4*x*z + 2*y - 2*z, x*y^2*z^2 - 5/21*x^4 - 32/21*x^2*y*z + 37/42*x^2*z^2 + y^2*z^2 - 5/14*x^3 - 17/42*x*y^2 - 24/7*x*y*z + 25/21*x*z^2 + 16/21*x^2 - 17/42*y^2 - 40/21*y*z + 13/42*z^2 + 79/42*x + 1, x^2*z^3 + x*y^3 - x^3*z + 2/3*x*y^2*z - 16/3*x*y*z^2 + 14/3*x*z^3 + x^2*y + y^3 - 3*x^2*z + 2/3*y^2*z - 16/3*y*z^2 + 11/3*z^3 + 2*x*y - 3*x*z + y - z, x*y*z^3 - 47/84*x^4 + 5/42*x^2*y*z + 25/42*x^2*z^2 + y*z^3 - 12/7*x^3 - 61/84*x*y^2 - 31/28*x*y*z + 23/42*x*z^2 - 55/42*x^2 - 61/84*y^2 - 103/84*y*z - 1/21*z^2 + 71/84*x + 1, x*z^4 - 181/168*x^4 + 181/84*x^2*y*z + 65/84*x^2*z^2 + z^4 - 55/14*x^3 - 251/168*x*y^2 + 107/56*x*y*z + 43/84*x*z^2 - 395/84*x^2 - 251/168*y^2 - 41/168*y*z - 11/42*z^2 - 143/168*x + 1, x^3*y - 2*x*y^3 - x^3*z - x*y^2*z + 5*x*y*z^2 - 2*x*z^3 + 3*x^2*y - 2*y^3 - 3*x^2*z - y^2*z + 5*y*z^2 - 2*z^3 + 4*x*y - 4*x*z + 2*y - 2*z, x^2*y^2 - 2*x^2*y*z + x^2*z^2 + 2*x*y^2 - 4*x*y*z + 2*x*z^2 + y^2 - 2*y*z + z^2]"
15,aaaBabbaaaBBaab,2,2,"[x*y*z^3 + y*z^3 - 11/16*x*y^2 + 9/16*x*y*z - 15/8*x*z^2 + 9/16*x^2 - 11/16*y^2 + 9/16*y*z - 15/8*z^2 + 25/16*x + 1, x*z^4 + z^4 - 27/32*x*y^2 - 23/32*x*y*z - 7/16*x*z^2 + 9/32*x^2 - 27/32*y^2 - 23/32*y*z - 7/16*z^2 + 41/32*x + 1, x*y^3 + x*y*z^2 - 2*x*z^3 + y^3 + y*z^2 - 2*z^3 - x*y + x*z - y + z, x*y^2*z + 5*x*y*z^2 - 6*x*z^3 + 9*x^2*z + y^2*z + 5*y*z^2 - 6*z^3 + 4*x*y + 5*x*z + 4*y - 4*z, x^2*z^2 - 1/4*x*y^2 - 1/4*x*y*z + 3/2*x*z^2 - 1/4*x^2 - 1/4*y^2 - 1/4*y*z + 1/2*z^2 - 1/4*x, x^3 + 2*x^2 + x, x^2*y - x^2*z + 2*x*y - 2*x*z + y - z]"
15,aaaBabbAAABBaab,2,2,"[x^2*y^3 + 149/71*x*y^3 - 10/71*x^3*z + 16/71*x*y^2*z - 98/71*x*y*z^2 - 36/71*x*z^3 - 123/71*x^2*y + 78/71*y^3 - 97/71*x^2*z + 16/71*y^2*z - 98/71*y*z^2 - 36/71*z^3 - 190/71*x*y - 154/71*x*z - 67/71*y - 67/71*z, x*y^4 - 4/7*x^2*y^2 + y^4 - 17/21*x^2*y*z - 1/3*x^2*z^2 + 8/21*x^3 - 53/21*x*y^2 - 17/21*x*y*z - 8/21*x*z^2 + 26/21*x^2 - 41/21*y^2 - 1/21*z^2 + 13/7*x + 1, x^2*y^2*z - 13/71*x*y^3 - 22/71*x^3*z + 21/71*x*y^2*z - 31/71*x*y*z^2 + 6/71*x*z^3 + 56/71*x^2*y - 13/71*y^3 - 43/71*x^2*z - 50/71*y^2*z - 31/71*y*z^2 + 6/71*z^3 + 8/71*x*y - 69/71*x*z - 48/71*y - 48/71*z, x*y^3*z + 12/7*x^2*y^2 + 79/21*x^2*y*z + y^3*z - 1/3*x^2*z^2 - 10/21*x^3 - 2/21*x*y^2 - 68/21*x*y*z - 74/21*x*z^2 - 1/21*x^2 - 38/21*y^2 - 7*y*z - 67/21*z^2 - 4/7*x - 1, x^3*z^2 + 3*x^2*y^2 + 15/2*x^2*y*z + 3/2*x^2*z^2 - 3/2*x^3 - 3/2*x*y^2 - 5/2*x*y*z - 5*x*z^2 - 1/2*x^2 - 9/2*y^2 - 10*y*z - 11/2*z^2 + x, x^2*y*z^2 + 5/71*x*y^3 + 3/71*x^3*z - 19/71*x*y^2*z + 1/71*x*y*z^2 - 46/71*x*z^3 - 27/71*x^2*y + 5/71*y^3 + 22/71*x^2*z - 19/71*y^2*z - 70/71*y*z^2 - 46/71*z^3 - 14/71*x*y + 32/71*x*z + 13/71*y + 13/71*z, x*y^2*z^2 + 19/14*x^2*y^2 + 277/84*x^2*y*z - 7/12*x^2*z^2 + y^2*z^2 - 55/84*x^3 - 95/84*x*y^2 - 59/84*x*y*z - 86/21*x*z^2 + 5/84*x^2 - 209/84*y^2 - 4*y*z - 295/84*z^2 + 12/7*x + 1, x^2*z^3 - 369/71*x*y^3 + 162/71*x^3*z - 316/71*x*y^2*z + 196/71*x*y*z^2 + 214/71*x*z^3 + 33/71*x^2*y - 369/71*y^3 + 407/71*x^2*z - 316/71*y^2*z + 196/71*y*z^2 + 143/71*z^3 + 380/71*x*y + 592/71*x*z + 347/71*y + 347/71*z, x*y*z^3 - 37/28*x^2*y^2 - 115/168*x^2*y*z - 11/24*x^2*z^2 + y*z^3 + 253/168*x^3 - 319/168*x*y^2 - 199/168*x*y*z + 34/21*x*z^2 + 649/168*x^2 - 97/168*y^2 - 1/2*y*z + 349/168*z^2 + 19/14*x - 1, x*z^4 + 649/56*x^2*y^2 + 6451/336*x^2*y*z + 59/48*x^2*z^2 + z^4 - 2029/336*x^3 + 1039/336*x*y^2 - 1865/336*x*y*z - 715/42*x*z^2 - 3481/336*x^2 - 2855/336*y^2 - 99/4*y*z - 6133/336*z^2 - 93/28*x + 1, x^4 - 5*x^2*y^2 - 10*x^2*y*z + x^2*z^2 + 4*x^3 - x*y^2 + x*y*z + 8*x*z^2 + 2*x^2 + 4*y^2 + 11*y*z + 7*z^2 - x, x^3*y + 179/71*x*y^3 - 63/71*x^3*z + 115/71*x*y^2*z - 92/71*x*y*z^2 - 28/71*x*z^3 + 70/71*x^2*y + 179/71*y^3 - 249/71*x^2*z + 115/71*y^2*z - 92/71*y*z^2 - 28/71*z^3 - 274/71*x*y - 459/71*x*z - 273/71*y - 273/71*z]"
15,aaaBAbbaaaBBAAb,2,2,"[x^2*y^3 - 3*x*y^3 + 15/7*x^3*z - 54/7*x*y^2*z - 30/7*x*y*z^2 - 4/7*x*z^3 - 15/7*x^2*y - 4*y^3 + 37/7*x^2*z - 54/7*y^2*z - 30/7*y*z^2 - 4/7*z^3 + 10/7*x*y + 47/7*x*z + 25/7*y + 25/7*z, x*y^4 + 7/6*x^2*y^2 + y^4 + 7/6*x^2*y*z - 1/6*x^2*z^2 - 5/6*x^3 - 4/3*x*y^2 + 1/6*x*y*z - 2/3*x*z^2 - 1/2*x^2 - 5/2*y^2 - y*z - 1/2*z^2 + 4/3*x + 1, x^2*y^2*z + 5*x*y^3 - 15/7*x^3*z + 68/7*x*y^2*z + 30/7*x*y*z^2 + 4/7*x*z^3 + 8/7*x^2*y + 5*y^3 - 44/7*x^2*z + 61/7*y^2*z + 30/7*y*z^2 + 4/7*z^3 - 24/7*x*y - 61/7*x*z - 32/7*y - 32/7*z, x*y^3*z + 1/6*x^2*y^2 + 1/2*x^2*y*z + y^3*z + 1/2*x^2*z^2 + 1/2*x^3 + 2/3*x*y^2 - 3/2*x*y*z - 1/6*x^2 + 1/2*y^2 - 2*y*z - 1/2*z^2 - 5/3*x - 1, x^3*z^2 - 7/2*x^2*y^2 - 11/2*x^2*y*z + 3/2*x^2*z^2 + 5/2*x^3 - 4*x*y^2 - 7/2*x*y*z + 3*x*z^2 + 7/2*x^2 - 1/2*y^2 + 2*y*z + 5/2*z^2 + x, x^2*y*z^2 - 4*x*y^3 + 5/7*x^3*z - 46/7*x*y^2*z - 17/7*x*y*z^2 - 6/7*x*z^3 - 5/7*x^2*y - 4*y^3 + 24/7*x^2*z - 46/7*y^2*z - 24/7*y*z^2 - 6/7*z^3 + 22/7*x*y + 46/7*x*z + 27/7*y + 27/7*z, x*y^2*z^2 - 19/12*x^2*y^2 - 29/12*x^2*y*z - 13/12*x^2*z^2 + y^2*z^2 - 5/12*x^3 - 5/6*x*y^2 + 13/12*x*y*z - 1/3*x*z^2 + 11/12*x^2 + 3/4*y^2 + 7/2*y*z + 3/4*z^2 + 7/3*x + 1, x^2*z^3 - 7*x*y^3 + 37/7*x^3*z - 108/7*x*y^2*z - 60/7*x*y*z^2 + 6/7*x*z^3 + 5/7*x^2*y - 7*y^3 + 81/7*x^2*z - 108/7*y^2*z - 60/7*y*z^2 - 1/7*z^3 + 20/7*x*y + 59/7*x*z + 15/7*y + 15/7*z, x*y*z^3 + 37/24*x^2*y^2 + 31/24*x^2*y*z + 23/24*x^2*z^2 + y*z^3 + 43/24*x^3 - 7/12*x*y^2 - 71/24*x*y*z + 5/6*x*z^2 - 3/8*x^2 - 17/8*y^2 - 17/4*y*z - 1/8*z^2 - 19/6*x - 1, x*z^4 - 145/48*x^2*y^2 - 1/16*x^2*y*z - 9/16*x^2*z^2 + z^4 - 45/16*x^3 - 41/24*x*y^2 + 25/16*x*y*z - 9/4*x*z^2 + 157/48*x^2 + 21/16*y^2 + 13/8*y*z - 27/16*z^2 + 85/12*x + 1, x^4 + 2*x^2*y^2 + 3*x^2*y*z - x^3 + 2*x*y^2 + x*y*z - 2*x*z^2 - 4*x^2 - 2*y*z - 2*z^2 - 2*x, x^3*y + 6*x*y^3 - 19/7*x^3*z + 81/7*x*y^2*z + 45/7*x*y*z^2 + 6/7*x*z^3 + 5/7*x^2*y + 6*y^3 - 59/7*x^2*z + 81/7*y^2*z + 45/7*y*z^2 + 6/7*z^3 - 36/7*x*y - 74/7*x*z - 34/7*y - 34/7*z]"
15,aaaBAbbAAABBAAb,2,2,"[x*y*z^3 + y*z^3 - 209/52*x*y^2 - 85/52*x*y*z + 95/26*x*z^2 - 251/52*x^2 - 209/52*y^2 - 85/52*y*z + 95/26*z^2 - 199/52*x + 1, x*z^4 + z^4 - 461/104*x*y^2 - 237/104*x*y*z + 245/52*x*z^2 - 583/104*x^2 - 461/104*y^2 - 237/104*y*z + 245/52*z^2 - 479/104*x + 1, x*y^3 - 13/11*x*y*z^2 + 2/11*x*z^3 + y^3 + 9/11*x^2*z - 13/11*y*z^2 + 2/11*z^3 - 16/11*x*y + 25/11*x*z - 16/11*y + 16/11*z, x*y^2*z + 7/11*x*y*z^2 - 18/11*x*z^3 + 18/11*x^2*z + y^2*z + 7/11*y*z^2 - 18/11*z^3 + 1/11*x*y + 17/11*x*z + 1/11*y - 1/11*z, x^2*z^2 - 2*x*y^2 - x*y*z + 4*x*z^2 - 3*x^2 - 2*y^2 - y*z + 3*z^2 - 3*x, x^3 + 2*x^2 + x, x^2*y - x^2*z + 2*x*y - 2*x*z + y - z]"
15,aaaBAAbbaaaBBAb,2,2,"[x^5 + 2*x^4 - 2*x^2*y*z + 2*x^2*z^2 - 2*x^3 + x*y^2 - 3*x*y*z + 2*x*z^2 - 5*x^2 + y^2 - y*z - 2*x, x*y^4 + 1/3*x^4 + y^4 - 13/3*x^2*y*z + 3*x^2*z^2 - 4/3*x*y^2 - 20/3*x*y*z + 14/3*x*z^2 + 2/3*x^2 - 4/3*y^2 - 7/3*y*z + 5/3*z^2 + 2*x + 1, x^4*z + x*y^3 + x*y^2*z - 2*x*y*z^2 - x^2*y + y^3 - x^2*z + y^2*z - 2*y*z^2 - 3*x*y + 2*x*z - 2*y + 2*z, x*y^3*z + 2/3*x^4 - 14/3*x^2*y*z + y^3*z + 10/3*x^2*z^2 + x*y^2 - 31/3*x*y*z + 6*x*z^2 + y^2 - 17/3*y*z + 8/3*z^2 + 5/3*x + 1, x^3*z^2 - 3*x^4 + 10*x^2*y*z - 8*x^2*z^2 - x^3 - 3*x*y^2 + 17*x*y*z - 13*x*z^2 + 4*x^2 - 3*y^2 + 7*y*z - 4*z^2 + 2*x, x^2*y*z^2 - x*y^3 - 1/3*x*y^2*z + 5/3*x*y*z^2 + 2/3*x*z^3 + 2*x^2*y - y^3 - 3*x^2*z - 1/3*y^2*z + 2/3*y*z^2 + 2/3*z^3 + 6*x*y - 7*x*z + 4*y - 4*z, x*y^2*z^2 + 1/2*x^4 - 6*x^2*y*z + 25/6*x^2*z^2 + y^2*z^2 + 5/6*x*y^2 - 11*x*y*z + 19/3*x*z^2 + 5/6*x^2 + 5/6*y^2 - 5*y*z + 13/6*z^2 + 7/3*x + 1, x^2*z^3 - x*y^3 - 1/3*x*y^2*z - 1/3*x*y*z^2 + 8/3*x*z^3 + 3*x^2*y - y^3 - 4*x^2*z - 1/3*y^2*z - 1/3*y*z^2 + 5/3*z^3 + 8*x*y - 9*x*z + 5*y - 5*z, x*y*z^3 + 13/12*x^4 - 22/3*x^2*y*z + 21/4*x^2*z^2 + y*z^3 + 23/12*x*y^2 - 79/6*x*y*z + 43/6*x*z^2 - 1/12*x^2 + 23/12*y^2 - 35/6*y*z + 23/12*z^2 + 2*x + 1, x*z^4 + 43/24*x^4 - 55/6*x^2*y*z + 161/24*x^2*z^2 + z^4 + 23/8*x*y^2 - 187/12*x*y*z + 33/4*x*z^2 - 9/8*x^2 + 23/8*y^2 - 77/12*y*z + 37/24*z^2 + 5/3*x + 1, x^3*y - x*y^3 - x^3*z + 3*x*y*z^2 - 2*x*z^3 - y^3 + 3*y*z^2 - 2*z^3 - 2*x*y + 2*x*z - y + z, x^2*y^2 - 2*x^2*y*z + x^2*z^2 + 2*x*y^2 - 4*x*y*z + 2*x*z^2 + y^2 - 2*y*z + z^2]"
15,aaaBAAbbAAABBAb,2,2,"[x*y*z^3 + y*z^3 + 235/104*x*y^2 + 405/104*x*y*z + 189/52*x*z^2 - 83/104*x^2 + 235/104*y^2 + 405/104*y*z + 189/52*z^2 - 187/104*x - 1, x*z^4 + z^4 - 1113/208*x*y^2 - 2239/208*x*y*z - 771/104*x*z^2 + 313/208*x^2 - 1113/208*y^2 - 2239/208*y*z - 771/104*z^2 + 521/208*x + 1, x*y^3 - 11/9*x*y*z^2 - 2/9*x*z^3 + y^3 + 2/9*x^2*z - 11/9*y*z^2 - 2/9*z^3 - 17/9*x*y - 5/3*x*z - 17/9*y - 17/9*z, x*y^2*z + 37/27*x*y*z^2 + 10/27*x*z^3 - 1/27*x^2*z + y^2*z + 37/27*y*z^2 + 10/27*z^3 + 22/27*x*y + 7/9*x*z + 22/27*y + 22/27*z, x^2*z^2 + 1/2*x*y^2 + 5/2*x*y*z + 3*x*z^2 - 3/2*x^2 + 1/2*y^2 + 5/2*y*z + 2*z^2 - 3/2*x, x^3 + 2*x^2 + x, x^2*y + x^2*z + 2*x*y + 2*x*z + y + z]"
15,aaaBBaaaBBaaaBB,2,2,"[x^4*y^4 - x^3*y^4 - x^3*y^3*z - 3*x^4*y^2 - 2*x^2*y^4 + x^2*y^3*z + 3*x^3*y^2 + 2*x*y^4 + 2*x^3*y*z + x*y^3*z + 2*x^4 + 7*x^2*y^2 - 2*x^2*y*z - y^3*z - 2*x^3 - 6*x*y^2 - 2*x*y*z - 6*x^2 - y^2 + 2*y*z + 4*x + 2, x^3*y^5 - x^2*y^4*z - 3*x^3*y^3 - 2*x*y^5 + 2*x^2*y^2*z + y^4*z + 2*x^3*y + 7*x*y^3 + y^3 - 2*y^2*z - 6*x*y - 2*y, x^4*y^3*z - 1/4*x^3*y^4 - 2*x^3*y^3*z - x^3*y^2*z^2 + 3/2*x^4*y^2 - x^4*y*z - 7/4*x^2*y^3*z + 2*x^2*y^2*z^2 - 5/4*x^3*y^2 + 1/2*x*y^4 + 1/2*x^3*y*z + 4*x*y^3*z + x*y^2*z^2 - 3/2*x^4 - 3*x^2*y^2 + 9/2*x^2*y*z - 1/4*y^3*z - 2*y^2*z^2 + 3/2*x^3 + 9/4*x*y^2 - 7/2*x*y*z + 9/2*x^2 - 1/4*y^2 - 7/2*y*z - 3*x - 3/2, x^3*y^4*z - 3/2*x^4*y^3 - 2*x^4*y^2*z - x^2*y^3*z^2 + 2*x^3*y^3 + 5/2*x^3*y^2*z - 2*x*y^4*z + 2*x^3*y*z^2 + 3/2*x^4*y + 3*x^2*y^3 + 2*x^4*z + 2*x^2*y^2*z - 2*x^2*y*z^2 + y^3*z^2 - 2*x^3*y - 4*x*y^3 - 2*x^3*z - 5/2*x*y^2*z - 2*x*y*z^2 - 9/2*x^2*y - 6*x^2*z + 3*y^2*z + 2*y*z^2 + 9/2*x*y + 4*x*z + 2*y + 2*z, x^4*y^2*z^2 - 5/16*x^3*y^4 - 1/4*x^3*y^3*z - x^3*y^2*z^2 - x^3*y*z^3 - 7/8*x^4*y^2 + 5/16*x^2*y^3*z - x^4*z^2 - 7/4*x^2*y^2*z^2 + x^2*y*z^3 + 19/16*x^3*y^2 + 5/8*x*y^4 + 9/8*x^3*y*z + 1/2*x*y^3*z + x^3*z^2 + 2*x*y^2*z^2 + x*y*z^3 + 7/8*x^4 + 7/4*x^2*y^2 - 7/8*x^2*y*z - 5/16*y^3*z + 3*x^2*z^2 - 1/4*y^2*z^2 - y*z^3 - 7/8*x^3 - 43/16*x*y^2 - 13/8*x*y*z - 2*x*z^2 - 21/8*x^2 - 5/16*y^2 + 5/8*y*z - z^2 + 7/4*x + 7/8, x^3*y^3*z^2 - 7/8*x^4*y^3 - 3/2*x^4*y^2*z - x^2*y^2*z^3 + 1/4*x^3*y^3 + 19/8*x^3*y^2*z + 1/2*x^3*y*z^2 - 2*x*y^3*z^2 + 7/8*x^4*y + 7/4*x^2*y^3 + 3/2*x^4*z + 11/4*x^2*y^2*z - 3/2*x^2*y*z^2 + y^2*z^3 - 1/4*x^3*y - 1/2*x*y^3 - 3/2*x^3*z - 31/8*x*y^2*z + 3/2*x*y*z^2 - 21/8*x^2*y - 9/2*x^2*z + 1/4*y^2*z + 5/2*y*z^2 - 1/8*x*y + 3*x*z + 1/4*y + 3/2*z, x^5*y^2 + 1/2*x^3*y^4 - 2*x^3*y^3*z + 2*x^4*y^2 - x^4*y*z - 1/2*x^2*y^3*z + 2*x^2*y^2*z^2 - x^5 - 11/2*x^3*y^2 - x*y^4 + 4*x*y^3*z - 2*x^4 - 4*x^2*y^2 + 4*x^2*y*z + 1/2*y^3*z - 2*y^2*z^2 + 6*x^3 + 15/2*x*y^2 - 4*x*y*z + 7*x^2 + 1/2*y^2 - 5*y*z - 7*x - 3]"
15,aabaabaabaabaab,2,2,"[x^2*z^5 - 2*x*y*z^4 + 1/4*x^3*z^2 - x^2*z^3 + y^2*z^3 + x*z^4 - 1/2*x^2*y*z + 2*x*y*z^2 - y*z^3 + 1/4*x*y^2 + 1/4*x^2*z - y^2*z - x*z^2 - z^3 - 1/4*x*y + y*z - 1/4*x + z, x^4*z^2 - 2*x^3*y*z + x^2*y^2 + x^3*z - 2*x^2*z^2 - x^2*y + 4*x*y*z - x^2 - 2*y^2 - 2*x*z + 2*y + 2, x^3*z^3 + 2*x^2*z^4 - 4*x*y*z^3 - 3*x*y^2*z + 2*y^2*z^2 + 2*x*z^3 + 2*y^3 + 3*x*y*z - 2*y*z^2 - 3*y^2 - 2*x*z - 2*z^2 - y + 1, x^2*y*z^2 - 2*x*y^2*z + y^3 + x*y*z - y^2 - y]"
15,aababaababaabab,2,2,"[x^3*z^2 - x^2*y*z - x^3 - 2*x*z^2 + x^2 + 2*y*z + 2*x - 2, x^2*y*z^2 - x*y^2*z - 1/2*x*y*z^2 - x*z^3 - x^2*y + 1/2*y^2*z + y*z^2 + 3/2*x*y + x*z - 1/2*y - z, x*y^2*z^2 - y^3*z - 2/7*x^2*z^2 - x*y^2 + 2/7*x*y*z - 8/7*x*z^2 + 2/7*x^2 + y^2 + 8/7*y*z + 6/7*x - 8/7, x^2*z^3 - 11/4*x*y*z^2 + 1/2*x*z^3 - x^2*z + 7/4*y^2*z - 1/2*y*z^2 + 7/4*x*y + 1/2*x*z - 7/4*y + 1/2*z, x*y*z^3 - x^2*z^2 - y^2*z^2 + x^2 + y*z - x, x*z^4 + 1/2*x^2*z^2 - y*z^3 - 1/2*x*y*z - 3*x*z^2 - 1/2*x^2 + 2*y*z + z^2 + 5/2*x - 2]"
15,aabaBaabaBaabaB,2,2,"[x^4*y*z - x^3*y^2 + 2*x^3*y*z - x^3*z^2 - 2*x^2*y^2 - 2*x^2*y*z - 2*x^2*z^2 + x^3 + 2*x*y^2 + 2*x*z^2 + 3*x^2 - 2, x^2*y*z^3 - 1/2*x^3*y*z - x*y^2*z^2 - x*z^4 + 1/2*x^2*y^2 + 1/2*x^2*z^2 + x*z^2 - 1/2*x^2 + z^2 - 1/2*x, x^2*y^2*z + 2*x^2*y*z^2 - x*y^3 - 2*x*y^2*z - x*y*z^2 - 2*x*z^3 + x*y + 2*x*z + y + 2*z]"
15,aabAbaabAbaabAb,2,2,"[x^3*y*z^3 - x^4*z^2 - 10/9*x^2*y^2*z^2 - 8/9*x^2*y*z^3 - x^2*z^4 - 2/9*x^3*y*z + 1/9*x*y^3*z + 8/9*x^3*z^2 + 8/9*x*y^2*z^2 + 10/9*x*y*z^3 + 8/9*x*z^4 + 1/3*x^4 + 1/3*x^2*y^2 + 1/3*x^2*y*z + 10/3*x^2*z^2 - 1/9*y^2*z^2 - 8/9*y*z^3 - 1/3*x^3 - 1/3*x*y^2 - 2/3*x*y*z - 2*x*z^2 - x^2 + 2/9*y*z - 8/9*z^2 + 2/3*x + 1/3, x^2*y^2*z^3 - x^2*y*z^4 - 17/14*x^3*y*z^2 - x*y^3*z^2 + x^3*z^3 + x*y^2*z^3 - x*y*z^4 + x*z^5 + 3/14*x^4*z + 3/7*x^2*y*z^2 + 3/14*x^2*z^3 + y^2*z^3 - y*z^4 + 3/14*x^3*y + 3/14*x*y^3 - 3/7*x^3*z - 3/7*x*y^2*z + 3*x*y*z^2 - 24/7*x*z^3 - 9/14*x^2*z - 3/14*y^2*z + 10/7*y*z^2 - z^3 - 9/14*x*y + 15/14*x*z - 3/14*y + 3/7*z, x^4*y*z + 14/9*x^2*y^2*z^2 - 14/9*x^2*y*z^3 - x^5 - x^3*y^2 - 17/9*x^3*y*z - 14/9*x*y^3*z + 5/9*x^3*z^2 + 14/9*x*y^2*z^2 - 14/9*x*y*z^3 + 14/9*x*z^4 + 1/3*x^4 + 1/3*x^2*y^2 + 1/3*x^2*y*z + 1/3*x^2*z^2 + 14/9*y^2*z^2 - 14/9*y*z^3 + 11/3*x^3 + 2/3*x*y^2 + 13/3*x*y*z - 4*x*z^2 + 8/9*y*z - 14/9*z^2 - 7/3*x - 2/3, x^3*y^2*z + 2*x^3*y*z^2 - x^4*y - x^2*y^3 - 2*x^4*z - 3*x^2*y^2*z - 3*x^2*y*z^2 - 2*x^2*z^3 + x^3*y + x*y^3 + 2*x^3*z + 3*x*y^2*z + 3*x*y*z^2 + 2*x*z^3 + 3*x^2*y + 6*x^2*z - y^2*z - 2*y*z^2 - 2*x*y - 4*x*z - y - 2*z, x^2*y^3*z + x^2*y^2*z^2 - 2*x^2*y*z^3 - x^3*y^2 - x*y^4 - x^3*y*z - x*y^3*z + 2*x^3*z^2 + x*y^2*z^2 - x*y*z^3 + 2*x*z^4 + y^3*z + y^2*z^2 - 2*y*z^3 + 3*x*y^2 + 3*x*y*z - 6*x*z^2 + y^2 + y*z - 2*z^2]"
15,aabABaabABaabAB,2,2,"[x^4*y*z - x^5 - x^3*y^2 + 2*x^3*y*z - x^3*z^2 - 2*x^4 - 2*x^2*y^2 - 2*x^2*y*z - 2*x^2*z^2 + 5*x^3 + 2*x*y^2 + 2*x*z^2 + 5*x^2 - 8*x + 2, x^2*y*z^3 + 5/2*x^3*y*z - x^3*z^2 - x*y^2*z^2 - x*z^4 - 5/2*x^4 - 5/2*x^2*y^2 - 2*x^2*y*z - 5/2*x^2*z^2 + 2*x^3 + 2*x*y^2 + 5*x*z^2 + 15/2*x^2 - z^2 - 17/2*x + 2, x^2*y^2*z + 2*x^2*y*z^2 - x^3*y - x*y^3 - 2*x^3*z - 2*x*y^2*z - x*y*z^2 - 2*x*z^3 + 3*x*y + 6*x*z - y - 2*z]"
15,aaBaaBaaBaaBaaB,2,2,"[x^4*y^2*z^3 - 2*x^3*y*z^4 - 1/4*x^5*y^2 - x^4*y^2*z - 2*x^2*y^2*z^3 + x^2*z^5 + 1/2*x^4*y*z + 2*x^3*y*z^2 + x^2*y*z^3 + 2*x*y*z^4 + 1/2*x^3*y^2 + 2*x^2*y^2*z - 1/4*x^3*z^2 - x^2*z^3 + y^2*z^3 - x*z^4 - 1/4*x^3*y - 3/2*x^2*y*z - 2*x*y*z^2 - y*z^3 - 1/4*x*y^2 + 1/4*x^2*z - y^2*z + x*z^2 - z^3 + 1/4*x*y + y*z + 1/4*x + z, x^6*y^2 - 2*x^5*y*z - 4*x^4*y^2 + x^4*z^2 + x^4*y + 6*x^3*y*z + 5*x^2*y^2 - x^3*z - 2*x^2*z^2 - 3*x^2*y - 4*x*y*z - x^2 - 2*y^2 + 2*x*z + 2*y + 2, x^5*y^2*z - 2*x^4*y^2*z^2 - 2*x^4*y*z^2 + 4*x^3*y*z^3 + x^4*y^2 - 2*x^3*y^2*z + 4*x^2*y^2*z^2 + x^3*z^3 - 2*x^2*z^4 - x^3*y*z - 4*x*y*z^3 - 2*x^2*y^2 + x*y^2*z - 2*y^2*z^2 + 2*x*z^3 + x^2*y + x*y*z + 2*y*z^2 + y^2 - 2*x*z + 2*z^2 - y - 1, x^4*y^3 - 2*x^3*y^2*z - 2*x^2*y^3 + x^2*y*z^2 + x^2*y^2 + 2*x*y^2*z + y^3 - x*y*z - y^2 - y]"
15,aaBabaaBabaaBab,2,2,"[x^4*y*z - x^3*y^2 + 2*x^3*y*z - x^3*z^2 - 2*x^2*y^2 - 2*x^2*y*z - 2*x^2*z^2 + x^3 + 2*x*y^2 + 2*x*z^2 + 3*x^2 - 2, x^3*y^2*z - x^2*y^3 + 1/2*x^2*y^2*z - 2*x^2*y*z^2 - 1/2*x*y^3 + x*y^2*z - 1/2*x*y*z^2 + x*z^3 + x^2*y + 3/2*x*y - x*z + 1/2*y - z, x^2*y^3*z - x*y^4 - 2*x^3*y*z - x*y^2*z^2 + 2*x^2*y^2 + 2*x^2*z^2 + x*y^2 - 2*x^2 + y^2 - 2*x, x^3*y*z^2 - 15/4*x^2*y^2*z + 3/2*x^2*y*z^2 - x^2*z^3 + 11/4*x*y^3 - 3/2*x*y^2*z + 11/4*x*y*z^2 - 3/2*x*z^3 + x^2*z - 11/4*x*y + 5/2*x*z - 11/4*y + 3/2*z, x^2*y^2*z^2 + 3*x^3*y*z - x*y^3*z - x*y*z^3 - 3*x^2*y^2 - 4*x^2*y*z - 3*x^2*z^2 + 4*x*y^2 + x*y*z + 4*x*z^2 + 3*x^2 + y*z - x - 4, x^2*y*z^3 - 17/2*x^3*y*z - x*y^2*z^2 - x*z^4 + 17/2*x^2*y^2 + 4*x^2*y*z + 17/2*x^2*z^2 - 4*x*y^2 - 3*x*z^2 - 17/2*x^2 + z^2 - 9/2*x + 4]"
15,aaBaBaaBaBaaBaB,2,2,"[x^5*y^2 - 2*x^4*y*z - 3*x^3*y^2 + x^3*z^2 + 5*x^2*y*z - x^3 + 2*x*y^2 - 2*x*z^2 + x^2 - 2*y*z + 2*x - 2, x^3*y^2*z^2 - 1/14*x^4*y^2 - 2*x^2*y*z^3 - 2/7*x^3*y^2 + 1/7*x^3*y*z - x*y^2*z^2 + x*z^4 + 1/14*x^2*y^2 + 4/7*x^2*y*z - 1/14*x^2*z^2 + y*z^3 + 2/7*x*y^2 - 1/14*x*y*z - 9/7*x*z^2 + 1/14*x^2 - 2/7*y*z + z^2 + 3/14*x - 2/7, x^3*y^3 - 2*x^3*y^2*z - 2*x^2*y^2*z + 4*x^2*y*z^2 - x*y^3 + 2*x*y^2*z + x*y*z^2 - 2*x*z^3 + y^2*z - 2*y*z^2 - x*y + 2*x*z + y - 2*z]"
15,aaBAbaaBAbaaBAb,2,2,"[x^4*y*z - x^5 - x^3*y^2 + 2*x^3*y*z - x^3*z^2 - 2*x^4 - 2*x^2*y^2 - 2*x^2*y*z - 2*x^2*z^2 + 5*x^3 + 2*x*y^2 + 2*x*z^2 + 5*x^2 - 8*x + 2, x^3*y^2*z - x^4*y - x^2*y^3 + 1/2*x^2*y^2*z - 2*x^2*y*z^2 - 1/2*x^3*y - 1/2*x*y^3 + x^3*z + x*y^2*z - 1/2*x*y*z^2 + x*z^3 + 3*x^2*y + 1/2*x*y - 3*x*z - 1/2*y + z, x^2*y^3*z - x^3*y^2 - x*y^4 + 10*x^3*y*z - x*y^2*z^2 - 10*x^4 - 10*x^2*y^2 - 8*x^2*y*z - 10*x^2*z^2 + 8*x^3 + 11*x*y^2 + 8*x*z^2 + 30*x^2 - y^2 - 34*x + 8, x^3*y*z^2 - x^4*z - 15/4*x^2*y^2*z + 3/2*x^2*y*z^2 - x^2*z^3 + 11/4*x^3*y + 11/4*x*y^3 - 3/2*x^3*z - 3/2*x*y^2*z + 11/4*x*y*z^2 - 3/2*x*z^3 + 3*x^2*z - 33/4*x*y + 7/2*x*z + 11/4*y - 3/2*z, x^2*y^2*z^2 - 24*x^3*y*z - x*y^3*z - x*y*z^3 + 23*x^4 + 23*x^2*y^2 + 16*x^2*y*z + 23*x^2*z^2 - 16*x^3 - 16*x*y^2 + 3*x*y*z - 16*x*z^2 - 69*x^2 - y*z + 71*x - 16, x^2*y*z^3 + 101/2*x^3*y*z - x^3*z^2 - x*y^2*z^2 - x*z^4 - 101/2*x^4 - 101/2*x^2*y^2 - 38*x^2*y*z - 101/2*x^2*z^2 + 38*x^3 + 38*x*y^2 + 41*x*z^2 + 303/2*x^2 - z^2 - 329/2*x + 38]"
15,aaBABaaBABaaBAB,2,2,"[x^3*y*z^3 - x^4*z^2 - 6/5*x^2*y*z^3 - x^2*z^4 - 7/5*x^3*y*z + 6/5*x^3*z^2 - x*y*z^3 + 6/5*x*z^4 + 7/5*x^4 + 7/5*x^2*y*z + 22/5*x^2*z^2 + 6/5*y*z^3 - 7/5*x^3 + 7/5*x*y*z - 4*x*z^2 - 21/5*x^2 - 7/5*y*z - 6/5*z^2 + 14/5*x + 7/5, x^2*y*z^4 - 1/2*x^3*y*z^2 - x^3*z^3 - x*z^5 + 1/2*x^4*z - 2*x^2*y*z^2 + 1/2*x^2*z^3 - y*z^4 + 2*x^3*z + 1/2*x*y*z^2 + 5*x*z^3 - 3/2*x^2*z + 2*y*z^2 + z^3 - 13/2*x*z - 2*z, x^4*y*z - 2/5*x^2*y*z^3 - x^5 + 1/5*x^3*y*z - 3/5*x^3*z^2 + 2/5*x*z^4 - 1/5*x^4 - 11/5*x^2*y*z - 1/5*x^2*z^2 + 2/5*y*z^3 + 21/5*x^3 - 1/5*x*y*z + 8/5*x^2 + 6/5*y*z - 2/5*z^2 - 17/5*x - 6/5, x^3*y^2*z + 6/7*x^3*y*z^2 - x^4*y - 6/7*x^4*z - x^2*y^2*z - 17/7*x^2*y*z^2 - 6/7*x^2*z^3 + x^3*y + 10/7*x^3*z - x*y^2*z + 1/7*x*y*z^2 + 10/7*x*z^3 + 3*x^2*y + 18/7*x^2*z + y^2*z + 10/7*y*z^2 - 2*x*y - 24/7*x*z - y - 10/7*z, x^2*y^2*z^2 - 2/5*x^2*y*z^3 - 9/5*x^3*y*z + 2/5*x^3*z^2 - x*y*z^3 + 2/5*x*z^4 + 4/5*x^4 + 4/5*x^2*y*z + 4/5*x^2*z^2 - y^2*z^2 + 2/5*y*z^3 - 4/5*x^3 + 19/5*x*y*z - 2*x*z^2 - 12/5*x^2 + 1/5*y*z - 2/5*z^2 + 8/5*x + 4/5]"
